published_at,date,text,domain
2021-01-15 23:30:00+00:00,2021-01-15,GameStop Stock Doubled Last Week But Challenges Remain,barrons.com
2021-01-15 23:45:00+00:00,2021-01-15,GameStop Stock Doubled Last Week . The Challenges Havent Changed .,marketwatch.com
2021-01-19 19:45:00+00:00,2021-01-19,GME stock faces the mother of all short squeeze as Citron jumps in to save the shorts . – Idaho Reporter,idahoreporter.com
2021-01-21 20:45:00+00:00,2021-01-21,"Gamestop Corporation ( NYSE : GME ), Best Buy Co ., Inc . ( NYSE : BBY ) - Citron Andrew Left Says GameStop Is Pretty Much In Terminal Decline",benzinga.com
2021-01-22 21:00:00+00:00,2021-01-22,Short Squeeze Sends GameStop Shares to 2007 Levels . What Happens Next .,marketwatch.com
2021-01-22 21:30:00+00:00,2021-01-22,"Gamestop Corporation ( NYSE : GME ), Bed Bath & Beyond Inc . ( NASDAQ : BBBY ) - GameStop Power Surge : Will WallStreetBets Or The Short Sellers Come Out On Top ?",benzinga.com
2021-01-22 22:15:00+00:00,2021-01-22,GameStop stock halts trading after Reddit drama,theverge.com
2021-01-22 22:15:00+00:00,2021-01-22,"Retail Bagholders Prop Up GameStop , Stock Soars Almost 70 %",swfinstitute.org
2021-01-22 23:15:00+00:00,2021-01-22,GameStop stock hits record high after short sellers clash with Redditors,msn.com
2021-01-22 23:30:00+00:00,2021-01-22,GameStop Stock Surges to Record Highs As Investors Battle Redditors,ign.com
2021-01-22 23:45:00+00:00,2021-01-22,GameStop Shares Soar By 70 % As Short Seller Account Hacked & Children Harassed,wccftech.com
2021-01-23 01:30:00+00:00,2021-01-23,GameStop stock hits record high when short sellers clash with Redditors,polygon.com
2021-01-23 06:15:00+00:00,2021-01-23,Angry Reddit Mob and Shortsellers Clash Over Gamestop Ridiculous Stock Market Jump,gizmodo.com.au
2021-01-23 17:00:00+00:00,2021-01-23,GameStop shares have exploded this January but the current price does not represent a good value for long - term investors,invezz.com
2021-01-24 18:00:00+00:00,2021-01-24,GameStop stock hits record high as Reddit group causes mayhem,techspot.com
2021-01-25 11:00:00+00:00,2021-01-25,"Gamestop Corporation ( NYSE : GME ), ( CHWY ) - GameStop Confounding Rally Leads To One Of Its Largest Investors Turning Neutral",benzinga.com
2021-01-25 13:15:00+00:00,2021-01-25,Here What Going On With GameStop Stock,gamespot.com
2021-01-25 17:30:00+00:00,2021-01-25,GME Stock : 11 Things to Know About the Wild GameStop Drama on Reddit WallStreetBets ( WSB ),investorplace.com
2021-01-25 18:15:00+00:00,2021-01-25,GameStop Stock Price | How did Reddit WallStreetBets increase it ?,gamerevolution.com
2021-01-25 18:30:00+00:00,2021-01-25,"Reddit rocket - ship stock picks BlackBerry , GameStop lift off again",bnnbloomberg.ca
2021-01-25 18:45:00+00:00,2021-01-25,GameStop extends wild ride on Wall Street,news.yahoo.com
2021-01-25 18:45:00+00:00,2021-01-25,GameStop Short - Sellers Reload Bearish Bets After $6 Billion Loss,news.yahoo.com
2021-01-25 19:00:00+00:00,2021-01-25,GameStop short - sellers reload bearish bets after US$6B loss,bnnbloomberg.ca
2021-01-25 19:00:00+00:00,2021-01-25,Reddit moderator slams Wall Street fat cat as GameStop surge continues They hate that you played by the rules and still won,marketwatch.com
2021-01-25 19:00:00+00:00,2021-01-25,Why Shares of Bed Bath & Beyond Are Soaring Today,fool.com
2021-01-25 19:15:00+00:00,2021-01-25,GameStop Stock Sets Record and Returns to Earth,marketwatch.com
2021-01-25 19:30:00+00:00,2021-01-25,"Reddit stock traders pump up GameStop , Blackberry stock",latimes.com
2021-01-25 19:45:00+00:00,2021-01-25,I love you guy : Redditor betting on GameStop used profits to pay off student loans,msn.com
2021-01-25 20:15:00+00:00,2021-01-25,Monday Reversal Hurts New GameStop Investors,marketwatch.com
2021-01-25 20:15:00+00:00,2021-01-25,Gamestop ( GME ) Stock reaches high point of over $150 per share following heavy trading,shacknews.com
2021-01-25 20:30:00+00:00,2021-01-25,"Bed Bath & Beyond Inc . ( NASDAQ : BBBY ), Gamestop Corporation ( NYSE : GME ) - Unusually Large Bed , Bath & Beyond Option Traders Bet Big On More Upside",benzinga.com
2021-01-25 21:15:00+00:00,2021-01-25,Gamestop Corporation ( NYSE : GME ) - Market Pros On GameStop : Wall Street Shouldnt Be Proud,benzinga.com
2021-01-25 22:00:00+00:00,2021-01-25,GameStop Extends Wild Ride On Wall Street,ibtimes.com
2021-01-25 22:15:00+00:00,2021-01-25,"The GameStop Rollercoaster Continues - Investors Lost $1 . 6bn in One Day , Worse to Come ?",wccftech.com
2021-01-25 22:45:00+00:00,2021-01-25,"Reddit rocket - ship stock picks BlackBerry , GameStop blast off",bnnbloomberg.ca
2021-01-25 23:30:00+00:00,2021-01-25,Gamestop Corporation ( NYSE : GME ) - Davey Day Trader Take On GameStop Madness ? Adapt Or Die,benzinga.com
2021-01-26 00:15:00+00:00,2021-01-26,Reddit rocket - ship stock picks like BlackBerry soar again,afr.com
2021-01-26 00:30:00+00:00,2021-01-26,GameStop and BlackBerry shares soar on amateur trader fervour,readymadeinvest.com
2021-01-26 02:30:00+00:00,2021-01-26,Should You Take Stock Tips from Internet Gamblers ? This Group Latest Pick Soared 50 % ( Almost ) Overnight,gobankingrates.com
2021-01-26 02:30:00+00:00,2021-01-26,"BlackBerry ( NASDAQ : BB ), Gamestop Corporation ( NYSE : GME ) - BlackBerry Tells Regulator It Has No Clue Why The Stock Is Surging",benzinga.com
2021-01-26 02:30:00+00:00,2021-01-26,GameStop Investors Share Why They Went Big on the GME Stock Squeeze,ign.com
2021-01-26 04:00:00+00:00,2021-01-26,"Buried in Reddit , the Seeds of Melvin Capital Crisis",institutionalinvestor.com
2021-01-26 04:30:00+00:00,2021-01-26,"Nokia Corporation ( NYSE : NOK ), BlackBerry ( NASDAQ : BB ) - Why Nokia Stock Spiked 23 % Today",benzinga.com
2021-01-26 05:45:00+00:00,2021-01-26,Is GameStop stock being manipulated by social - media users or is it free speech ? Legal experts weigh in,marketwatch.com
2021-01-26 08:15:00+00:00,2021-01-26,Gamestop : Power to the Market Players ( Part 2 ),nope-its-lily.medium.com
2021-01-26 13:45:00+00:00,2021-01-26,"After Sky Rocketing , GameStop Short Squeeze Saga Continues , But It Less Unusual Than You Might Think",forbes.com
2021-01-26 14:30:00+00:00,2021-01-26,"GameStop shares are jumping again , but short sellers arent backing down",msn.com
2021-01-26 15:15:00+00:00,2021-01-26,GameStop Gargantuan Gamma Squeeze | The Motley Fool,fool.com
2021-01-26 17:30:00+00:00,2021-01-26,KOSS Stock : How Reddit Has Koss Corporation Shares Rocketing Higher,investorplace.com
2021-01-26 18:30:00+00:00,2021-01-26,Clash Between Short - sellers as Reddit WallStreetBets Pump GameStop ( GME ) Stock to New ATH,coinspeaker.com
2021-01-26 18:45:00+00:00,2021-01-26,Billionaire investor Chamath Palihapitiya follows Reddit investors into GameStop with purchase of bullish options that start paying out if the stock soars another 28 %,businessinsider.in
2021-01-26 19:15:00+00:00,2021-01-26,GameStop stock : How WallStreetBets massively drove up GME to stick it to Wall Street .,slate.com
2021-01-26 19:30:00+00:00,2021-01-26,"GameStop jumps another 50 % above $100 , but short sellers arent backing down",msn.com
2021-01-26 19:30:00+00:00,2021-01-26,Another GameStop ? Here Are the Next 10 Most Shorted Small - Caps .,marketwatch.com
2021-01-26 20:15:00+00:00,2021-01-26,GameStop Squeeze Is Crazy but Normal,thestreet.com
2021-01-26 20:45:00+00:00,2021-01-26,"GameStop jumps another 80 % above $130 , but short sellers arent backing down",msn.com
2021-01-26 21:00:00+00:00,2021-01-26,"Here why Bed Bath & Beyond , AMC , and GameStop stocks are rocking the stock market",invezz.com
2021-01-26 21:15:00+00:00,2021-01-26,"GameStop jumps another 90 % above $140 , but short sellers arent backing down",msn.com
2021-01-26 22:00:00+00:00,2021-01-26,Why Bed Bath & Beyond Stock Popped Again Today,fool.com
2021-01-26 22:15:00+00:00,2021-01-26,"Wall Street Close : Major bourses subdued ahead of FOMC , GME short squeeze continues",fxstreet.com
2021-01-26 23:15:00+00:00,2021-01-26,GameStop short - sellers have lost $5 billion this year as Reddit day - trader army squeezed their bearish bets,businessinsider.in
2021-01-27 00:00:00+00:00,2021-01-27,A Reddit user explains why he invested in GameStop .,slate.com
2021-01-27 00:45:00+00:00,2021-01-27,"Big Short Investor Who Once Touted GameStop Calls Rally Unnatural , Insane , and Dangerous",marketwatch.com
2021-01-27 00:45:00+00:00,2021-01-27,GameStop extends Reddit driven hyper - rally after Musk tweet,reuters.com
2021-01-27 00:45:00+00:00,2021-01-27,"GameStop Trading Could Be Systemically Wrong , State Regulator Says",marketwatch.com
2021-01-27 01:00:00+00:00,2021-01-27,"Gamestop Corporation ( NYSE : GME ), BlackBerry ( NASDAQ : BB ) - How Retail Option Traders Are Supercharging The Short Squeeze In GameStop And Other Potential Bubble Stocks",benzinga.com
2021-01-27 01:30:00+00:00,2021-01-27,Is This The Next Big Hedge Fund To Blow Up ... And What Happens Next,zerohedge.com
2021-01-27 01:30:00+00:00,2021-01-27,"The GameStop Fiasco Proves Were in a Meme Stock Bubble | by James Surowiecki | Jan , 2021",marker.medium.com
2021-01-27 02:00:00+00:00,2021-01-27,"How Redditors Crushed Short Sellers , Gamed Wall St And Spiked GameStop Shares Over 300 %",hothardware.com
2021-01-27 03:00:00+00:00,2021-01-27,"The Hedge Fund Genius Who Started GameStop 4 , 800 % Rally Now Calls It Unnatural , Insane , And Dangerous",forbes.com
2021-01-27 03:15:00+00:00,2021-01-27,"Big Short investor Michael Burry blasts Reddit - fueled GameStop rally as unnatural , insane , and dangerous",businessinsider.in
2021-01-27 03:45:00+00:00,2021-01-27,"( AMC ), BlackBerry ( NASDAQ : BB ) - Why AMC Shares Spiked 78 % Today",benzinga.com
2021-01-27 04:00:00+00:00,2021-01-27,How a Reddit group brought a billion dollar hedge fund to its knees,economictimes.indiatimes.com
2021-01-27 04:00:00+00:00,2021-01-27,"Semantic Density , Algos & Gamestop : This Time It Different",etftrends.com
2021-01-27 05:00:00+00:00,2021-01-27,GameStop Extends Reddit Driven Hyper - rally After Musk Tweet,moneycontrol.com
2021-01-27 05:45:00+00:00,2021-01-27,Why GameStop and Blackberry Stocks are Suddenly Popping Off,gizmodo.com.au
2021-01-27 06:15:00+00:00,2021-01-27,Short Squeeze,benzinga.com
2021-01-27 06:30:00+00:00,2021-01-27,GameStop Stock Up 60 % After Elon Musk Posted This Tweet,ibtimes.com
2021-01-27 06:45:00+00:00,2021-01-27,GameStop market value soars past $13 billion after Elon Musk tweet,straitstimes.com
2021-01-27 06:45:00+00:00,2021-01-27,Elon Musk tweet helps fuel massive surge in GameStop shares,dailymail.co.uk
2021-01-27 10:15:00+00:00,2021-01-27,GameStop Rides Elon Musk Tweet to See 50 Percent Surge in Extended Trade,gadgets.ndtv.com
2021-01-27 10:30:00+00:00,2021-01-27,"Gamestop Corporation ( NYSE : GME ), ( AMC ) - GME , AMC Skyrocket Pre - Market As r / WallStreetBets Interest Remains Sky - High",benzinga.com
2021-01-27 10:45:00+00:00,2021-01-27,How GameStop found itself at the center of a groundbreaking battle between Wall Street and small investors,msn.com
2021-01-27 11:45:00+00:00,2021-01-27,"Elon Musk Tweets About GameStop and Etsy , Their Stocks Surge",newsweek.com
2021-01-27 12:00:00+00:00,2021-01-27,Should I buy GameStop ( GME Stock ) right now ? Update : Melvin Capital closes out,fxstreet.com
2021-01-27 12:00:00+00:00,2021-01-27,Wall Street Bets News | Live Feed & Top Stories,newsnow.co.uk
2021-01-27 12:30:00+00:00,2021-01-27,Something strange is happening on Wall Street,global.markets.com
2021-01-27 12:30:00+00:00,2021-01-27,GameStop update - Melvin Capital out,global.markets.com
2021-01-27 12:45:00+00:00,2021-01-27,"Gamestop Insanity : Stock Hits $365 , Then Dips After Shorts Melvin , Citron Capitulate",zerohedge.com
2021-01-27 13:00:00+00:00,2021-01-27,"Here is how GME stock could soon be worth $27 , 000",idahoreporter.com
2021-01-27 13:15:00+00:00,2021-01-27,Short sellers squeezed as more retail investors pile into GameStop Corp rally,proactiveinvestors.co.uk
2021-01-27 13:30:00+00:00,2021-01-27,"U . S . stock futures move lower as investors focus on tech earnings , await Fed",marketwatch.com
2021-01-27 13:30:00+00:00,2021-01-27,3 Lessons From GameStop Meteoric Rise,fool.com
2021-01-27 13:45:00+00:00,2021-01-27,GameStop Shares Coast to New ATH as Stock Bulls Outnumber Short - Sellers,coinspeaker.com
2021-01-27 13:45:00+00:00,2021-01-27,Forget GameStop : Buy This Value Stock Instead,fool.com
2021-01-27 14:45:00+00:00,2021-01-27,Gamestop ( GME ): Why is it moving everything else ?,fxstreet.com
2021-01-27 14:45:00+00:00,2021-01-27,"Here Why Microsoft , Plug Power And AMC Are Moving",benzinga.com
2021-01-27 14:45:00+00:00,2021-01-27,"Gamestop Corporation ( NYSE : GME ), Best Buy Co ., Inc . ( NYSE : BBY ) - Melvin Capital , Citron Throw In Towel And Cover GameStop Short",benzinga.com
2021-01-27 14:45:00+00:00,2021-01-27,How to Bet on Retail Stocks When the Sector Has Gone Mad,marketwatch.com
2021-01-27 15:00:00+00:00,2021-01-27,GameStop inspired ? Some of Europe most heavily shorted stocks are soaring,morningstar.com
2021-01-27 15:00:00+00:00,2021-01-27,Even Reddit is beginning to discuss the endgame for the wild GameStop ride,msn.com
2021-01-27 15:15:00+00:00,2021-01-27,Links 1 / 27 / 2021 | naked capitalism,nakedcapitalism.com
2021-01-27 15:15:00+00:00,2021-01-27,The Reddit GameStop Boom Proves Were in a Meme Stock Bubble,marker.medium.com
2021-01-27 15:45:00+00:00,2021-01-27,"Opinion : Stop laughing about GameStop stock mania no , really",marketwatch.com
2021-01-27 16:00:00+00:00,2021-01-27,AMC stock price soars as Reddit investors encourage trading,theverge.com
2021-01-27 16:00:00+00:00,2021-01-27,Reddit hammers hedge fund Melvin Capital with GameStop play,chicagotribune.com
2021-01-27 16:00:00+00:00,2021-01-27,"AMC Entertainment Holdings ( AMC ), Bed Bath & Beyond ( BBBY ), National Beverage ( FIZZ ), Gilead Sciences ( GILD ), Gamestop Corp . ( GME ), Gogo , Inc . ( GOGO ), iRobot Corporation ( IRBT ), Ligand Pharmaceuticals Incorporated ( LGND ), Tanger Fa...",benzinga.com
2021-01-27 16:00:00+00:00,2021-01-27,Futures Tumble Ahead Of The Fed Amid Growing Hedge Fund Forced Liquidation Fears,zerohedge.com
2021-01-27 16:30:00+00:00,2021-01-27,"GameStopCorp , YOLO trades and wallstreetbets : How trading and trolling wreaked havoc on Wall Street",proactiveinvestors.co.uk
2021-01-27 16:30:00+00:00,2021-01-27,"GameStop Stock : In Battle Between Hedge Funds And Reddit Day Traders , Melvin Capital Closes Its Short",forbes.com
2021-01-27 16:30:00+00:00,2021-01-27,GameStop Corp short sellers squeezed as more retail investors pile in,proactiveinvestors.co.uk
2021-01-27 16:45:00+00:00,2021-01-27,"Crazy Town : GameStop Rockets Higher , Pundits Blame Reddit , Short Sellers Close Out",crowdfundinsider.com
2021-01-27 17:00:00+00:00,2021-01-27,"GameStop is currently worth more than American Airlines , thanks to Reddit , day traders , and Elon Musk",theweek.com
2021-01-27 17:00:00+00:00,2021-01-27,The Gamestop rip crystalizes a new era in the stock market . Six lessons,forexlive.com
2021-01-27 17:15:00+00:00,2021-01-27,Wall Street on the back foot as investors await tech earnings ; GameStop surge grabs attention,proactiveinvestors.com
2021-01-27 17:30:00+00:00,2021-01-27,"AMC Entertainment Stock Surges , Fueled By Traders on Reddit",hollywoodreporter.com
2021-01-27 17:30:00+00:00,2021-01-27,GameStop ( GME ) Casualty Melvin Capital Top 10 Stock Holdings,insidermonkey.com
2021-01-27 17:30:00+00:00,2021-01-27,Reddit bludgeons hedge fund Melvin Capital and puts Wall Street kingpins on notice,dailypress.com
2021-01-27 17:45:00+00:00,2021-01-27,BBBY Stock : 6 Things to Know About Bed Bath and Beyond Right Now,investorplace.com
2021-01-27 17:45:00+00:00,2021-01-27,AMC Stock : The Next Reddit WallStreetBets Stock of the Day ?,investorplace.com
2021-01-27 17:45:00+00:00,2021-01-27,Stock Market Live Updates Wednesday : The Reddit Fire Keeps Burning,investorplace.com
2021-01-27 17:45:00+00:00,2021-01-27,BlackBerry ( TSX : BB ): The Great Canadian Meme Stock,fool.ca
2021-01-27 17:45:00+00:00,2021-01-27,"GME Stock : Redditors Bet on $5 , 000 GameStop Target as Musk Dives In",investorplace.com
2021-01-27 17:45:00+00:00,2021-01-27,"Gamestop Corporation ( NYSE : GME ), ( AMC ) - The Little Guy Won : PreMarket Prep Breaks Down The Retail Squeeze , Shorts Running Scared And More",benzinga.com
2021-01-27 18:15:00+00:00,2021-01-27,"GameStop , AMC trading is now being restricted at TD Ameritrade",marketwatch.com
2021-01-27 18:15:00+00:00,2021-01-27,Robinhood Not Working | App down after GameStop stock increase,gamerevolution.com
2021-01-27 18:45:00+00:00,2021-01-27,Do you need a tissue ? NASDAQ CEO responds to the Reddit - GameStop trading boom,twitchy.com
2021-01-27 19:00:00+00:00,2021-01-27,"GameStop , AMC trading is now being restricted at TD Ameritrade , Schwab",msn.com
2021-01-27 19:45:00+00:00,2021-01-27,How a Reddit group blew up GameStop stock,cnn.com
2021-01-27 19:45:00+00:00,2021-01-27,GameStop : How day trader Reddit bros burned a Wall Street pro,aljazeera.com
2021-01-27 20:00:00+00:00,2021-01-27,What Are the Next Five Meme Stocks After GameStop ? | Chief Investment Officer,ai-cio.com
2021-01-27 20:00:00+00:00,2021-01-27,GameStop Mania Reveals Power Shift on Wall Street --- and the Pros Are Reeling,msn.com
2021-01-27 20:15:00+00:00,2021-01-27,The GameStop Saga Shows How Casino Capitalism Is Eating the World,newrepublic.com
2021-01-27 20:15:00+00:00,2021-01-27,"GameStop , Robinhood And Reddit Are A Lethal Combination , And It Probably Going To Get Worse",thestreet.com
2021-01-27 20:15:00+00:00,2021-01-27,What Is Going on With GameStop ? Meme Stocks Explained,pcmag.com
2021-01-27 20:30:00+00:00,2021-01-27,Could meme stocks like GameStop kill bitcoin rise ? – TechCrunch,techcrunch.com
2021-01-27 20:30:00+00:00,2021-01-27,BlackBerry stock rallies further on back of GME share price rise . Should I buy this US stock ?,fool.co.uk
2021-01-27 20:30:00+00:00,2021-01-27,Reddit fever hits London market as short - sellers feel the squeeze,telegraph.co.uk
2021-01-27 20:45:00+00:00,2021-01-27,Why GameStop stock became the big bet for WallStreetBets Reddit forum,businessinsider.com
2021-01-27 20:45:00+00:00,2021-01-27,Could meme stocks like GameStop kill bitcoin rise ?,finance.yahoo.com
2021-01-27 20:45:00+00:00,2021-01-27,Is AMC The New Gamestop ? How Social Media Is Driving The Market,ibtimes.com
2021-01-27 21:00:00+00:00,2021-01-27,"Dow skids more than 500 points as Powell stresses long road to recovery , short squeeze in focus",msn.com
2021-01-27 21:00:00+00:00,2021-01-27,"GameStop Stock Price Soars Thanks to Reddit Traders , Hedge Funds Hurting",tmz.com
2021-01-27 21:00:00+00:00,2021-01-27,These 10 highly - shorted stocks are soaring as Reddit traders wage war against top Wall Street hedge funds,businessinsider.in
2021-01-27 21:15:00+00:00,2021-01-27,"Dow tumbles 700 points as Powell stresses long road to recovery , short squeeze in focus",msn.com
2021-01-27 21:15:00+00:00,2021-01-27,GameStop Reddit - fueled stock market situation explained,polygon.com
2021-01-27 21:45:00+00:00,2021-01-27,Pass the Popcorn Retail Traders Expect a Movie Revival Post Pandemic,gobankingrates.com
2021-01-27 21:45:00+00:00,2021-01-27,Current Status of WallStreetBets GameStop Run : ????????,gizmodo.com.au
2021-01-27 22:00:00+00:00,2021-01-27,A Feeding Frenzy : GameStop Pulling These ETFs Along for the Ride,etftrends.com
2021-01-27 22:30:00+00:00,2021-01-27,Market Stalls And Reddit Trolls,finance.townhall.com
2021-01-27 22:45:00+00:00,2021-01-27,"What Is Going on With GameStop , Reddit , and the Stock Market ? – The Mary Sue",themarysue.com
2021-01-27 23:00:00+00:00,2021-01-27,Eleventh hour selloff torpedoes Dow to worst day since October,proactiveinvestors.com
2021-01-27 23:15:00+00:00,2021-01-27,GameStop ? Reddit ? An explainer on what happening in the stock market,nbcnews.com
2021-01-27 23:15:00+00:00,2021-01-27,Reddit trading forum trouble leads Ken Griffin to invest $2 billion in hedge fund,chicagobusiness.com
2021-01-27 23:30:00+00:00,2021-01-27,A Look Inside the WallStreetBet Subreddit Behind the GameStop Stock Boom,newsweek.com
2021-01-28 00:00:00+00:00,2021-01-28,Reddit traders bludgeon hedge fund wunderkind Gabe Plotkin Melvin Capital in warning to Wall Street,afr.com
2021-01-28 00:00:00+00:00,2021-01-28,The Reddit GameStop Boom Proves Were in a Meme Stock Bubble,marker.medium.com
2021-01-28 00:00:00+00:00,2021-01-28,What the Heck is Going on With GameStop ?,morningstar.com
2021-01-28 00:00:00+00:00,2021-01-28,"GameStop Trading Ought To Be Halted for 30 Days , One Regulator Says",fool.com
2021-01-28 00:15:00+00:00,2021-01-28,Why The GameStop Phenomenon Is Not Surprising,forbes.com
2021-01-28 00:30:00+00:00,2021-01-28,The 4 main reasons that GameStop stock became the target of a Reddit forum with more than 2 million members,businessinsider.com.au
2021-01-28 00:30:00+00:00,2021-01-28,Reddit WallStreetBets Goes Private Shortly After Discord Shuts Down Server,marketwatch.com
2021-01-28 00:30:00+00:00,2021-01-28,"GameStop shares rally for another day , as total volume exceeds number of tradeable shares",theglobeandmail.com
2021-01-28 00:30:00+00:00,2021-01-28,This GameStop stock fiasco is getting out of hand,windowscentral.com
2021-01-28 01:00:00+00:00,2021-01-28,GameStop and AMC trading now restricted by TD Ameritrade and Schwab,msn.com
2021-01-28 01:00:00+00:00,2021-01-28,Reddit traders cause Wall Street havoc by buying GameStop,thehill.com
2021-01-28 01:00:00+00:00,2021-01-28,"( BLIAQ ), BlackBerry ( NASDAQ : BB ) - The Penny Stock Behind Blockbuster Surges 1 , 400 %: Rise From The Dead Or Mistaken Identity ?",benzinga.com
2021-01-28 01:00:00+00:00,2021-01-28,wallstreetbets,benzinga.com
2021-01-28 01:45:00+00:00,2021-01-28,"Reddit Message Board Causes GameStop , AMC Stocks to Surge",vladtv.com
2021-01-28 02:00:00+00:00,2021-01-28,"French Revolution in Finance : Independent Investors Boost GameStop Stocks , Stiff Short - Sellers",sputniknews.com
2021-01-28 02:00:00+00:00,2021-01-28,Is American Airlines the next GameStop ? Reddit WallStreetBets says maybe,foxbusiness.com
2021-01-28 02:15:00+00:00,2021-01-28,GameStop stock has surged thanks to enthusiastic WallStreetBets Reddit users . Here what you need to know - 28 - Jan - 2021,home.nzcity.co.nz
2021-01-28 03:00:00+00:00,2021-01-28,GameStop stock has surged thanks to enthusiastic WallStreetBets Reddit users . Here what you need to know,abc.net.au
2021-01-28 03:15:00+00:00,2021-01-28,Stunned : GameStop trading frenzy causes local mining company shares to soar,theage.com.au
2021-01-28 03:15:00+00:00,2021-01-28,Discord bans r / WallStreetBets server over hate speech amid the group driving GameStop shares through the roof,news.yahoo.com
2021-01-28 04:15:00+00:00,2021-01-28,GameStop - Reddit frenzy causes Australian mining company GME shares to soar,smh.com.au
2021-01-28 05:00:00+00:00,2021-01-28,"Gamestop Corporation ( NYSE : GME ), ( AMC ) - Elon Musk Says Discord Gone Corpo After It Takes Down WallStreetBets",benzinga.com
2021-01-28 05:00:00+00:00,2021-01-28,Gamestop Shares Have Gone Up 1700 % This Year & Here Why,pedestrian.tv
2021-01-28 05:15:00+00:00,2021-01-28,GameStop short squeeze highlights the power of decentralization,cointelegraph.com
2021-01-28 05:30:00+00:00,2021-01-28,EMPIRE STRIKES BACK : WallStreetBets Forum Goes Members Only,swfinstitute.org
2021-01-28 06:00:00+00:00,2021-01-28,GameStop : Why social media - driven traders are beating Wall Street,aljazeera.com
2021-01-28 06:00:00+00:00,2021-01-28,How a Reddit Forum Led to 300 % Surge in GameStop Stock and Then Full Drama in Wall Street,news18.com
2021-01-28 06:30:00+00:00,2021-01-28,"Gamestop Corporation ( NYSE : GME ), Nokia Corporation ( NYSE : NOK ) - WallStreetBets Gets Shoutouts From Cuban , Portnoy , Musk , AOC : Who Saying What",benzinga.com
2021-01-28 06:45:00+00:00,2021-01-28,Gamestonk !! Caveat emptor : The Gamestop saga and the FOMO bubble,dailymail.co.uk
2021-01-28 07:15:00+00:00,2021-01-28,GameStop Mania Prompts Surge in Australia Most - Shorted Stocks,bnnbloomberg.ca
2021-01-28 07:15:00+00:00,2021-01-28,Australian Mining Company With the Same Stock Ticker as GameStop Has Seen its Share Price Surge Today,gizmodo.com.au
2021-01-28 07:15:00+00:00,2021-01-28,GameStop Mania Goes Global as Retail Traders Gang Up on Shorts,msn.com
2021-01-28 07:30:00+00:00,2021-01-28,GameStop ? Reddit ? An explainer on what happening in the stock market,today.com
2021-01-28 07:45:00+00:00,2021-01-28,EXPLAINER - How retail traders squeezed Wall Street for bets against GameStop,thestar.com.my
2021-01-28 08:00:00+00:00,2021-01-28,"Gamestop Corporation ( NYSE : GME ), ( AMC ) - GameStop Fever Goes Global : What You Need To Know",benzinga.com
2021-01-28 08:15:00+00:00,2021-01-28,Looking For The Next Gamestop ?,econintersect.com
2021-01-28 08:45:00+00:00,2021-01-28,GameStop mania goes global as retail traders gang up on shorts,theedgemarkets.com
2021-01-28 08:45:00+00:00,2021-01-28,GameStop Memes Surge on Internet as Freakish Stock Rise by Reddit Baffles Wall Street,news18.com
2021-01-28 09:30:00+00:00,2021-01-28,"Gamestop Corporation ( NYSE : GME ), ( AMC ) - Melvin Backer Point72 Suffers 15 % Loss Over GameStop Short Squeeze : NYT",benzinga.com
2021-01-28 09:30:00+00:00,2021-01-28,Elon Musk Says Discord Gone Corpo After It Takes Down WallStreetBets,finance.yahoo.com
2021-01-28 09:45:00+00:00,2021-01-28,GameStop shares : The day trade raid that rattled world stocks,afr.com
2021-01-28 10:00:00+00:00,2021-01-28,Who owns GameStop now ? Here how CEO George Sherman 2 . 3 million shares skyrocketed from $7M to $745M,meaww.com
2021-01-28 10:30:00+00:00,2021-01-28,How Reddit Users Managed to Take On Wall Street,albawaba.com
2021-01-28 10:45:00+00:00,2021-01-28,"What to watch : EasyJet and Wizz air revenues plummet , global stocks sell - off , and Diageo hikes divi",msn.com
2021-01-28 11:00:00+00:00,2021-01-28,"GameStop , King Maker Elon Musk Push Robinhood and Reddit Up the App Store Charts",techtimes.com
2021-01-28 11:00:00+00:00,2021-01-28,Big Short investor Michael Burry says Tesla isnt GameStop - and Wall Street Bets shouldnt be taken down,msn.com
2021-01-28 11:00:00+00:00,2021-01-28,Reddit Traders Battle Against Wall Street Bets Spills Over Into Europe,albawaba.com
2021-01-28 11:15:00+00:00,2021-01-28,"First Majestic Silver Corp . ( NYSE : AG ), ( AMC ) - Top 10 Stocks WallStreetBets Users Are Talking About Today",benzinga.com
2021-01-28 11:45:00+00:00,2021-01-28,Reddit group now planning to drive up American Airlines stock after sending GameStop shares up,dailymail.co.uk
2021-01-28 11:45:00+00:00,2021-01-28,Should I buy GameStop and AMC stock for my ISA ?,fool.co.uk
2021-01-28 12:30:00+00:00,2021-01-28,"Small Investors Vow To Hold the Line Against Wall Street , Share Memes and Jokes",newsweek.com
2021-01-28 12:45:00+00:00,2021-01-28,GameStop stocks : Why everyone talking about Reddit and Wall Street,thetab.com
2021-01-28 12:45:00+00:00,2021-01-28,How to fix Trading 212 Couldnt Load Data error,gamerevolution.com
2021-01-28 13:00:00+00:00,2021-01-28,It Doge Time : Dogecoin Surges As Reddit Traders Push To Make It The Crypto GameStop,forbes.com
2021-01-28 13:15:00+00:00,2021-01-28,Gamestop Stock Update as Reddit Investors Continue War With Wall Street,newsweek.com
2021-01-28 13:15:00+00:00,2021-01-28,AMC Entertainment to issue 44 . 4 million shares as investors opt to convert $600 million of convertible debt,marketwatch.com
2021-01-28 13:30:00+00:00,2021-01-28,We love this stock : GameStop continues to rise as its impact grows,theglobeandmail.com
2021-01-28 13:30:00+00:00,2021-01-28,Need For Decentralization Highlighted Through Gamestop Short Squeeze,insidebitcoins.com
2021-01-28 13:45:00+00:00,2021-01-28,Gamestop Soars To $500 As Most - Shorted Stocks Resume Surge,zerohedge.com
2021-01-28 13:45:00+00:00,2021-01-28,"Payne on Wall St spectacle : Little guys turned the tables , taking down billionaires who play the same game",bizpacreview.com
2021-01-28 13:45:00+00:00,2021-01-28,Bloomberg : 5 things to start your day | MrTopStep . com LLC,mrtopstep.com
2021-01-28 13:45:00+00:00,2021-01-28,Dogecoin Joke Cryptocurrency Spikes As r / WallStreetBets Redditors Troll Hedge Funds,newsweek.com
2021-01-28 14:15:00+00:00,2021-01-28,GameStop rises ANOTHER 40 % and Robinhood limits buying,dailymail.co.uk
2021-01-28 14:45:00+00:00,2021-01-28,"Robinhood blocks purchase of GameStop , AMC , and BlackBerry stock",theverge.com
2021-01-28 14:45:00+00:00,2021-01-28,Gamestop ( GME ) tumbles over 25 % as Robinhood puts shares on reduce only mode,fxstreet.com
2021-01-28 14:45:00+00:00,2021-01-28,A Yippee Ki Yay Spirit Suddenly Has Risen to Rattle the Markets in 2021,realmoney.thestreet.com
2021-01-28 14:45:00+00:00,2021-01-28,"Robinhood Stops GME and AMC Stock Trading , Outraging Investors",newsweek.com
2021-01-28 14:45:00+00:00,2021-01-28,Reddit trader reveals how Wall Street hedge funds ruined his childhood,telegraph.co.uk
2021-01-28 15:00:00+00:00,2021-01-28,"GameStop , AMC shares jump as traders on Reddit band together",commercialappeal.com
2021-01-28 15:15:00+00:00,2021-01-28,"Inspired by GameStop surge , BursaBet starts drive for local glovemaker shares in a country where short - selling is regulated | Malaysia",malaymail.com
2021-01-28 15:15:00+00:00,2021-01-28,GameStop Stock : Robinhood limits trades amid market volatility,abc11.com
2021-01-28 15:15:00+00:00,2021-01-28,Robinhood GameStop purchase block includes AMC and other volatile stock,slashgear.com
2021-01-28 15:15:00+00:00,2021-01-28,Live updates : Wallstreetbets Reddit thread takes on Wall Street hedge funds,cnn.com
2021-01-28 15:15:00+00:00,2021-01-28,Market movers : Stocks seeing action on Thursday - and why,theglobeandmail.com
2021-01-28 15:30:00+00:00,2021-01-28,"Robinhood restricts Reddit - driven GameStop , AMC , Nokia stocks , cites market volatility",clickondetroit.com
2021-01-28 15:30:00+00:00,2021-01-28,"How is this legal ? Investment companies like Robinhood are blocking purchases of GameStop et al ., effectively using a hammer on free markets",twitchy.com
2021-01-28 15:45:00+00:00,2021-01-28,"Why GameStop Surge Is Good For Bitcoin , According To Anthony Scaramucci",ibtimes.com
2021-01-28 15:45:00+00:00,2021-01-28,"Backlash After Robinhood , Interactive Brokers Restrict Trading in GameStop Stock",theepochtimes.com
2021-01-28 15:45:00+00:00,2021-01-28,Gamestop ( GME ) Stock News : GME shares break $500 in Thursday pre - market,fxstreet.com
2021-01-28 15:45:00+00:00,2021-01-28,"Robinhood app restricting transaction for GameStop , AMC , Nokia stocks",triblive.com
2021-01-28 15:45:00+00:00,2021-01-28,Shipping Stonks Like RIG Get Lifted In Rising Tide Of Troubled Companies Like Gamestop – gCaptain,gcaptain.com
2021-01-28 15:45:00+00:00,2021-01-28,Redditors vow to burn Robinhood to the ground as broker restricts GameStop trading,cityam.com
2021-01-28 15:45:00+00:00,2021-01-28,"Beware of Reddit - Pumped BlackBerry Stock , GME and AMC !",fool.ca
2021-01-28 15:45:00+00:00,2021-01-28,The next GameStop ? Reddit investor army takes battle global,theguardian.com
2021-01-28 16:00:00+00:00,2021-01-28,The danger is that the WallStreetBets revolution eats its own children,telegraph.co.uk
2021-01-28 16:00:00+00:00,2021-01-28,Live updates : Wallstreetbets Reddit thread shakes up Wall Street hedge funds,edition.cnn.com
2021-01-28 16:00:00+00:00,2021-01-28,"Robinhood Restricts Trading in GameStop , Other Names Involved in Frenzy",nbcwashington.com
2021-01-28 16:15:00+00:00,2021-01-28,"Robinhood , Riding High On App Store , Halts GameStop And AMC Trades",gamespot.com
2021-01-28 16:15:00+00:00,2021-01-28,Traders in meltdown as Reddit forum leaves hedge fund on the brink of bankruptcy,thelondoneconomic.com
2021-01-28 16:15:00+00:00,2021-01-28,"Gamestop Corporation ( NYSE : GME ), ( HGEN ) - How The GameStop Pop Compares To Tilray , Volkswagen , Other Historical Short Squeezes",benzinga.com
2021-01-28 16:30:00+00:00,2021-01-28,Get Ready for the Roaring 2020s - Investing Daily,investingdaily.com
2021-01-28 16:30:00+00:00,2021-01-28,Robinhood abruptly restricts transactions for GameStop stock,abcnews.go.com
2021-01-28 16:45:00+00:00,2021-01-28,GME Stock Options Trading Volume Exploded| Investor Business Daily,investors.com
2021-01-28 17:00:00+00:00,2021-01-28,How GameStop shares mania swept the world at huge expense to investors,dailymail.co.uk
2021-01-28 17:00:00+00:00,2021-01-28,"Popular Stock App Robinhood Restricts Trading of GameStop , AMC , Other Meme Stocks",comicbook.com
2021-01-28 17:00:00+00:00,2021-01-28,GameStop Overlooks Stock Rally in First Public Comments Since Shares Went Parabolic,marketwatch.com
2021-01-28 17:15:00+00:00,2021-01-28,GameStop ? Reddit ? Explaining what happening in the stock market,wandtv.com
2021-01-28 17:15:00+00:00,2021-01-28,NAKD Stock : Naked Brand Flirts With $3 After Reddit - Fueled Rally,investorplace.com
2021-01-28 17:15:00+00:00,2021-01-28,Stock Market Live Updates Thursday : A New Era for Wall Street ?,investorplace.com
2021-01-28 17:30:00+00:00,2021-01-28,"GameStop stock , Reddit and WallStreetBets : what you need to know",nme.com
2021-01-28 17:30:00+00:00,2021-01-28,"28Jan2021 Pre - Market Commentary : Wall Street Futures Mixed , Europe Tumbles Amid Fears Reflation Trade Is Dead , Short Squeeze Turmoil , DOW Up 65 Points , Nasdaq Down - 0 . 6 %, WTI Crude Climbs 53 . 07",econintersect.com
2021-01-28 17:30:00+00:00,2021-01-28,GameStop stock price frenzy : What to know,foxbusiness.com
2021-01-28 17:30:00+00:00,2021-01-28,GameStop stock buyers call for class action lawsuit after Robinhood prohibits trading,gamerevolution.com
2021-01-28 17:45:00+00:00,2021-01-28,GameStop Saga Proves US Financial Market Is Detached From Reality,infowars.com
2021-01-28 17:45:00+00:00,2021-01-28,"WallStreetBets : Robinhood Stops Purchase of GameStop , AMC Stock",gizmodo.com
2021-01-28 17:45:00+00:00,2021-01-28,AMC News | Live Feed & Top Stories,newsnow.co.uk
2021-01-28 17:45:00+00:00,2021-01-28,WallStreetBets Subreddit Gains 2 Million Members in a Day Amid Wall Street Siege,newsweek.com
2021-01-28 17:45:00+00:00,2021-01-28,The GameStop Revolution Is a Streetwear State of Mind,highsnobiety.com
2021-01-28 17:45:00+00:00,2021-01-28,American Airlines Stock Surges as Reddit Investors Hope to Replicate GameStop Success,newsweek.com
2021-01-28 17:45:00+00:00,2021-01-28,Wall Street moves higher following fall in jobless claims ; GameStop takes a hit after Robinhood intervenes,proactiveinvestors.com
2021-01-28 17:45:00+00:00,2021-01-28,Legitimate real - life gamer Joe Biden knows what happening with GameStop,lmtonline.com
2021-01-28 17:45:00+00:00,2021-01-28,"Robinhood App Blocks GME Stock Trading , Is Flooded With 1 - Star Reviews",newsweek.com
2021-01-28 18:00:00+00:00,2021-01-28,Robinhood App Hit With Lawsuit After Trying to Shut Down GameStop Uprising,news.yahoo.com
2021-01-28 18:00:00+00:00,2021-01-28,Robinhood Slammed After Halting Users From Buying Surging Stocks,huffpost.com
2021-01-28 18:00:00+00:00,2021-01-28,Elon Musk accuses Discord of going corporate after it bans Reddit group boosting Gamestop stock,dailymail.co.uk
2021-01-28 18:00:00+00:00,2021-01-28,"Ja Rule , Alexandria Ocasio - Cortez , And Donald Trump Jr . Unite In Slamming Wall Street For Halting GME Sales",inquisitr.com
2021-01-28 18:00:00+00:00,2021-01-28,70 Stocks Moving In Thursday Mid - Day Session,msn.com
2021-01-28 18:15:00+00:00,2021-01-28,Robinhood Protecting the Rich ? GameStop Buys Halted in Massive Game Of High - Stakes Chicken,pjmedia.com
2021-01-28 18:15:00+00:00,2021-01-28,Major brokers restrict trading on GameStop and AMC amid short squeeze,washingtonexaminer.com
2021-01-28 18:15:00+00:00,2021-01-28,GameStop shares surge as other stocks targeted by Reddit users plummet,bostonglobe.com
2021-01-28 18:15:00+00:00,2021-01-28,"Mark Cuban , Dave Portnoy , AOC and others react to Robinhood restricting trades on GameStop and AMC",marketwatch.com
2021-01-28 18:15:00+00:00,2021-01-28,Donald Trump Jr . Blasts Rigged System as Robinhood Blocks Gamestop Trades,breitbart.com
2021-01-28 18:15:00+00:00,2021-01-28,Robinhood is being sued for restricting GameStop trading,businessinsider.com
2021-01-28 18:30:00+00:00,2021-01-28,"Stop the stupid , terrible GameStop , Reddit wallstreetbets punditry",businessinsider.com
2021-01-28 18:30:00+00:00,2021-01-28,Robinhood users revolt after it stopped trades of GameStop stock,businessinsider.com
2021-01-28 18:45:00+00:00,2021-01-28,"Dogecoin , a digital token that started as a joke , spikes 140 % after traders in a crypto - themed Reddit forum trigger Wall Street Bets copycat rally",businessinsider.in
2021-01-28 18:45:00+00:00,2021-01-28,"Robinhood , Webull , Others Block Access To Penny Stocks Today",markets.buffalonews.com
2021-01-28 18:45:00+00:00,2021-01-28,How the GameStop roller coaster could end .,slate.com
2021-01-28 18:45:00+00:00,2021-01-28,"GME Stock Lost 16 % in Pre - Market , GameStop Rally Forces Hedge Funds to Take Exit",coinspeaker.com
2021-01-28 19:00:00+00:00,2021-01-28,We Witnessed a Financial Storming of the Bastille on Wall Street This Week by Matt Vespa,townhall.com
2021-01-28 19:00:00+00:00,2021-01-28,Robinhood Sued Over GameStop Stock Action,gizmodo.com
2021-01-28 19:00:00+00:00,2021-01-28,Robinhood Blocks Users From Buying GameStop Stock,kotaku.com.au
2021-01-28 19:00:00+00:00,2021-01-28,Unacceptable : AOC and Other Lawmakers Call for Congressional Hearing on Robinhood Anti - Reddit GameStop Stock Trading Freeze,msn.com
2021-01-28 19:00:00+00:00,2021-01-28,"How is this legal ? Investment companies like Robinhood are blocking stock purchases of GameStop et al ., effectively using a hammer on free markets",twitchy.com
2021-01-28 19:00:00+00:00,2021-01-28,"Dave Portnoy Blasts Robinhood After Company Restricts Trading on GameStop , AMC , and Others",townhall.com
2021-01-28 19:15:00+00:00,2021-01-28,Who are r / WallStreetBets ? Here the facts,invezz.com
2021-01-28 19:15:00+00:00,2021-01-28,The GameStop Saga Is Dangerous and All Too Familiar,newyorker.com
2021-01-28 19:15:00+00:00,2021-01-28,Blackberry stock price crashes 100 % as WSB investors refuse to go away,invezz.com
2021-01-28 19:15:00+00:00,2021-01-28,Some Redditors say the GameStop rally is revenge for the 2008 collapse,businessinsider.com
2021-01-28 19:15:00+00:00,2021-01-28,GameStop stock price falls 55 % as legendary investor warns WSB traders of playing with fire,invezz.com
2021-01-28 19:15:00+00:00,2021-01-28,What Up With GameStop Stock ?,hot1047.com
2021-01-28 19:30:00+00:00,2021-01-28,Robinhood Faces Class - Action Lawsuit for Blocking GameStop Stock Buys,pcmag.com
2021-01-28 19:30:00+00:00,2021-01-28,GameStop : How Reddit Traders Occupied Wall Street Turf,wshu.org
2021-01-28 19:30:00+00:00,2021-01-28,Robinhood lawsuit 2021 : Class action filed against app after restriction of GameStop stock trades,fox32chicago.com
2021-01-28 19:30:00+00:00,2021-01-28,Ocasio - Cortez slams Cruz for retweeting her : Get off my timeline & stop clout - chasing,thehill.com
2021-01-28 19:30:00+00:00,2021-01-28,"Tlaib slams Robinhood after blocking of Reddit - driven stocks like GameStop , AMC",clickondetroit.com
2021-01-28 19:45:00+00:00,2021-01-28,GameStop ( GME ) stock trade restrictions on Robinhood app provoke review bombing,shacknews.com
2021-01-28 19:45:00+00:00,2021-01-28,"Robinhood Stock App Blocks Purchases of GameStop , AMC , and BlackBerry Stock",swfinstitute.org
2021-01-28 19:45:00+00:00,2021-01-28,"Robinhood blocks GameStop trading , AOC and Ted Cruz demand answers",nintendoenthusiast.com
2021-01-28 19:45:00+00:00,2021-01-28,"Reversion to the Meme : GameStop , WallStreetBets , and the New Rules for Stock Trading",marketwatch.com
2021-01-28 19:45:00+00:00,2021-01-28,Robinhood Play Store rating dives to one star after GME meme stock crackdown,androidpolice.com
2021-01-28 19:45:00+00:00,2021-01-28,Class - action lawsuit filed against Robinhood for restricting trading,thehill.com
2021-01-28 19:45:00+00:00,2021-01-28,Robinhood Clobbers Meme Stock Craze by Blocking Purchases of GameStop Shares,pcmag.com
2021-01-28 20:00:00+00:00,2021-01-28,"Investors on Reddit Condemn Trading Platforms for Halting GameStop , Other Volatile Stock Buys",sputniknews.com
2021-01-28 20:00:00+00:00,2021-01-28,"Fury as trading platforms halt buys on GameStop , other meme stocks",bringmethenews.com
2021-01-28 20:00:00+00:00,2021-01-28,"As a blueprint for a lifetime of investing success , the GameStop story is a disaster",theglobeandmail.com
2021-01-28 20:00:00+00:00,2021-01-28,Class Action Lawsuit Filed Against Robinhood,dailycaller.com
2021-01-29 02:15:00+00:00,2021-01-29,The Reddit GameStop Boom Proves Were in a Meme Stock Bubble,marker.medium.com
2021-01-29 02:30:00+00:00,2021-01-29,Nashvillians have stake in GameStop stock as Robinhood halts transactions,newschannel5.com
2021-01-29 02:30:00+00:00,2021-01-29,GameStop Stock Mania : Why Everyone Is Talking About It And Many Are Worried,wfae.org
2021-01-29 02:30:00+00:00,2021-01-29,GameStonk Heads to the Moon Congress,gizmodo.com.au
2021-01-29 02:30:00+00:00,2021-01-29,Small investors behind surge in GameStop and other shares hit by curbs,business-standard.com
2021-01-29 02:30:00+00:00,2021-01-29,"Inspired by GameStop surge , Malaysia BursaBet starts drive for local glovemaker shares",soyacincau.com
2021-01-29 02:45:00+00:00,2021-01-29,What is Elon Musk connection to GameStop ? Here how one word from the billionaire sent shares skyrocketing,meaww.com
2021-01-29 02:45:00+00:00,2021-01-29,BREAKING : Senate Panel to Hold Hearing on Current State of Stock Market,infowars.com
2021-01-29 02:45:00+00:00,2021-01-29,Small investors behind surge in GameStop and other shares hit by trading curbs,reuters.com
2021-01-29 03:00:00+00:00,2021-01-29,"Wow , Big Tech Colludes With Wall Street to Protect Elites and Hedgefunds Against Ordinary Investors",theconservativetreehouse.com
2021-01-29 03:30:00+00:00,2021-01-29,Psaki ducks questions about Biden administration GameStop policy,dailymail.co.uk
2021-01-29 03:30:00+00:00,2021-01-29,Keith Gill Roaring Kitty Mr Wizard aka DeepF *** inValue of WallStreetBets,scallywagandvagabond.com
2021-01-29 03:45:00+00:00,2021-01-29,The GameStop and AMC drama doesnt stop with the stock market,marketwatch.com
2021-01-29 03:45:00+00:00,2021-01-29,"( AMC ), BlackBerry ( NASDAQ : BB ) - AMC Explores Another Stock Sale Amid Reddit - Fueled Rally : Report",benzinga.com
2021-01-29 03:45:00+00:00,2021-01-29,The real shock of the GameStop mania was that it didnt happen sooner,cnnphilippines.com
2021-01-29 03:45:00+00:00,2021-01-29,GameStop and other stocks targeted by Reddit users plummet,chron.com
2021-01-29 04:00:00+00:00,2021-01-29,"Gareth Soloway : Explaining GameStop , How it Connects to Silver",investingnews.com
2021-01-29 04:15:00+00:00,2021-01-29,Famed GameStop bull Roaring Kitty is a Massachusetts financial advisor,metro.us
2021-01-29 04:15:00+00:00,2021-01-29,Small investors behind surge in GameStop and other shares hit by restrictions,isp.netscape.com
2021-01-29 04:15:00+00:00,2021-01-29,"Robinhood under fire for suspending trading on Gamestop , other stocks amid buying frenzy",siliconangle.com
2021-01-29 04:30:00+00:00,2021-01-29,Reddit Ignites Mall Stock and Fund Cashes Out $500 Million,msn.com
2021-01-29 05:00:00+00:00,2021-01-29,Jon Stewart Finally Joined Twitter . Reddit Strategy on Wall Street Bets and GameStock Is the Reason,news18.com
2021-01-29 05:00:00+00:00,2021-01-29,Chamath Palihapitiya defends WallStreetBets GameStop short squeeze,fool.com.au
2021-01-29 05:00:00+00:00,2021-01-29,The Reddit - GameStop - Robinhood saga is heating up,fool.com.au
2021-01-29 05:30:00+00:00,2021-01-29,GameStop gamed in stock market tizzy,global.chinadaily.com.cn
2021-01-29 05:45:00+00:00,2021-01-29,Interactive Brokers Founder Thomas Peterffy Imposed Curbs on Companies to Protect Market Integrity,swfinstitute.org
2021-01-29 06:00:00+00:00,2021-01-29,The GameStop frenzy even touched sports,cbc.ca
2021-01-29 06:00:00+00:00,2021-01-29,How wallstreetbets Could Start The Collapse of the Entire Fiat Monetary System,surfky.com
2021-01-29 06:15:00+00:00,2021-01-29,"Macerich Company ( The ) ( NYSE : MAC ), ( AMC ) - Reddit - Fueled Rally In Mall Stock Allows Its Largest Investor To Cash Out",benzinga.com
2021-01-29 07:00:00+00:00,2021-01-29,"Suck It , Wall Street",taibbi.substack.com
2021-01-29 07:15:00+00:00,2021-01-29,Indians Are Finding a Strange Harshad Mehta Connection to GameStop Stock Surge by Reddit,news18.com
2021-01-29 07:30:00+00:00,2021-01-29,GameStop : How WSB Beat Hedge Funds at Their Own Game,kiplinger.com
2021-01-29 07:30:00+00:00,2021-01-29,GameStop mania goes global as retail traders gang up on shorts,thestar.com.my
2021-01-29 07:30:00+00:00,2021-01-29,GameStop stock price frenzy : What to know,foxla.com
2021-01-29 07:45:00+00:00,2021-01-29,"Now Reddit Investors Are Talking About Targeting Silver , And That Could Change EVERYTHING",theeconomiccollapseblog.com
2021-01-29 07:45:00+00:00,2021-01-29,Latest Articles,freerepublic.com
2021-01-29 08:00:00+00:00,2021-01-29,The Revolutionaries,howestreet.com
2021-01-29 08:00:00+00:00,2021-01-29,"Facebook , Inc . ( NASDAQ : FB ), ( AMC ) - Facebook Takes Down Trading Group With 157 , 000 Members Amid GameStop Frenzy",benzinga.com
2021-01-29 09:00:00+00:00,2021-01-29,Restrictions hit small investors behind GameStop surge,rte.ie
2021-01-29 09:00:00+00:00,2021-01-29,FLASH FRIDAY : Revenge of the Retail Trader ? - Traders Magazine,tradersmagazine.com
2021-01-29 09:00:00+00:00,2021-01-29,How to Start Trading Stocks Online,ccm.net
2021-01-29 09:15:00+00:00,2021-01-29,Barstool Portnoy Shreds Wall Street Elite : Someone Needs to go to Jail by Matt Vespa,townhall.com
2021-01-29 09:30:00+00:00,2021-01-29,What happened on the stock market today ? How GameStop rose so quickly .,freep.com
2021-01-29 10:45:00+00:00,2021-01-29,101 Biggest Movers From Yesterday,msn.com
2021-01-29 11:15:00+00:00,2021-01-29,"Gamestop Corporation ( NYSE : GME ), ( AAL ) - WallStreetBets Rebellion Rally Is A Bubble That Will Burst , Peter Boockvar Warns",benzinga.com
2021-01-29 11:15:00+00:00,2021-01-29,Bitcoin skyrockets as Elon Musk expresses support,cityam.com
2021-01-29 11:30:00+00:00,2021-01-29,BUSINESS LIVE : Empty shop numbers grow,thisismoney.co.uk
2021-01-29 11:30:00+00:00,2021-01-29,"YOLO Stocks Are Soaring , and It Isnt Going to End Well",fool.com
2021-01-29 12:30:00+00:00,2021-01-29,Opinion : That shoeshine boy with stock tips is now on Reddit and Robinhood and this bubble will burst like all the others,marketwatch.com
2021-01-29 12:45:00+00:00,2021-01-29,FTSE 100 flounders ; Bitcoin goes bonkers after enigmatic move by Elon Musk,proactiveinvestors.co.uk
2021-01-29 13:00:00+00:00,2021-01-29,Robinhood Lawsuit Demand Causes PACER to Crash,lawandcrime.com
2021-01-29 13:00:00+00:00,2021-01-29,Should You Buy These 3 Hot Reddit Stocks Before It Too Late ?,fool.com
2021-01-29 13:15:00+00:00,2021-01-29,Opinion : Short squeezes reveal investor anger and cynicism,theglobeandmail.com
2021-01-29 13:30:00+00:00,2021-01-29,"Wallstreetbets Reddit group shakes up Wall Street , again",cnn.com
2021-01-29 13:30:00+00:00,2021-01-29,Robinhood Approved | How long does it take to get approval ?,gamerevolution.com
2021-01-29 13:45:00+00:00,2021-01-29,Should I invest in GameStop ? Our GME price target,invezz.com
2021-01-29 13:45:00+00:00,2021-01-29,"Very Scary Ghost Stories , the Case for Hard Assets , Latest on Robinhood",realmoney.thestreet.com
2021-01-29 13:45:00+00:00,2021-01-29,Futures Slide Amid Fears WallStreetBets Will Again Steamroll Greenwich,zerohedge.com
2021-01-29 13:45:00+00:00,2021-01-29,$70 billion redistributed : WallStreetBets 1 - 0 Wall Street,invezz.com
2021-01-29 14:00:00+00:00,2021-01-29,Ontario Teacher cashes out from mall owner tied to Reddit frenzy,bnnbloomberg.ca
2021-01-29 14:00:00+00:00,2021-01-29,"Small investors behind surge in GameStop , other shares hit by curbs",thestar.com.my
2021-01-29 14:15:00+00:00,2021-01-29,Robinhood Faces Class - Action Lawsuit for Blocking GameStop Stock Buys,entrepreneur.com
2021-01-29 14:30:00+00:00,2021-01-29,"Now Reddit Investors Are Talking About Targeting Silver , And That Could Change EVERYTHING – Investment Watch",investmentwatchblog.com
2021-01-29 14:45:00+00:00,2021-01-29,"Robinhood Allows Users to Trade in GameStop , Shares Rise While Chattering Class Points Fingers",crowdfundinsider.com
2021-01-29 14:45:00+00:00,2021-01-29,Ja Rule is outraged about all the stock drama,thefader.com
2021-01-29 14:45:00+00:00,2021-01-29,Reddit group founded on high risk returns hits Wall Street with GameStop effort,msn.com
2021-01-29 15:15:00+00:00,2021-01-29,New York Attorney General Office Actively Reviewing Robinhood App Activity and Trading of GameStop Stock,theepochtimes.com
2021-01-29 15:15:00+00:00,2021-01-29,"Person Who Only Ate Beans And Rice After The 08 Crisis Posts An Open Letter To Wall Street Hedge Funds , Explains Why They Wont Sell",boredpanda.com
2021-01-29 15:45:00+00:00,2021-01-29,Opinion : The forces driving the GameStock rebellion,msn.com
2021-01-29 15:45:00+00:00,2021-01-29,Castor Maritime Stock Gets Delisted By Robinhood Alongside Gamestop – gCaptain,gcaptain.com
2021-01-29 15:45:00+00:00,2021-01-29,Keith Gill Drove the GameStop Reddit Mania . He Talked to the Journal .,msn.com
2021-01-29 15:45:00+00:00,2021-01-29,Robinhood and Other Investment Apps Could Face Tighter Regulation Over GameStop Actions,newsweek.com
2021-01-29 16:00:00+00:00,2021-01-29,How The Trading Platform Robinhood Started Stealing From The Poor To Give To The Rich : Squashing the Little Guy to Keep Hedge Fund Giants Afloat,freerepublic.com
2021-01-29 16:15:00+00:00,2021-01-29,Investors Issue Class - Action Lawsuits Against Robinhood Over Gamestop Stock Trading Ban,blacklistednews.com
2021-01-29 16:15:00+00:00,2021-01-29,SEC issues statement on past week turbulent market activity prompted by Reddit - fueled GameStop run – TechCrunch,techcrunch.com
2021-01-29 16:15:00+00:00,2021-01-29,Robinhood raises $1B after trading halts to keep its platform running – TechCrunch,techcrunch.com
2021-01-29 16:30:00+00:00,2021-01-29,Some Redditors say the GameStop rally is revenge against Wall Street for the 2008 collapse,businessinsider.co.za
2021-01-29 16:45:00+00:00,2021-01-29,Famed GameStop bull Roaring Kitty is a Massachusetts financial adviser,foxbusiness.com
2021-01-29 17:00:00+00:00,2021-01-29,Robinhood rival apps aim to make mobile trading easy for amateur investors,foxbusiness.com
2021-01-29 17:00:00+00:00,2021-01-29,FTSE 100 deep in the red ; FCA issues GameStop warning,proactiveinvestors.co.uk
2021-01-29 17:00:00+00:00,2021-01-29,"29Jan2021 Pre - Market Commentary : Wall Street Expected To Open Marginally Lower , DOW Down 200 Points , Gold Futures Up 1 . 6 % 1868 , Silver Up At 27 . 47 , WTI Crude At 52 . 68",econintersect.com
2021-01-29 17:15:00+00:00,2021-01-29,"Royals Rumblings - News for January 29 , 2021",royalsreview.com
2021-01-29 17:15:00+00:00,2021-01-29,"GameStop traders outsmart the smart guys , leaving an indelible mark on Wall Street",msn.com
2021-01-29 17:45:00+00:00,2021-01-29,Why Im Not Buying the GameStop Hype,fool.com
2021-01-29 17:45:00+00:00,2021-01-29,"Silver , Crypto Sent Soaring After Unique Endorsement From Reddit Army of Traders",sputniknews.com
2021-01-29 17:45:00+00:00,2021-01-29,A year ago on Reddit I suggested investing in GameStop . But I never expected this | GameStop,theguardian.com
2021-01-29 17:45:00+00:00,2021-01-29,"GameStop Rally Rages On , As Bull Roaring Kitty Gets Doxxed",nymag.com
2021-01-29 18:00:00+00:00,2021-01-29,Gamestop Frenzy Inspires Similar Event In Dogecoin By The Tune Of 800 %,insidebitcoins.com
2021-01-29 18:00:00+00:00,2021-01-29,"GameStop Rally Refuses to Die , As Robinhood Restores Trading",msn.com
2021-01-29 18:15:00+00:00,2021-01-29,AMC Entertainment Stock Soars After Robinhood Resumes Trades,marketwatch.com
2021-01-29 18:15:00+00:00,2021-01-29,"Gamestop Corporation ( NYSE : GME ), ( AMC ) - A Short Seller Joins Benzinga Power Hour To Talk GameStop . The Rest Is History .",benzinga.com
2021-01-29 18:30:00+00:00,2021-01-29,What you need to know about GameStop stock price chaos,iol.co.za
2021-01-29 19:00:00+00:00,2021-01-29,Metals Weekly Round - Up : Silver Rises on Retail Investor Sentiment,investingnews.com
2021-01-29 19:00:00+00:00,2021-01-29,The risks are higher for these retail investor : Former GameStop employees are divided on the stock epic ride,marketwatch.com
2021-01-29 19:15:00+00:00,2021-01-29,"Dow Jones Sinks 575 Points ; GameStop , AMC Soar ; This Financial Stock Breaks Out",investors.com
2021-01-29 19:15:00+00:00,2021-01-29,"Opinion : Time to reduce risk in the broader stock market amid the nonsense around Robinhood , Reddit and GameStop",marketwatch.com
2021-01-29 19:30:00+00:00,2021-01-29,You have to be smart : Are you a first - time investor who wants a slice of GameStop epic ride ? Read this first,marketwatch.com
2021-01-29 19:30:00+00:00,2021-01-29,"Who uses social media for financial advice ? Lots of people , actually",theguardian.com
2021-01-29 20:00:00+00:00,2021-01-29,My night inside the Reddit GameStop army was the most fun Ive had since lockdown,telegraph.co.uk
2021-01-29 20:00:00+00:00,2021-01-29,Meme stock rally rescues AMC theaters from $600M debt,polygon.com
2021-01-29 20:00:00+00:00,2021-01-29,How to transfer stocks out of Robinhood - Business Insider,businessinsider.com
2021-01-29 20:00:00+00:00,2021-01-29,Opinion : The forces driving the GameStop rebellion,msn.com
2021-01-29 20:00:00+00:00,2021-01-29,"In the game of life , a GameStop moment",crainsdetroit.com
2021-01-29 20:30:00+00:00,2021-01-29,Some furious Robinhood users are suing but there potentially a big road block in their way to court,msn.com
2021-01-29 20:30:00+00:00,2021-01-29,GameStop frenzy puts clearinghouses in spotlight as investors weigh systemic risk fears,marketwatch.com
2021-01-29 20:30:00+00:00,2021-01-29,This Is A Financial Revolution ...,zerohedge.com
2021-01-29 20:30:00+00:00,2021-01-29,Google deletes negative reviews of Robinhood app,thehill.com
2021-01-29 20:30:00+00:00,2021-01-29,The forces driving the GameStop rebellion,kvia.com
2021-01-29 20:45:00+00:00,2021-01-29,FTSE 100 ends deep in the red ; FCA issues GameStop warning,proactiveinvestors.co.uk
2021-01-29 20:45:00+00:00,2021-01-29,Crypto Entrepreneurs Seize on Reddit Revolt Ethos to Sway Users,msn.com
2021-01-29 21:15:00+00:00,2021-01-29,Read This Before You Try to Grab a Slice of GameStop Epic Ride,marketwatch.com
2021-01-29 21:15:00+00:00,2021-01-29,Ark Mania Finally Fading After GameStop Fever Sweeps Wall Street,wealthmanagement.com
2021-01-29 21:45:00+00:00,2021-01-29,"Gamestop Corporation ( NYSE : GME ), ( AMC ) - How And Why Did The Stock Market Crack This Week ?",benzinga.com
2021-01-29 21:45:00+00:00,2021-01-29,"Short Squeeze : What Is It And What Are Some Short Squeeze Stocks Now Like GameStop , AMC",investors.com
2021-01-29 22:00:00+00:00,2021-01-29,Florida man flies Buy GameStock Stock banner over Miami amid trading frenzy,foxnews.com
2021-01-29 22:15:00+00:00,2021-01-29,Asian investors join trading frenzy,straitstimes.com
2021-01-29 22:30:00+00:00,2021-01-29,Dow and S & P 500 log first monthly loss since October while GameStop soars,edition.cnn.com
2021-01-29 22:30:00+00:00,2021-01-29,Robinhood adds market manipulation and gamification to a quiver of woes,investmentnews.com
2021-01-29 22:45:00+00:00,2021-01-29,Reddit Wall Street Bets and Robinhood Bans : 4 DeFi Stocks to Watch,investorplace.com
2021-01-29 23:30:00+00:00,2021-01-29,"Top Stories This Week : WallStreetBets Takes on Silver , Price Rises",investingnews.com
2021-01-29 23:30:00+00:00,2021-01-29,"GameStop Squeeze Was Helped By 34 Year Old YouTubing CFA Who Turned $50 , 000 Into $48 Million – A Major Bank Publishes A List Of Shorts That Will Surge Next – This Is For You , Dad : Redditor Shares Heartbreaking Reason For Destroying Short - Selle...",infiniteunknown.net
2021-01-29 23:45:00+00:00,2021-01-29,Did Wall Street Bets win the war ? GameStock settles up 68 %,economiccollapsenews.com
2021-01-29 23:45:00+00:00,2021-01-29,A GameStop Stock Explainer | National Review,nationalreview.com
2021-01-29 23:45:00+00:00,2021-01-29,"All Over the World , Small Investors Jump Into the GameStop Frenzy",news.yahoo.com
2021-01-30 00:00:00+00:00,2021-01-30,Reddit Dealt a Blow to Short Selling . But the Strategy Has Underperformed for Years .,marketwatch.com
2021-01-30 00:15:00+00:00,2021-01-30,The Reddit GameStop Boom Proves Were in a Meme Stock Bubble,marker.medium.com
2021-01-30 00:15:00+00:00,2021-01-30,North Texas Investor Uses GameStop Gains to Help Sick Children,nbcdfw.com
2021-01-30 00:45:00+00:00,2021-01-30,BlackBerry : Is the GameStop Trade the Long - Term Catalyst BB Stock Needed ?,fool.ca
2021-01-30 01:00:00+00:00,2021-01-30,GameStop final boss : Washington,politico.com
2021-01-30 01:00:00+00:00,2021-01-30,"Semantic Density , Algos & Gamestop : This Time It Different",etftrends.com
2021-01-30 01:45:00+00:00,2021-01-30,"AMC , Nokia and other meme stocks targeted by Reddit Wallstreetbets",cbsnews.com
2021-01-30 02:15:00+00:00,2021-01-30,Canadian sales and trading expert praises Reddit resistance movement,calgary.ctvnews.ca
2021-01-30 02:15:00+00:00,2021-01-30,"Elon Musk takes on Dem Wall Street , & suddenly DoJ probes his SpaceX",independentsentinel.com
2021-01-30 02:30:00+00:00,2021-01-30,Famed GameStop bull Roaring Kitty is a Massachusetts financial advisor,marketscreener.com
2021-01-30 02:30:00+00:00,2021-01-30,The GameStop Revolt Has Just Begun . Get Ready .,marketwatch.com
2021-01-30 02:30:00+00:00,2021-01-30,Bella Thorne OnlyFans compared to Reddit stocks l Alternative Press,altpress.com
2021-01-30 03:45:00+00:00,2021-01-30,Top 10 Short Positions Held By Hedge Funds Today,finance.yahoo.com
2021-01-30 04:00:00+00:00,2021-01-30,Analyst says Bitcoin price sell - off may occur as Chinese New Year approaches,cointelegraph.com
2021-01-30 04:00:00+00:00,2021-01-30,The GameStop uprising goes global : A Chinese Billionaire Joins the Fight to Squeeze the Hedge Funds,freerepublic.com
2021-01-30 04:30:00+00:00,2021-01-30,"Who investing in GameStop , the stock shocking Wall Street ?",latimes.com
2021-01-30 04:45:00+00:00,2021-01-30,Reddit battle with Wall Street is not a joke,bbs.chinadaily.com.cn
2021-01-30 06:00:00+00:00,2021-01-30,Texas Investor Uses GameStop Gains to Help Sick Children,nbcnewyork.com
2021-01-30 06:15:00+00:00,2021-01-30,Latest Articles,freerepublic.com
2021-01-30 06:30:00+00:00,2021-01-30,Texas Investor Uses GameStop Gains to Help Sick Children – NBC 5 Dallas - Fort Worth,nbcdfw.com
2021-01-30 06:45:00+00:00,2021-01-30,Big Short investor Michael Burry says Tesla isnt GameStop - and Wall Street Bets shouldnt be taken down,businessinsider.in
2021-01-30 07:15:00+00:00,2021-01-30,Tucker Carlson and Dave Portnoy Outlines the Reddit vs Wall Street Market Manipulation,theconservativetreehouse.com
2021-01-30 07:45:00+00:00,2021-01-30,GameStop Saga : Reddit members & Robinhood traders take on hedge funds ( and win !),team-bhp.com
2021-01-30 08:30:00+00:00,2021-01-30,What happened on the stock market today ? How GameStop rose so quickly .,baxterbulletin.com
2021-01-30 09:15:00+00:00,2021-01-30,Reddit vs Wall Street : A glorious game of stonks,deccanherald.com
2021-01-30 09:45:00+00:00,2021-01-30,Stockal Co - CEO Vinay Bharathwaj On How Indian Investors Made Most Of GameStop Frenzy,moneycontrol.com
2021-01-30 11:30:00+00:00,2021-01-30,UPDATE 1 - Famed GameStop bull Roaring Kitty is a Massachusetts financial advisor,cn.reuters.com
2021-01-30 11:30:00+00:00,2021-01-30,What is Dogecoin and why is it going down ?,thesun.co.uk
2021-01-30 12:45:00+00:00,2021-01-30,Analysis : A tulip by another name ? Gamestonk and the case for investor caution,reuters.com
2021-01-30 12:45:00+00:00,2021-01-30,A tulip by another name ? Gamestonk and the case for investor caution,financialpost.com
2021-01-30 13:30:00+00:00,2021-01-30,Analysis : A tulip by another name ? Gamestonk and the case for investor caution | Kat Country 98 . 9,katcountry989.com
2021-01-30 13:45:00+00:00,2021-01-30,Analysis : A tulip by another name ? Gamestonk and the case for investor caution | WSAU News / Talk 550 AM · 99 . 9 FM,wsau.com
2021-01-30 14:00:00+00:00,2021-01-30,GameStop Winners : How Theyre Spending the Windfall,news.yahoo.com
2021-01-30 14:00:00+00:00,2021-01-30,How Wall street bets subreddit chose GameStop stock,businessinsider.com
2021-01-30 14:45:00+00:00,2021-01-30,Opinion : GameStop stock surge and QAnon couldnt seem more different yet they have this trait in common,marketwatch.com
2021-01-30 14:45:00+00:00,2021-01-30,Opinion : Why regulators shouldnt get trigger - happy in trying to rein in GameStop stock mania,marketwatch.com
2021-01-30 15:00:00+00:00,2021-01-30,The forces driving the GameStop rebellion,kesq.com
2021-01-30 15:00:00+00:00,2021-01-30,"What If WallStreetBets Wanted to Boost Good Companies Instead , Like Netflix or Amazon ?",fool.com
2021-01-30 15:00:00+00:00,2021-01-30,How GameStop became the perfect meme stock for r / WallStreetBets,businessinsider.in
2021-01-30 15:15:00+00:00,2021-01-30,"( AMC ), BlackBerry ( NASDAQ : BB ) - Private Equity Firm Silver Lake Cashes In AMC Shares For A $113 Million Gain",benzinga.com
2021-01-30 15:15:00+00:00,2021-01-30,Reddit Revolution On Wall Street ; Stimulus Rebate How - To,forbes.com
2021-01-30 16:00:00+00:00,2021-01-30,My night inside the Reddit GameStop army,telegraph.co.uk
2021-01-30 16:45:00+00:00,2021-01-30,Analysis : A tulip by another name ? Gamestonk and the case for investor caution By Reuters,investing.com
2021-01-30 17:00:00+00:00,2021-01-30,"GameStop , Reddit and Robinhood : A Full Recap of the Historic Retail Trading Mania on Wall Street",nbcsandiego.com
2021-01-30 18:15:00+00:00,2021-01-30,FTX adds WSB Index after the GameStop short squeeze,invezz.com
2021-01-30 18:15:00+00:00,2021-01-30,What is Robinhood and why is it facing a class - action lawsuit ?,invezz.com
2021-01-30 18:15:00+00:00,2021-01-30,US SEC opens the investigation regarding Robinhood and WSB,invezz.com
2021-01-30 19:15:00+00:00,2021-01-30,A Redditor found a brilliant way to beat Robinhood GameStop restrictions,msn.com
2021-01-30 20:30:00+00:00,2021-01-30,"It Not Just Robinhood , Reddit Rebellion Has Clogged Entire Financial System Plumbing",zerohedge.com
2021-01-30 21:15:00+00:00,2021-01-30,Reddit Preparing To Unleash World Biggest Short Squeeze In Silver,zerohedge.com
2021-01-30 22:15:00+00:00,2021-01-30,"Gamestop : When will the bubble burst , and will it take down the rest of the market ?",newshub.co.nz
2021-01-30 22:30:00+00:00,2021-01-30,Gamestop Is Getting Wilder By The Second,cracked.com
2021-01-30 22:45:00+00:00,2021-01-30,Some furious Robinhood traders are suing but they face two big road blocks,morningstar.com
2021-01-30 23:15:00+00:00,2021-01-30,"GameStop mayhem , Robinhood scandal , Musk tweets , DOGE explodes : Hodler Digest",cointelegraph.com
2021-01-31 00:45:00+00:00,2021-01-31,GameStop share price hits dizzying heights as WallStreetBets Reddit users refuse to back down,news.com.au
2021-01-31 00:45:00+00:00,2021-01-31,Wolves of Reddit mock humbled hedge funds with giant billboard in NYC and airplane banner,dailymail.co.uk
2021-01-31 01:45:00+00:00,2021-01-31,Defiant Redditors buy Times Square billboard as GameStop stock saga rages,foxbusiness.com
2021-01-31 02:00:00+00:00,2021-01-31,"Defiant Redditors buy billboard on Times Square , say they wont sell GameStop shares",msn.com
2021-01-31 04:00:00+00:00,2021-01-31,"Taibbi : Suck It , Wall Street !",zerohedge.com
2021-01-31 04:45:00+00:00,2021-01-31,Bubble Markets Display Bizarre Behavior Right Before They Tumble,forbes.com
2021-01-31 05:45:00+00:00,2021-01-31,Investor from Reddit uses GameStop earnings to buy Nintendo Switch for children hospital,business.inquirer.net
2021-01-31 05:45:00+00:00,2021-01-31,"Beyond GameStop , AMC , Nokia And Blackberry Have Also Seen A Retail Mob Rallying Their Prices Up",moneycontrol.com
2021-01-31 06:00:00+00:00,2021-01-31,Analysis : A tulip by another name ? Gamestonk and the case for investor caution,marketscreener.com
2021-01-31 06:45:00+00:00,2021-01-31,What happened on the stock market today ? How GameStop rose so quickly .,clarionledger.com
2021-01-31 07:45:00+00:00,2021-01-31,The Day - The Gamestop bubble is an age - old financial craze with a modern twist - News from southeastern Connecticut,theday.com
2021-01-31 08:15:00+00:00,2021-01-31,"Reddit Traders Squeeze GameStop , And These 5 Stocks Could Be Next",investorplace.com
2021-01-31 09:15:00+00:00,2021-01-31,Robinhood exec contributions to House Financial Services panel leaders under scrutiny as hearing over GameStop saga announced RT united states News,rt.com
2021-01-31 10:00:00+00:00,2021-01-31,GameStop Stock Price Rises Following Poker Player Reddit Post,cardschat.com
2021-01-31 10:45:00+00:00,2021-01-31,GameStop Reddit army trolls Wall Street billionaires with billboards and plane banners gloating over stock gains,thesun.co.uk
2021-01-31 10:45:00+00:00,2021-01-31,A tulip by another name ? Gamestonk and the case for investor caution,japantimes.co.jp
2021-01-31 11:00:00+00:00,2021-01-31,"Apple ( AAPL ), AMC Entertainment Holdings ( AMC ), Amazon ( AMZN ), Bed Bath & Beyond ( BBBY ), Crown Castle International Corp . ( CCI ), Deere & Company ( DE ), Freeport - McMoRan ( FCX ), Gamestop Corp . ( GME ), Johnson & Johnson ( JNJ ), Micros...",benzinga.com
2021-01-31 12:00:00+00:00,2021-01-31,The 3 Stocks WallStreetBets Should Really Be Rooting For,wacotrib.com
2021-01-31 13:15:00+00:00,2021-01-31,"Stock market crash , how WallStreetBets helps to end the bull run : BofA",businessinsider.com
2021-01-31 13:30:00+00:00,2021-01-31,"GameStop mayhem hits close to home for co - founder son , who active on WallStreetBets",msn.com
2021-01-31 13:45:00+00:00,2021-01-31,What you need to know about GameStop stock price chaos,news-journal.com
2021-01-31 14:15:00+00:00,2021-01-31,"Barron Latest Picks And Pans : Roundtable Picks , Quantumscape , Commodities And More",finance.yahoo.com
2021-01-31 14:15:00+00:00,2021-01-31,"GameStop , a tulip by another name , raises caution",thestar.com.my
2021-01-31 15:15:00+00:00,2021-01-31,GameStop army trolls Wall Street with billboards and plane banners boasting about profits : Were not leaving,meaww.com
2021-01-31 15:30:00+00:00,2021-01-31,Twitter reacts to Brockton native Keith Gill behind GameStop stock,enterprisenews.com
2021-01-31 15:45:00+00:00,2021-01-31,GameStop Redditors buy playful Times Square billboard ad,nme.com
2021-01-31 16:30:00+00:00,2021-01-31,The Week Ahead : The Reddit Threat,econintersect.com
2021-01-31 18:00:00+00:00,2021-01-31,The man who turned the investing world upside down - Insights from The Wall Street Journal,biznews.com
2021-01-31 18:15:00+00:00,2021-01-31,Gamestonk [ GME ]? Did Tesla [ TSLA ] Shorts & Retail Investors Pave The Way ?,cleantechnica.com
2021-01-31 19:45:00+00:00,2021-01-31,"GameStop Stocks Soar , Plummet , and Soar Again Thanks to Reddit",dualshockers.com
2021-01-31 21:15:00+00:00,2021-01-31,"S & P 500 Weekly Forecast : A Black Swan so soon for 2021 in Gamestop GME , a new dynamic",fxstreet.com
2021-01-31 22:00:00+00:00,2021-01-31,"Now Reddit investors are talking about targeting silver , and that could change everything -- Puppet Masters -- Sott . net",sott.net
2021-01-31 22:15:00+00:00,2021-01-31,Tucker Carlson and Dave Portnoy Outlines the Reddit vs Wall Street Market Manipulation,theconservativetreehouse.com
2021-01-31 22:15:00+00:00,2021-01-31,It not just Robinhood : The Reddit Rebellion has gummed up the entire financial system plumbing -- Society Child -- Sott . net,sott.net
2021-01-31 22:15:00+00:00,2021-01-31,Everyone is afraid ahead of the open as Reddit - Raiders spark nationwide physical silver shortage -- Puppet Masters -- Sott . net,sott.net
2021-01-31 22:45:00+00:00,2021-01-31,Melvin Capital News | Live Feed & Top Stories,newsnow.co.uk
2021-01-31 23:15:00+00:00,2021-01-31,GameStop : Reddit trolls Wall Street hedge funds with billboards,news.com.au
2021-01-31 23:30:00+00:00,2021-01-31,Revenge of the little guys : GameStop investors troll hedge fund billionaires with taunting billboards,bizpacreview.com
2021-01-31 23:45:00+00:00,2021-01-31,"GameStop stock : Defiant WallStreetBets Redditors buy billboard on Times Square , say they wont sell",newshub.co.nz
2021-01-31 23:45:00+00:00,2021-01-31,Are These The Best Heavily Shorted Stocks To Buy Right Now ? 5 Names To Watch,markets.buffalonews.com
2021-02-01 00:00:00+00:00,2021-02-01,GameStop investors troll Wall St fat cats,whitsundaytimes.com.au
2021-02-01 00:00:00+00:00,2021-02-01,Are These The Best Heavily Shorted Stocks To Buy Right Now ? 5 Names To Watch,finance.dailyherald.com
2021-02-01 00:00:00+00:00,2021-02-01,GameStop : Reddit trolls Wall Street hedge funds with billboards,couriermail.com.au
2021-02-01 02:15:00+00:00,2021-02-01,"Suck It , Wall Street -- Society Child -- Sott . net",sott.net
2021-02-01 04:15:00+00:00,2021-02-01,5 Top Weekly TSX Stocks : First Majestic Up on Speculative Trading,investingnews.com
2021-02-01 04:30:00+00:00,2021-02-01,Why everybody should be worried about WallStreetBets,investordaily.com.au
2021-02-01 04:45:00+00:00,2021-02-01,5 Top Weekly TSXV Stocks : St . James Gold Up Over 100 Percent,investingnews.com
2021-02-01 05:15:00+00:00,2021-02-01,Why these ASX silver shares are surging today,fool.com.au
2021-02-01 05:15:00+00:00,2021-02-01,IG Group restricts trading on GameStop and AMC due to extreme volatility,globalbankingandfinance.com
2021-02-01 05:30:00+00:00,2021-02-01,How Might the GameStop Run Develop in Week Two ?,msn.com
2021-02-01 05:45:00+00:00,2021-02-01,GamerStopGate Why The Left Hates Normal Americans Making Money Day Trading | Articles,vdare.com
2021-02-01 06:15:00+00:00,2021-02-01,Latest Articles,freerepublic.com
2021-02-01 06:45:00+00:00,2021-02-01,Why GameStop saga probably couldnt happen here,afr.com
2021-02-01 07:45:00+00:00,2021-02-01,The Gamestop bubble is an age - old financial craze with a modern twist,jewishworldreview.com
2021-02-01 07:45:00+00:00,2021-02-01,Is The Reddit Army On The Verge Of Creating The Most Epic Silver Short Squeeze In U . S . History ?,theeconomiccollapseblog.com
2021-02-01 09:00:00+00:00,2021-02-01,Game Over - LewRockwell,lewrockwell.com
2021-02-01 10:00:00+00:00,2021-02-01,The corruption behind the Robinhood disaster skyrockets to the moon,dailytrojan.com
2021-02-01 10:30:00+00:00,2021-02-01,"Gamestop Corporation ( NYSE : GME ), ( AMC ) - GameStop , AMC , Silver Stocks Continue Rally Pre - Market",benzinga.com
2021-02-01 11:30:00+00:00,2021-02-01,GameStop Revolt And Capitol Insurrection Speaks Volumes About America Social Contract,article.wn.com
2021-02-01 11:30:00+00:00,2021-02-01,I Bought Tens of Thousands of Dollars of GameStop Stock . And I Have No Regrets .,newrepublic.com
2021-02-01 11:30:00+00:00,2021-02-01,Why Squeezing iShares Silver Trust Is Doomed to Fail,channel3000.com
2021-02-01 11:45:00+00:00,2021-02-01,The 3 Stocks WallStreetBets Should Really Be Rooting For,herald-review.com
2021-02-01 11:45:00+00:00,2021-02-01,The Top 50 Robinhood Stocks in February,fool.com
2021-02-01 12:30:00+00:00,2021-02-01,"AMC , Nokia and other meme stocks targeted by Reddit Wallstreetbets",cbsnews.com
2021-02-01 12:45:00+00:00,2021-02-01,"To understand the GameStop Redditors , listen to them",thenationalnews.com
2021-02-01 13:00:00+00:00,2021-02-01,This New Week May See Increased Trading Activity from Reddit Investors,coinspeaker.com
2021-02-01 13:00:00+00:00,2021-02-01,"Melvin Capital Lost 53 % in January , Hurt by GameStop Bets",coinspeaker.com
2021-02-01 13:00:00+00:00,2021-02-01,"Silver , GameStop , Robinhood , Exxon / Chevron : 5 Things You Must Know",thestreet.com
2021-02-01 13:30:00+00:00,2021-02-01,It Been Nuts : Silver Surges Most Since Lehman Bankruptcy ; Hits 7 - Year High Over $30,zerohedge.com
2021-02-01 14:00:00+00:00,2021-02-01,GameStop and Reddit : What happening in the stock market ?,techxplore.com
2021-02-01 14:00:00+00:00,2021-02-01,FTSE 100 finds silver lining,proactiveinvestors.co.uk
2021-02-01 14:00:00+00:00,2021-02-01,Michael Burry compared GameStop to The Big Short - and said he would cash out if he won big on the stock,businessinsider.in
2021-02-01 15:15:00+00:00,2021-02-01,Redditors push silver to eight - year high,dailymail.co.uk
2021-02-01 15:15:00+00:00,2021-02-01,Arnold Ahlert : Wall Street Is Part of the Swamp The Patriot Post,patriotpost.us
2021-02-01 15:15:00+00:00,2021-02-01,Is The Reddit Army On The Verge Of Creating The Most Epic Silver Short Squeeze In U . S . History ? – Investment Watch,investmentwatchblog.com
2021-02-01 15:15:00+00:00,2021-02-01,These Are The Shadowy New York Financial Institutions That Forced Robinhood To Restrict Trading In Certain Stocks – Investment Watch,investmentwatchblog.com
2021-02-01 15:30:00+00:00,2021-02-01,Wall Street opens higher as retail trader frenzy reaches silver market,proactiveinvestors.com
2021-02-01 15:30:00+00:00,2021-02-01,Wolf of Broad Street : UGA community discusses squeeze on Wall Street short sellers,redandblack.com
2021-02-01 15:30:00+00:00,2021-02-01,"Silver Miners Hecla , Wheaton Surge on Retail Investor Demand for Metal",thestreet.com
2021-02-01 15:45:00+00:00,2021-02-01,The Silver Squeeze : Redditors Divided And Silver Value Soars As Online Traders Switch Focus To Commodities,forbes.com
2021-02-01 15:45:00+00:00,2021-02-01,"Redditors Bought Ad on Times Square Billboard to Celebrate GameStop Victory , Internet Cant Get Over it",news18.com
2021-02-01 16:00:00+00:00,2021-02-01,"Dow Jones Today , Stocks Rebound Amid Stimulus Talks ; Tesla Target Doubled , Reddit Crew Buys SPACs , Silver",investors.com
2021-02-01 16:00:00+00:00,2021-02-01,These Are The Shadowy New York Financial Institutions That Forced Robinhood To Restrict Trading In Certain Stocks,infowars.com
2021-02-01 16:00:00+00:00,2021-02-01,WallStreetBets Is Waging a David vs . Goliath Battle Against Financial Titans and the Victor Will Determine How the Market Approaches Shorting and the Rehypothecation of Securities,wccftech.com
2021-02-01 16:15:00+00:00,2021-02-01,ROBINHOOD SF Aerial Banner,hypebeast.com
2021-02-01 16:45:00+00:00,2021-02-01,Reddit WallStreetBets Users Urge Others Not to Buy Silver ; Stick With Gamestop,theepochtimes.com
2021-02-01 17:15:00+00:00,2021-02-01,Reddit r / WallStreetBets Killed A Hedge Fund . Youll Love What Next .,investorplace.com
2021-02-01 17:15:00+00:00,2021-02-01,Stock Market Live Updates Monday : Where Will the Reddit Story Go Next ?,investorplace.com
2021-02-01 17:30:00+00:00,2021-02-01,"Need to Know : WallStreetBets has set its sights on silver the price surge doesnt seem far - stretched yet but it may be short - lived , says this analyst",mrtopstep.com
2021-02-01 17:30:00+00:00,2021-02-01,WallStreetBets triggers silver market frenzy in attempt to stick it to Wall Street,cbsnews.com
2021-02-01 18:00:00+00:00,2021-02-01,FTSE 100 enjoys solid day,proactiveinvestors.co.uk
2021-02-01 18:00:00+00:00,2021-02-01,Dow Rallies As Republicans Offer Biden Stimulus Bargain ; Microsoft Surges As Gamestop Falls,investors.com
2021-02-01 18:00:00+00:00,2021-02-01,GameStop ( GME ) Shares Slightly Down in Pre - Market amid Retail Boost,coinspeaker.com
2021-02-01 18:15:00+00:00,2021-02-01,Keith Gill : From star runner to investment disruptor - The Wall Street Journal,biznews.com
2021-02-01 18:15:00+00:00,2021-02-01,"Silver Price Spikes to $30 as WallStreetBets Pours a Record 1 , 000 Tonnes into SLV",bullionvault.com
2021-02-01 18:15:00+00:00,2021-02-01,Dow rebounds 200 points after suffering worst week since October,businessinsider.in
2021-02-01 18:30:00+00:00,2021-02-01,4 Top Silver Stocks To Watch Right Now,finance.dailyherald.com
2021-02-01 18:45:00+00:00,2021-02-01,CCIV Stock : Is Reddit Lifting CCIV Before a Lucid Motors SPAC Merger ?,investorplace.com
2021-02-01 18:45:00+00:00,2021-02-01,Silver Price Sparkles In Short - Squeeze ; GameStop Stock Falls As Robinhood Eases Limits,investors.com
2021-02-01 19:00:00+00:00,2021-02-01,GameStop short squeeze fuels new stock - market services tracking Reddit messages,marketwatch.com
2021-02-01 19:00:00+00:00,2021-02-01,GameStop stock retreats from record gains after more than half of short positions eliminated,marketwatch.com
2021-02-01 19:00:00+00:00,2021-02-01,"Silver gets the GameStop treatment , rallies by as much as 13 %",marketwatch.com
2021-02-01 19:00:00+00:00,2021-02-01,GameStop : Redditors give Wall Street a run for its money,icaew.com
2021-02-01 19:00:00+00:00,2021-02-01,"AMC Entertainment Holdings ( AMC ), Gamestop Corp . ( GME ), Nokia Corp . ( NOK ), iShares Silver Trust ( SLV ) - WallStreetBets Posters Warn Retail Traders On Silver Squeeze : The Antithesis Of Who We Are",benzinga.com
2021-02-01 19:15:00+00:00,2021-02-01,What happened on the stock market today ? How GameStop rose so quickly .,dispatch.com
2021-02-01 19:15:00+00:00,2021-02-01,"Retirement Tip of the Week : Active investing , a Reddit - fueled GameStop rally and your retirement savings",marketwatch.com
2021-02-01 19:15:00+00:00,2021-02-01,How the Reddit - fueled options frenzy could price itself out of existence,marketwatch.com
2021-02-01 19:15:00+00:00,2021-02-01,The Psychology of Ideological Investing,psychologytoday.com
2021-02-01 19:30:00+00:00,2021-02-01,Explained : The Adrenaline - Driven Rise to GameStop Stock,credit.com
2021-02-01 19:45:00+00:00,2021-02-01,GameStop billboard and plane mocking Robinhood emerge,businessinsider.com
2021-02-01 20:15:00+00:00,2021-02-01,"Emotional involvement has never been this high , please understand the risk involved . – Investment Watch",investmentwatchblog.com
2021-02-01 20:15:00+00:00,2021-02-01,Mid - Day Digest,patriotpost.us
2021-02-01 20:30:00+00:00,2021-02-01,The GameStop frenzy is moving fast . Catch up here,cnn.com
2021-02-01 20:30:00+00:00,2021-02-01,"GameStop Stock Is Down , Hard , in the Latest Wild Swing",marketwatch.com
2021-02-01 20:45:00+00:00,2021-02-01,Daily Do Good : Investor Pays Forward GameStop Gains To Sick Kids | Y102,y102reading.iheart.com
2021-02-01 20:45:00+00:00,2021-02-01,"Welcome , New Generation of Speculators",thestreet.com
2021-02-01 20:45:00+00:00,2021-02-01,Big Shorts Feeling The Big Squeeze,finance.townhall.com
2021-02-01 20:45:00+00:00,2021-02-01,Did Boys Noize Just Drop A Meme Trap Song About GameStop on Audius ?,youredm.com
2021-02-01 21:15:00+00:00,2021-02-01,"The stock market , explained by my Tinder matches",mashable.com
2021-02-01 21:30:00+00:00,2021-02-01,Looking for the Next GameStop ?,energyandcapital.com
2021-02-01 22:00:00+00:00,2021-02-01,People paid for a Times Square billboard to promote GameStop trading and even a plane banner mocking Robinhood,businessinsider.in
2021-02-01 22:00:00+00:00,2021-02-01,Investor puts GameStop gains to good use at Texas children hospital,foxnews.com
2021-02-01 22:00:00+00:00,2021-02-01,"Robinhood Has Loosened Limitations on Buying GameStop , AMC and Other Meme Stocks",newsweek.com
2021-02-01 22:15:00+00:00,2021-02-01,Reddit activists cause silver futures to suffer wave of sales not seen since collapse of Lehman . Or did they ? -- Society Child -- Sott . net,sott.net
2021-02-01 22:15:00+00:00,2021-02-01,Gamestonk or silver ? Reddit investors worry about losing GameStop focus,reuters.com
2021-02-01 22:30:00+00:00,2021-02-01,"AMC Entertainment Holdings ( AMC ), AIRSHARES EU CARBON ( ASO ), Accelerate Diagnostics ( AXDX ), Bed Bath & Beyond ( BBBY ), Best Buy Co . ( BBY ), National Beverage ( FIZZ ), Gamestop Corp . ( GME ), Ligand Pharmaceuticals Incorporated ( LGND ), Ma...",benzinga.com
2021-02-01 22:30:00+00:00,2021-02-01,Robinhood CEO Vlad Tenev to be hauled before Congress to testify on GameStop trades,dailymail.co.uk
2021-02-01 22:30:00+00:00,2021-02-01,10 Top Shorted Stocks for Longer - Term Buyers,msn.com
2021-02-01 22:45:00+00:00,2021-02-01,"( AMC ), BlackBerry ( NASDAQ : BB ) - This Is Not The Market Participant Problem : Volatility Arbitrage Trader Talks GameStop , Market Microstructure , Regulation",benzinga.com
2021-02-01 22:45:00+00:00,2021-02-01,"Gamestop Corporation ( NYSE : GME ), ( CHWY ) - $1 , 000 , 5 Years Later : What Would GameStop Stock Be Worth ?",benzinga.com
2021-02-01 22:45:00+00:00,2021-02-01,The Curious Case of the GameStop Short Squeeze,wealthdaily.com
2021-02-01 23:15:00+00:00,2021-02-01,Gamestonk or silver ? Reddit investors worry about losing GameStop focus | WSAU News / Talk 550 AM · 99 . 9 FM,wsau.com
2021-02-01 23:30:00+00:00,2021-02-01,Gamestonk or silver ? Reddit investors worry about losing GameStop focus | Kat Country 98 . 9,katcountry989.com
2021-02-01 23:30:00+00:00,2021-02-01,Jordan Belfort Encourages GameStop Traders Via Wolf of Wall Street Scene,hollywoodreporter.com
2021-02-01 23:30:00+00:00,2021-02-01,Reddit users fuel rally in silver,livemint.com
2021-02-01 23:45:00+00:00,2021-02-01,How GameStop Demonstrates the Phenomenon of Ideological Investing,psychologytoday.com
2021-02-02 00:00:00+00:00,2021-02-02,Gamestonk or silver ? Reddit investors worry about losing GameStop focus,reuters.com
2021-02-02 00:30:00+00:00,2021-02-02,Jordan Belfort Encourages GameStop Traders Via Wolf of Wall Street Scene,hollywoodreporter.com
2021-02-02 00:30:00+00:00,2021-02-02,"Robinhood traders celebrate stock wins including amateur , 23 , who made $6K in 4hrs ... but experts predict trainwreck",thesun.co.uk
2021-02-02 00:45:00+00:00,2021-02-02,Wall Street ends higher as investor confidence returns ; silver futures take over as retail investor trade du jour,proactiveinvestors.com
2021-02-02 00:45:00+00:00,2021-02-02,"GameStop , AMC origins were in a letter from a Wall Street investor before a Reddit WallStreetBets message board took up the cause",washingtonpost.com
2021-02-02 02:00:00+00:00,2021-02-02,An Investor Pays Forward GameStop Gains To Sick Kids,1067theeagle.iheart.com
2021-02-02 02:00:00+00:00,2021-02-02,Dow soars 229 points as stocks stage biggest rally in 12 weeks,businessinsider.in
2021-02-02 02:00:00+00:00,2021-02-02,"Lobo Tiggre : Silver Surge May be Brief , Focus on Fundamentals",investingnews.com
2021-02-02 02:45:00+00:00,2021-02-02,Carnes : Short - changing the shorters,vaildaily.com
2021-02-02 03:30:00+00:00,2021-02-02,Welcome to the Thunderdome : An Imperfect Theory of What Going On,etftrends.com
2021-02-02 04:00:00+00:00,2021-02-02,The GameStop stock craze is about a populist uprising against Wall Street . But it more complicated than that .,msn.com
2021-02-02 04:30:00+00:00,2021-02-02,Retail investors turn attention to silver as GameStop shares retreat,isp.netscape.com
2021-02-02 04:45:00+00:00,2021-02-02,"AMC Entertainment Holdings ( AMC ), Gamestop Corp . ( GME ) - Why Sundial Growers Stock Spiked 48 . 5 % Today",benzinga.com
2021-02-02 06:00:00+00:00,2021-02-02,Retail army silver trade loses shine,afr.com
2021-02-02 06:00:00+00:00,2021-02-02,Why You Shouldnt Go Full YOLO On GameStop Stock,ibtimes.com
2021-02-02 06:00:00+00:00,2021-02-02,Robinhood Restrictions Update : What 8 Reddit Stocks Are Still On The List ?,ibtimes.com
2021-02-02 07:30:00+00:00,2021-02-02,Media diverts attention to silver amid GameStop rush,naturalnews.com
2021-02-02 09:15:00+00:00,2021-02-02,GameStop stock : why Google removed Robinhood Play Store reviews,express.co.uk
2021-02-02 10:00:00+00:00,2021-02-02,"WRAPUP 1 - GameStop slides , silver spree stalls as retail traders run out of road",msn.com
2021-02-02 10:00:00+00:00,2021-02-02,Big Hearted Investor Pays Forward GameStop Gains To Sick Kids | WACO - FM,waco100.iheart.com
2021-02-02 10:15:00+00:00,2021-02-02,"GameStop slides , silver spree stalls as retail traders run out of road",reuters.com
2021-02-02 11:00:00+00:00,2021-02-02,GameStop investor motives : Take a YOLO bet . Ruin a billionaire life .,dailyrepublic.com
2021-02-02 11:30:00+00:00,2021-02-02,NOK Stock Price and News : Nokia Oyj stands out with a rise while other WSB stocks suffer,fxstreet.com
2021-02-02 11:30:00+00:00,2021-02-02,Silver rises more than 10 % Monday,themountainmail.com
2021-02-02 11:45:00+00:00,2021-02-02,The Reddit Rebels Take a Shine to Silver - Investing Daily,investingdaily.com
2021-02-02 12:30:00+00:00,2021-02-02,"Dow Jones , S & P 500 Start February with Gains , Speculative Retail Trading Concerns Over ?",coinspeaker.com
2021-02-02 12:30:00+00:00,2021-02-02,"GameStop ( GME ) Stock Tanks 30 % on Monday , Reddit Army Shifts Focus to Silver",coinspeaker.com
2021-02-02 12:30:00+00:00,2021-02-02,Why the WallStreetBets crowd isnt scaring JPMorgan or Goldman away from stocks,marketwatch.com
2021-02-02 12:30:00+00:00,2021-02-02,"Robinhood : Why it stopped GameStop trades , everything else you should know",cnet.com
2021-02-02 13:00:00+00:00,2021-02-02,5 Ultra - Popular Stocks to Avoid Like the Plague in February,fool.com
2021-02-02 14:00:00+00:00,2021-02-02,"Dow Jones Today , Futures Rise On Stimulus , Covid Optimism ; GameStop Dives ; Google In Buy Range , Earnings Due",investors.com
2021-02-02 14:00:00+00:00,2021-02-02,"WRAPUP 2 - GameStop slides , silver spree stalls as retail traders run out of road",thesundaily.my
2021-02-02 14:30:00+00:00,2021-02-02,The Wide Shot : Why flywheel is Hollywood latest buzzword,latimes.com
2021-02-02 14:45:00+00:00,2021-02-02,Investor Pays Forward GameStop Gains To Sick Kids | KAT 103 . 7FM,thekat.iheart.com
2021-02-02 14:45:00+00:00,2021-02-02,GameStop – Time to Sell ? What the Experts Say,gobankingrates.com
2021-02-02 15:00:00+00:00,2021-02-02,"Robinhood future is toast , says Wolf of Wall Street Jordan Belfort",msn.com
2021-02-02 15:30:00+00:00,2021-02-02,FTSE 100 enjoys solid day,proactiveinvestors.com
2021-02-02 15:45:00+00:00,2021-02-02,Mystery surrounding Robinhood app and GameStop price spike : Now unravelled ?,gulfnews.com
2021-02-02 15:45:00+00:00,2021-02-02,"GameStop slides , silver spree stalls as retail traders run out of road By Reuters",investing.com
2021-02-02 15:45:00+00:00,2021-02-02,MrBeast | Benzinga,benzinga.com
2021-02-02 15:45:00+00:00,2021-02-02,"How a Short Squeeze Catapulted , Then Crushed , Then Again Catapulted GameStop",fool.com
2021-02-02 15:45:00+00:00,2021-02-02,GameStop stock : Reddit WallStreetBets users discuss GME short squeeze,cincinnati.com
2021-02-02 16:15:00+00:00,2021-02-02,There Are No Stock Market Heroes,morningstar.com
2021-02-02 16:45:00+00:00,2021-02-02,Even Worse Than a Bubble - The Daily Reckoning,dailyreckoning.com
2021-02-02 16:45:00+00:00,2021-02-02,"Gamestop Corporation ( NYSE : GME ), Herbalife LTD . ( NYSE : HLF ) - 6 Highlights From Mark Cuban Reddit AMA : GameStop , Robinhood , WSB And Much More",benzinga.com
2021-02-02 16:45:00+00:00,2021-02-02,"Making sense of the markets this week : February 1 , 2021",moneysense.ca
2021-02-02 17:00:00+00:00,2021-02-02,GameStop Corp stock halves but billionaire Mark Cuban calls for diamond hands,proactiveinvestors.co.uk
2021-02-02 17:15:00+00:00,2021-02-02,"Even Before WallStreetBets , Shorting GameStop Didnt Make Sense",fool.com
2021-02-02 17:30:00+00:00,2021-02-02,GameStop Stock Drops Then Increases After Robinhood Lifts Restrictions,theepochtimes.com
2021-02-02 17:30:00+00:00,2021-02-02,Elon Musk Is Off Twitter . No One Knows Why .,marketwatch.com
2021-02-02 17:45:00+00:00,2021-02-02,Game over for the Reddit rally ? Hot stocks cool quickly,ksl.com
2021-02-02 18:15:00+00:00,2021-02-02,Silver Sinks as Investor Frenzy Cools After Reddit Backlash,news.yahoo.com
2021-02-02 18:15:00+00:00,2021-02-02,GameStop Short Sellers Are Fleeing . Bulls May Want Them Back .,marketwatch.com
2021-02-02 18:30:00+00:00,2021-02-02,"GameStop shares halve , spelling possible end to manic Reddit rally",metro.us
2021-02-02 18:30:00+00:00,2021-02-02,"Dow Jones Surges After Biden Barters With GOP On Stimulus ; GameStop , Reddit Stocks Plunge",investors.com
2021-02-02 18:30:00+00:00,2021-02-02,"GameStop Stock , AMC , Other Reddit Plays Continue To Plunge",investors.com
2021-02-02 18:45:00+00:00,2021-02-02,Game Over For The Reddit Rally ? Hot Stocks Cool Quickly,moneycontrol.com
2021-02-02 18:45:00+00:00,2021-02-02,"( AMC ), Gamestop Corporation ( NYSE : GME ) - Why Short Sellers Help Keep The Stock Market In Check : Pricing Mechanism Is Broken Without Them",benzinga.com
2021-02-02 18:45:00+00:00,2021-02-02,"GameStop shares tumble , spelling possible end to manic Reddit rally",smh.com.au
2021-02-02 18:45:00+00:00,2021-02-02,Stock Market Today With Jim Cramer : Buy Uber,thestreet.com
2021-02-02 19:15:00+00:00,2021-02-02,Silver Selloff Accelerates With Reddit Frenzy Unraveling,msn.com
2021-02-02 19:45:00+00:00,2021-02-02,Robinhood relaxes buying restrictions on plunging GameStop shares,dailymail.co.uk
2021-02-02 20:00:00+00:00,2021-02-02,"GameStop shares halve , spelling possible end to manic Reddit rally - Markets & Companies - Business",english.ahram.org.eg
2021-02-02 20:15:00+00:00,2021-02-02,Best places to buy SNDL : the latest WallStreetBets play,invezz.com
2021-02-02 20:30:00+00:00,2021-02-02,Rickards : This insanity is one more sign of a dangerous market top – Investment Watch,investmentwatchblog.com
2021-02-02 20:30:00+00:00,2021-02-02,Media diverts attention to silver amid GameStop rush – Investment Watch,investmentwatchblog.com
2021-02-02 21:15:00+00:00,2021-02-02,Why the Silver Trade Shouldnt Be Lumped In With GameStop Stock and AMC,marketwatch.com
2021-02-02 21:15:00+00:00,2021-02-02,How One ETF Took Silver on a Roller - Coaster Ride,marketwatch.com
2021-02-02 21:30:00+00:00,2021-02-02,"Hold If You Can Afford To , Billionaire Mark Cuban Tells GameStop Shareholders",zerohedge.com
2021-02-02 21:45:00+00:00,2021-02-02,Is the Reddit army on the verge of creating the most epic silver short squeeze In U . S . history ?,naturalnews.com
2021-02-02 22:15:00+00:00,2021-02-02,3 IPOs To Keep an Eye Out for,wealthdaily.com
2021-02-02 23:45:00+00:00,2021-02-02,"Reddit User Who Helped Inspire GameStop Mania Says He Lost $13 Million on Tuesday , But Is Still Holding on",nbcphiladelphia.com
2021-02-03 00:00:00+00:00,2021-02-03,Reddit group founded on high risk returns hits Wall Street with GameStop effort,techxplore.com
2021-02-03 00:45:00+00:00,2021-02-03,Silver Expectations Given GameStop Price Action and the Reddit Revolution :: The Market Oracle ::,marketoracle.co.uk
2021-02-03 01:45:00+00:00,2021-02-03,"02Feb2021 Market Close : Oil Prices Rise As Producers Stick To Supply Curbs , WTI Crude 54 . 82 , DOW Closes Up 476 Points , Nasdaq At +1 . 6 %, Silver 26 . 54 , Bitcoin 35680",econintersect.com
2021-02-03 02:45:00+00:00,2021-02-03,Two Films About Reddit GameStonk Controversy Are Already In The Works,cracked.com
2021-02-03 04:00:00+00:00,2021-02-03,Reddit Trader DeepFuckingValue Loses $19 Million In Two Days As He Holds On To Gamestop Stock,zerohedge.com
2021-02-03 04:30:00+00:00,2021-02-03,"Gamestop Corporation ( NYSE : GME ) - Roaring Kitty , AKA DeepF --- ingValue , Loses $13 . 6M In A Day On GameStop Bet",benzinga.com
2021-02-03 05:45:00+00:00,2021-02-03,Top US stocks grabbing the headlines as redditors take on Wall Street,asiaone.com
2021-02-03 05:45:00+00:00,2021-02-03,The charge of the daytrade brigade,dukechronicle.com
2021-02-03 07:15:00+00:00,2021-02-03,Excuse Me ? Fmr . SEC Commissioner Compares Populist Gatecrashing of Wall Street to Capitol Hill Riot,townhall.com
2021-02-03 08:45:00+00:00,2021-02-03,GameStop Corp stock halves but billionaire Mark Cuban calls for diamond hands,proactiveinvestors.com
2021-02-03 09:15:00+00:00,2021-02-03,Electric Vehicle Manufacturing Stocks to Consider Feature Entrants Other Than Tesla,finance.townhall.com
2021-02-03 09:30:00+00:00,2021-02-03,Gamestop shares fall along with AMC as Reddit army retreats,fool.com.au
2021-02-03 09:45:00+00:00,2021-02-03,Short squeeze madness : 3 things you can learn from GameStop stock going up 345 % in 3 weeks,asiaone.com
2021-02-03 10:30:00+00:00,2021-02-03,Trade360 announces maintains stock trading integrity,finanznachrichten.de
2021-02-03 10:30:00+00:00,2021-02-03,"Italy taps Super Mario for PM , risk bid with yields up , memestock hit",global.markets.com
2021-02-03 11:15:00+00:00,2021-02-03,The GameStop - Reddit battle exposed hard truths about our financial system,msnbc.com
2021-02-03 11:45:00+00:00,2021-02-03,Reddit trading frenzy fades as Yellen summons agencies,theglobeandmail.com
2021-02-03 11:45:00+00:00,2021-02-03,"Robinhood Eases Trading Restriction of Shorted Stocks , IPO Plans on Hold",coinspeaker.com
2021-02-03 12:15:00+00:00,2021-02-03,The Grim Reality GameStop and AMC Investors Must Face,fool.com
2021-02-03 12:15:00+00:00,2021-02-03,When the game ends | ORF - Compsmag,compsmag.com
2021-02-03 12:45:00+00:00,2021-02-03,Trade360 announces maintains stock trading integrity | ANP Pers Support | De kortste weg naar publiciteit,perssupport.nl
2021-02-03 13:00:00+00:00,2021-02-03,Trade360 maintains stock trading integrity,tmcnet.com
2021-02-03 13:30:00+00:00,2021-02-03,GameStop Corp : Janet Yellen calls regulators to probe integrity of markets and Reddit WallStreetBets,proactiveinvestors.com
2021-02-03 14:15:00+00:00,2021-02-03,Yellen Gets Ethics Waiver To Lead Regulator Meeting On Gamestop Insanity After Taking $810K From Citadel,zerohedge.com
2021-02-03 15:00:00+00:00,2021-02-03,GameStop Taps Amazon Web Services Exec Matt Francis as CTO,thestreet.com
2021-02-03 15:15:00+00:00,2021-02-03,Trade360 maintains stock trading integrity | ANP Pers Support | De kortste weg naar publiciteit,perssupport.nl
2021-02-03 15:15:00+00:00,2021-02-03,Market movers : Stocks seeing action on Wednesday - and why,theglobeandmail.com
2021-02-03 15:30:00+00:00,2021-02-03,BlackBerry Stock Soars Over 250 % Then Plummets 50 %,fool.ca
2021-02-03 15:30:00+00:00,2021-02-03,The Crazy World of Stonks Explained – Investment Watch,investmentwatchblog.com
2021-02-03 15:45:00+00:00,2021-02-03,"Forget GameStop , This Reddit Stock Was a Bigger Winner Last Week",fool.com
2021-02-03 16:00:00+00:00,2021-02-03,"03Feb2021 Pre - Market Commentary : ADP Employment Rebounds Adding 174 K Jobs , DOW Flat , But Rising , Nasdaq Up +0 . 7 %, WTI Climbs 55 . 41 , US Dollar Rises 91 . 24 , Bitcoin 36 , 660",econintersect.com
2021-02-03 16:15:00+00:00,2021-02-03,Degenerates Distracted By Shiny Objects,dealbreaker.com
2021-02-03 16:30:00+00:00,2021-02-03,The amateur NZ traders riding the GameStop and cryptocurrency waves,thespinoff.co.nz
2021-02-03 17:00:00+00:00,2021-02-03,Robinhood Play Store reviews are back down to 1 . 1 stars,androidpolice.com
2021-02-03 17:15:00+00:00,2021-02-03,Out of Options,nplusonemag.com
2021-02-03 18:30:00+00:00,2021-02-03,"GameStop Stock , Reddit Stocks Rebound As Mark Cuban See More Short Squeezes",investors.com
2021-02-03 18:30:00+00:00,2021-02-03,OPINION : Who really loses when the game stops with GameStop ?,dailyhive.com
2021-02-03 18:30:00+00:00,2021-02-03,Dow Jones Slips In Mixed Session ; Alibaba Makes This Bullish Move ; GameStop Fights Back,investors.com
2021-02-03 18:45:00+00:00,2021-02-03,10 Biggest Online Brokers in 2021 - Insider Monkey,insidermonkey.com
2021-02-03 19:00:00+00:00,2021-02-03,"Stock market news live updates : Stocks rise , tech shares leap after earnings",msn.com
2021-02-03 19:45:00+00:00,2021-02-03,"Bye Bye Bezos , Hello Google",finance.townhall.com
2021-02-03 20:30:00+00:00,2021-02-03,"On Robinhood , retail investors are the product .",slate.com
2021-02-03 21:00:00+00:00,2021-02-03,What you need to do know about the GameStop frenzy,ubspectrum.com
2021-02-03 21:00:00+00:00,2021-02-03,Meet The Hedge Fund That Made A Killing On The Reddit - Fueled Squeeze,zerohedge.com
2021-02-03 21:15:00+00:00,2021-02-03,Robbing the Wall Street thunderdome,psuvanguard.com
2021-02-03 21:45:00+00:00,2021-02-03,"Anonymous GameStop investor uses profits to donate Nintendo Switches , games to Texas children hospital",fox13news.com
2021-02-03 22:00:00+00:00,2021-02-03,Small Gamestop Investors Arent Giving Up as Price Drops Below $100,theepochtimes.com
2021-02-03 22:45:00+00:00,2021-02-03,"SEC To Crawl Through Social Media , Hunting For Gamestop Manipulation Fraud",zerohedge.com
2021-02-04 00:15:00+00:00,2021-02-04,Robinhood problems : What you should know about the GameStop stock trading controversy,cnet.com
2021-02-04 03:30:00+00:00,2021-02-04,The Real Story Behind the Reddit Backlash,investorplace.com
2021-02-04 06:00:00+00:00,2021-02-04,"People who bought GameStop stock are financial insurrectionists , says media",naturalnews.com
2021-02-04 06:00:00+00:00,2021-02-04,Trade360 announces maintains stock trading integrity,fortuneita.com
2021-02-04 06:00:00+00:00,2021-02-04,Rep . Maxine Waters : I want Keith Gill at GameStop hearing,businessinsider.com
2021-02-04 06:45:00+00:00,2021-02-04,Chris Marcus : Silver Manipulation Has Now Gone Viral,investingnews.com
2021-02-04 08:15:00+00:00,2021-02-04,"Nokia Corporation ( NYSE : NOK ), ( AMC ) - Nokia Reports Q4 Earnings Beat",benzinga.com
2021-02-04 08:15:00+00:00,2021-02-04,"Rep . Maxine Waters says she wants Redditor Keith Gill , Robinhood , and GameStop at a congressional hearing",msn.com
2021-02-04 11:00:00+00:00,2021-02-04,Orlando investors see GameStop stock news as only the beginning for the little guy,orlandosentinel.com
2021-02-04 11:00:00+00:00,2021-02-04,"Market report : Shell dividend , resilient Barratt and Unilever , BoE",news.yahoo.com
2021-02-04 11:30:00+00:00,2021-02-04,How to Use Options to Juice Your Portfolio While Dodging Land Mines,marketwatch.com
2021-02-04 12:45:00+00:00,2021-02-04,"If You Try to Game the Stock Market , Youre Going to Get Played",magicvalley.com
2021-02-04 13:30:00+00:00,2021-02-04,WallStreetBets is America,msn.com
2021-02-04 13:30:00+00:00,2021-02-04,GameStop Corp shares hold steady as regulators meet later today to discuss Reddit stock rally,proactiveinvestors.com
2021-02-04 13:30:00+00:00,2021-02-04,"4 Reasons You Should Avoid GameStop , AMC , and Other WallStreetBets Stocks",msn.com
2021-02-04 13:45:00+00:00,2021-02-04,GameStop mania makes JMU students tens of thousands,breezejmu.org
2021-02-04 15:00:00+00:00,2021-02-04,5 Dividend Stocks Ready For A Reddit Rally,forbes.com
2021-02-04 15:45:00+00:00,2021-02-04,The SEC Is Apparently Looking For Evidence Of Fraud Around GameStop Stocks,gamespot.com
2021-02-04 15:45:00+00:00,2021-02-04,From GOAT To Scapegoat : Redditor Who Made Millions During Gamestop Chaos Already Being Set Up To Take The Fall,zerohedge.com
2021-02-04 16:15:00+00:00,2021-02-04,WRAPUP 3 - Short - seller Hindenburg takes aim at Clover Health as Reddit rally fades,msn.com
2021-02-04 16:15:00+00:00,2021-02-04,Short - seller Hindenburg takes aim at Clover Health as Reddit rally fades,reuters.com
2021-02-04 16:15:00+00:00,2021-02-04,WallStreetBets has its own language : What stock rocket ships and diamond hands tell us about America,vox.com
2021-02-04 16:15:00+00:00,2021-02-04,Reddit rally fades as prominent short seller takes aim at another target,theglobeandmail.com
2021-02-04 17:00:00+00:00,2021-02-04,Dogecoin Price Predictions : How Far Can Elon Musk Take DOGE ?,investorplace.com
2021-02-04 17:30:00+00:00,2021-02-04,Should You Invest in AMC Stock Right Now ?,fool.com
2021-02-04 18:30:00+00:00,2021-02-04,"GameStop Stock , AMC Fall As Yellen Meets Regulators On Reddit Short Squeeze",investors.com
2021-02-04 19:00:00+00:00,2021-02-04,This Weird Investment Could Be The Key To Life - Changing Gains ...,streetauthority.com
2021-02-04 19:45:00+00:00,2021-02-04,GameStop Has 1 Undeniable Advantage | The Motley Fool,fool.com
2021-02-04 20:00:00+00:00,2021-02-04,"Koss Corporation ( NASDAQ : KOSS ), Gamestop Corporation ( NYSE : GME ) - Koss Family Cashes Out Amid Reddit - Fueled Short Squeeze",benzinga.com
2021-02-04 20:30:00+00:00,2021-02-04,The GameStop stock is part of our national pandemic gambling binge .,slate.com
2021-02-04 21:30:00+00:00,2021-02-04,"AMC Entertainment Holdings ( AMC ), Gamestop Corp . ( GME ) - Sundial Growers Closes $74 . 5M Offering After Being Targeted By WallStreetBets",benzinga.com
2021-02-04 21:45:00+00:00,2021-02-04,Should You Invest in AMC Stock Right Now ? - Channel3000 . com,channel3000.com
2021-02-04 21:45:00+00:00,2021-02-04,Stop f ing selling !!! WallStreetBets Redditors go ballistic over GameStop sinking share price,790business.com
2021-02-04 22:00:00+00:00,2021-02-04,"What Just Happened ? The GameStop Frenzy , Legal Questions , and Lessons for Companies | Parker Poe Adams & Bernstein LLP",jdsupra.com
2021-02-04 22:45:00+00:00,2021-02-04,Student who made $30K on GameStop donates to children hospital,today.com
2021-02-04 23:00:00+00:00,2021-02-04,Yellen Meets with Key Financial Regulators to Discuss GameStop Saga,gobankingrates.com
2021-02-04 23:15:00+00:00,2021-02-04,Section 230 enabled Reddit to challenge Wall Street,washingtontimes.com
2021-02-05 00:30:00+00:00,2021-02-05,Stop f ing selling !!! WallStreetBets Redditors go ballistic over GameStop sinking share price,wmac-am.com
2021-02-05 00:45:00+00:00,2021-02-05,"More losses , and more scrutiny , as GameStop plunges again",bostonglobe.com
2021-02-05 01:30:00+00:00,2021-02-05,"GameStop , AMC and Other Meme Stock Collapse : Live Updates",nytimes.com
2021-02-05 01:30:00+00:00,2021-02-05,So Microcap Biotechs Is Where The Market Insanity Is Next ...,zerohedge.com
2021-02-05 02:30:00+00:00,2021-02-05,GameStop stock drops by 42 % in a day as   Reddit rally turns to small pharmaceutical companies,dailymail.co.uk
2021-02-05 03:30:00+00:00,2021-02-05,GameStop sinking share price is sending WallStreetBets Redditors ballistic,9news.com.au
2021-02-05 04:00:00+00:00,2021-02-05,"Everyone Talking About Reddit Stocks , But These Underfollowed Stocks Are Better Buys",fool.com
2021-02-05 04:30:00+00:00,2021-02-05,Stop f --- ing selling !!! WallStreetBets Redditors go ballistic over GameStop sinking share price,channel3000.com
2021-02-05 04:30:00+00:00,2021-02-05,"4 Reasons You Should Avoid GameStop , AMC , and Other WallStreetBets Stocks",fool.com
2021-02-05 04:30:00+00:00,2021-02-05,"How GameStop Investors Took On the Wall Street Goliath , as Told by Twitter",fool.com
2021-02-05 04:30:00+00:00,2021-02-05,"If You Try to Game the Stock Market , Youre Going to Get Played",fool.com
2021-02-05 05:30:00+00:00,2021-02-05,"( AACG ), ( AMC ) - Why ATA Creativity Skyrocketed 951 % Today",benzinga.com
2021-02-05 06:00:00+00:00,2021-02-05,GameStop stock plummets as Reddit rally moves to new sector,news.com.au
2021-02-05 06:00:00+00:00,2021-02-05,David Morgan : Silver Price Not Reflecting Market Activity,investingnews.com
2021-02-05 07:45:00+00:00,2021-02-05,"A HORDE OF BARBARIANS FROM REDDIT HAS SCARED THE SWOONING LADIES OF WALL STREET The revolt against the hedge funds , the last hope of capitalism ?",bursa.ro
2021-02-05 08:00:00+00:00,2021-02-05,Help ! Should I Sell GME and AMC Stock Now or Hold for a Recovery ?,investorplace.com
2021-02-05 09:00:00+00:00,2021-02-05,Has GameStop changed rules for successful investing ?,tribtown.com
2021-02-05 11:30:00+00:00,2021-02-05,"3 Reddit Stocks That Could Fall 75 % to 94 %, According to Wall Street",fool.com
2021-02-05 11:45:00+00:00,2021-02-05,GameStop timeline : A closer look at the saga that upended Wall Street,abcnews.go.com
2021-02-05 13:45:00+00:00,2021-02-05,"As dust settles on GameStop carnage , hedge funds ponder lasting impact of Reddit raid on short selling",hedgeweek.com
2021-02-05 14:00:00+00:00,2021-02-05,3 Stocks with GameStop Profit Potential - Mauldin Economics,mauldineconomics.com
2021-02-05 14:45:00+00:00,2021-02-05,GameStop shares rise after Robinhood lifts trading curbs,reuters.com
2021-02-05 16:15:00+00:00,2021-02-05,GameStop shares rise after Robinhood removes trading restrictions,business-standard.com
2021-02-05 16:45:00+00:00,2021-02-05,GameStop Stock Rises As Robinhood Lifts Trading Limits But Regulators To Start Review,investors.com
2021-02-05 16:45:00+00:00,2021-02-05,"SEC Is Reviewing Social Media Posts , Agency Is Looking for Potential Fraud due to Activities tied to WallStreetBets , GameStop",crowdfundinsider.com
2021-02-05 17:00:00+00:00,2021-02-05,GameStop shares rise after Robinhood lifts trading curbs - Netscape Money & Business,isp.netscape.com
2021-02-05 17:30:00+00:00,2021-02-05,"Gamestop Corporation ( NYSE : GME ), ( AMC ) - GameStop Rebounds After Robinhood Lifts Buying Restrictions",benzinga.com
2021-02-05 18:15:00+00:00,2021-02-05,"There Was No Silver Squeeze , and Now the Market Is Falling",msn.com
2021-02-05 18:30:00+00:00,2021-02-05,Ask Chuck : Explaining the GameStop frenzy,christianpost.com
2021-02-05 19:00:00+00:00,2021-02-05,We Were All Cocky : AMC Investors Reflect on Their Bid to Take Stock to the Moon,lmtonline.com
2021-02-05 19:00:00+00:00,2021-02-05,Stop f - ing selling !!! WallStreetBets Redditors go ballistic over GameStop sinking share price,ktvz.com
2021-02-05 19:30:00+00:00,2021-02-05,The ( revealing ) short squeeze : Populism comes for Wall Street ?,nationofchange.org
2021-02-05 20:45:00+00:00,2021-02-05,How GameStop and Reddit changed Robinhood future,businessinsider.com
2021-02-05 21:00:00+00:00,2021-02-05,Dow Jones Rallies As Kamala Harris Breaks Senate Stimulus Deadlock ; GameStop Surges Amid Breakouts,investors.com
2021-02-05 21:45:00+00:00,2021-02-05,Maplelane Top 10 Stock Holdings - Insider Monkey,insidermonkey.com
2021-02-05 22:15:00+00:00,2021-02-05,Robinhood Lifts All Trading Restrictions as GameStop Gains Evaporate,gobankingrates.com
2021-02-05 22:30:00+00:00,2021-02-05,"Please GameStop it , Hollywood",theverge.com
2021-02-05 22:30:00+00:00,2021-02-05,Hedge Funds Always Win,institutionalinvestor.com
2021-02-05 22:30:00+00:00,2021-02-05,"ALEAFIA HEALTH INC ORD by Aleafia Health Inc . ( ALEAF ), AMC Entertainment Holdings ( AMC ), HEMPFUSION WELLNESS INC by Hempfusion Wellness Inc . ( CBDHF ), Canopy Growth Corp ( CGC ), GABRIELLAS KITCHEN INC by Gabriella Kitchen Inc . ( GABLF ), Gam...",benzinga.com
2021-02-05 22:45:00+00:00,2021-02-05,To short or not to short ? GameStop ( NYSE : GME ) ripple effect endures,fool.com.au
2021-02-05 22:45:00+00:00,2021-02-05,"The Week In Cannabis : Stocks Up By Double - Digits On Jazz Pharma GWPH Acquisition , Potential Federal Moves",msn.com
2021-02-05 22:45:00+00:00,2021-02-05,GameStop shares JUMP 20 % in a day but remain far below their peak,dailymail.co.uk
2021-02-05 23:15:00+00:00,2021-02-05,Janet Yellen Conflict of Interest Augurs Retail Investment Regulation,mintpressnews.com
2021-02-05 23:15:00+00:00,2021-02-05,GameStop shares halt slide after Robinhood lifts trading curbs - Netscape Money & Business,isp.netscape.com
2021-02-05 23:45:00+00:00,2021-02-05,"Silver Goes Mainstream , What Next for the Price ?",investingnews.com
2021-02-06 00:00:00+00:00,2021-02-06,GameStop shares rise after Robinhood lifts trading curbs | One America News Network,oann.com
2021-02-06 00:15:00+00:00,2021-02-06,GameStop shares rise after Robinhood lifts trading curbs,businessinsider.com
2021-02-06 01:15:00+00:00,2021-02-06,Opinion : Trading frenzy points to need for financial literacy in the social media era,theglobeandmail.com
2021-02-06 02:00:00+00:00,2021-02-06,GameStop shares rise after Robinhood lifts trading curbs Agenparl,agenparl.eu
2021-02-06 03:00:00+00:00,2021-02-06,Bulls on Stock Parade - Vanguard News,vanguardngr.com
2021-02-06 04:45:00+00:00,2021-02-06,GameStop Shares Halt Slide After Robinhood Lifts Trading Curbs,moneycontrol.com
2021-02-06 09:30:00+00:00,2021-02-06,GameStop shares halt slide after Robinhood lifts trading curbs,reuters.com
2021-02-06 11:30:00+00:00,2021-02-06,Should Investors Be Worried About the State of the Stock Market ?,fool.com
2021-02-06 12:30:00+00:00,2021-02-06,Stop f --- ing selling !!! WallStreetBets Redditors go ballistic over GameStop sinking share price,cnnphilippines.com
2021-02-06 13:15:00+00:00,2021-02-06,Forget AMC and GameStop : These 5 Stocks Are Future 10 - Baggers,fool.com
2021-02-06 13:15:00+00:00,2021-02-06,The Gamestop phenomenon,royalgazette.com
2021-02-06 14:45:00+00:00,2021-02-06,Lost Money on GameStop ? These 3 Stocks Will Help You Make it Back,fool.com
2021-02-06 15:30:00+00:00,2021-02-06,Was the GameStop Phenomenon Just One Big Pump - and - Dump Scheme ?,fool.com
2021-02-06 18:45:00+00:00,2021-02-06,Hold the line ? | Special Report | thenews . com . pk,thenews.com.pk
2021-02-06 21:45:00+00:00,2021-02-06,"This Is For You , Dad : Interview With An Anonymous GameStop Investor",zerohedge.com
2021-02-07 01:00:00+00:00,2021-02-07,Facts Matter : Elon Musk didnt vow to put GameStop logo on rocket,dailyherald.com
2021-02-07 01:30:00+00:00,2021-02-07,Lost Money on GameStop ? These 3 Stocks Will Help You Make it Back,fool.com
2021-02-07 08:15:00+00:00,2021-02-07,GameStop timeline : A closer look at the saga that upended Wall Street,mycentraloregon.com
2021-02-07 09:30:00+00:00,2021-02-07,"U . S . Mint unable to keep up with surging demand for gold , silver",naturalnews.com
2021-02-07 10:00:00+00:00,2021-02-07,Generation Reddit : Why Younger Investors Really Lost the GME Stock War,investorplace.com
2021-02-07 11:30:00+00:00,2021-02-07,Has GameStop changed rules for successful investing ?,therepublic.com
2021-02-07 12:00:00+00:00,2021-02-07,There Are 4 New Stocks in Robinhood Top 10 Holdings,fool.com
2021-02-07 14:45:00+00:00,2021-02-07,"Exports from united kingdom to EU down 68 % since Brexit trade deal , say hauliers",globalbankingandfinance.com
2021-02-07 15:00:00+00:00,2021-02-07,How one Quebecer joined the online battle against Wall Street hedge funds,cbc.ca
2021-02-07 17:30:00+00:00,2021-02-07,Will Reddit Fuel A Green Energy Stock Boom ?,oilprice.com
2021-02-07 18:15:00+00:00,2021-02-07,The Hopes That Rose And Fell With GameStop,moneycontrol.com
2021-02-07 18:15:00+00:00,2021-02-07,The hopes that rose and fell with GameStop,theglobeandmail.com
2021-02-07 19:15:00+00:00,2021-02-07,How to Cash In on GameStop Populism,etftrends.com
2021-02-07 21:00:00+00:00,2021-02-07,Understanding the GameStop saga even if you dont understand the stock market,iowastatedaily.com
2021-02-08 01:00:00+00:00,2021-02-08,The fish got away : Young traders see GameStop profits evaporate,brisbanetimes.com.au
2021-02-08 09:00:00+00:00,2021-02-08,"( AMC ), BlackBerry ( NASDAQ : BB ) - AMC Major Stakeholder Wanda Converts Stock To Allow For Sale Amid WallStreetBets Frenzy",benzinga.com
2021-02-08 12:00:00+00:00,2021-02-08,The hopes that rose and fell with GameStop,theglobeandmail.com
2021-02-08 12:15:00+00:00,2021-02-08,3 Treacherous Investing Bubbles That Look Ready to Burst,fool.com
2021-02-08 13:15:00+00:00,2021-02-08,"Dogecoin Price Madness : How Billionaires , Musicians And YouTubers Memed Dogecoin To $10 Billion",forbes.com
2021-02-08 14:00:00+00:00,2021-02-08,The Hopes That Rose And Fell With GameStop,forbesindia.com
2021-02-08 15:30:00+00:00,2021-02-08,"Gordon Pape : GameStop shares dont warrant a ridiculously expensive price , but what about Amazon and Alphabet ?",theglobeandmail.com
2021-02-08 16:00:00+00:00,2021-02-08,Reddit Spends Entire Marketing Budget on 5 - Sec Super Bowl Live Ad,coinspeaker.com
2021-02-08 16:00:00+00:00,2021-02-08,"Renaissance , Pershing Square Among Hedge Funds That Got Clobbered in January",marketwatch.com
2021-02-08 17:00:00+00:00,2021-02-08,"AMC Entertainment Holdings ( AMC ), Canopy Growth Corp ( CGC ), Clarmin Explorations ( CLXPF ), COMP SERVICES ( CMPS ), CURALEAF HLDGS INC by Curaleaf Hldgs Inc . ( CURLF ), FIELD TRIP HEALTH LTD by Field Trip Health Ltd . ( FTRPF ), Gamestop Corp . ...",benzinga.com
2021-02-08 17:00:00+00:00,2021-02-08,"Gamestop Corporation ( NYSE : GME ), ( AMC ) - The Rise And Fall Of Meme Stocks",benzinga.com
2021-02-08 18:45:00+00:00,2021-02-08,Koss : GameStop shares slump as Reddit rally ebbs,marketscreener.com
2021-02-08 18:45:00+00:00,2021-02-08,"Next Stop For GameStop , The Big Screen",forbes.com
2021-02-08 19:00:00+00:00,2021-02-08,"Where Will Shorts be on the Run Next ? ( GME , AMC , SIGL , BB )",journaltranscript.com
2021-02-08 20:15:00+00:00,2021-02-08,GameStop shares slump as Reddit rally ebbs,reuters.com
2021-02-08 23:00:00+00:00,2021-02-08,GameStop profits evaporate after Reddit trading frenzy,watoday.com.au
2021-02-08 23:15:00+00:00,2021-02-08,Why GameStop Stock Popped Then Dropped Today,fool.com
2021-02-09 00:45:00+00:00,2021-02-09,Dow Rallies As Yellen Urges Congress To Back Biden Stimulus Plan ; Disney Stock Passes Buy,investors.com
2021-02-09 01:15:00+00:00,2021-02-09,GameStop shares slump as Reddit rally ebbs,metro.us
2021-02-09 05:00:00+00:00,2021-02-09,"GameStop , other social media - hyped stocks lose ground after active day",foxbusiness.com
2021-02-09 09:45:00+00:00,2021-02-09,Should Investors Be Worried About the State of the Stock Market ?,fool.com
2021-02-09 13:45:00+00:00,2021-02-09,Short Squeezes Are No Financial Fling : Theyve Been Around a Long Time,realmoney.thestreet.com
2021-02-09 16:00:00+00:00,2021-02-09,"Bitcoin , Twitter , Reddit , Dow Futures : 5 Things You Must Know",thestreet.com
2021-02-09 19:15:00+00:00,2021-02-09,GameStop tumbles nearly 20 % as retail - driven surge dies down - Netscape Money & Business,isp.netscape.com
2021-02-09 20:00:00+00:00,2021-02-09,GameStop tumbles nearly 20 % as retail - driven surge dies down By Reuters,investing.com
2021-02-09 20:00:00+00:00,2021-02-09,"Following Wall Street Takeover , Reddit Scores $250 Million Through Series E Funding Round",crowdfundinsider.com
2021-02-09 21:45:00+00:00,2021-02-09,Hedge Funds Vs . WallStreetBets : Neither Side Is Solely To Blame,forbes.com
2021-02-10 01:30:00+00:00,2021-02-10,What is the deal with the stock market ? MSU faculty and students take a look,reflector-online.com
2021-02-10 03:45:00+00:00,2021-02-10,"Tesla Motors , Inc . ( NASDAQ : TSLA ), ( AMC ) - Reddit User Who Leaked Tesla Bitcoin Investment News Was Just High",benzinga.com
2021-02-10 08:00:00+00:00,2021-02-10,Pump & Dump,howestreet.com
2021-02-10 10:00:00+00:00,2021-02-10,UTA students bought into GameStop stock as it went viral,theshorthorn.com
2021-02-10 12:00:00+00:00,2021-02-10,Reddit User Who Leaked Tesla Bitcoin Investment News Was Just High,upstract.com
2021-02-10 12:30:00+00:00,2021-02-10,"Reddit Raises $250M in Series E Funding , Sees Value Double to $6B",coinspeaker.com
2021-02-10 15:00:00+00:00,2021-02-10,New Blockchain Heroes Digital Collectible NFT Trading Card Set Parodies Reddit vs . Wall Street GameStop Incident on Blockchain,tmcnet.com
2021-02-10 15:00:00+00:00,2021-02-10,Ethereum Surges To Record Highs : As For Fundamental Causes ... It Game Over,econintersect.com
2021-02-10 16:00:00+00:00,2021-02-10,Teen investors on Robinhood saw GameStop as a thrill and a cautionary tale,vox.com
2021-02-10 17:00:00+00:00,2021-02-10,"Ethereum Surges to Record High , As for Fundamental Causes ... it Game Over :: The Market Oracle ::",marketoracle.co.uk
2021-02-10 17:45:00+00:00,2021-02-10,Tilray shares soar 29 % as Reddit message board sets sights on cannabis sector,marketwatch.com
2021-02-10 20:00:00+00:00,2021-02-10,Dow Jones Rallies As Trump Impeachment Trial Begins ; Why Pot Stocks Are Surging,investors.com
2021-02-10 20:45:00+00:00,2021-02-10,Gamestop Corporation ( NYSE : GME ) - Robinhood Facing Dozens Of Lawsuits Ahead Of Potential 2021 IPO,benzinga.com
2021-02-10 21:45:00+00:00,2021-02-10,Why Reddit WallStreetBets Will Stop Buying AMC Stock,investorplace.com
2021-02-10 22:15:00+00:00,2021-02-10,Dow Jones Hits New High As Market Comes Back ; Marijuana Stocks Soar,investors.com
2021-02-10 22:30:00+00:00,2021-02-10,Day Traders Now Helping to Power Marijuana ETFs,etftrends.com
2021-02-10 22:45:00+00:00,2021-02-10,IRBT Stock Jumps On Fourth - Quarter Earnings Beat | Investor Business Daily,investors.com
2021-02-11 00:00:00+00:00,2021-02-11,How the GameStop Stock Short Squeeze Cost Wall Street Billions,webpronews.com
2021-02-11 00:00:00+00:00,2021-02-11,Silver Price Manipulation : Fact or Fantasy ? | Events and Theories,investingnews.com
2021-02-11 00:45:00+00:00,2021-02-11,Pot Stocks Are Flying High Again . It Not Just Reddit .,marketwatch.com
2021-02-11 01:00:00+00:00,2021-02-11,GameStop stock tries to snap losing streak in huge two - week plunge,news.com.au
2021-02-11 07:00:00+00:00,2021-02-11,Comin For You – HoweStreet,howestreet.com
2021-02-11 11:00:00+00:00,2021-02-11,WallStreetBets Redditors Wanted for a $200K Job in a Hedge Fund Company : How to Apply,techtimes.com
2021-02-11 11:15:00+00:00,2021-02-11,Milspouse picks up weird habits during pandemic monotony,militarynews.com
2021-02-11 12:00:00+00:00,2021-02-11,Half of Robinhood Top 10 Stocks Could Implode in 2021,fool.com
2021-02-11 12:00:00+00:00,2021-02-11,Reddit Posts Trigger Increase in Cannabis Stocks,coinspeaker.com
2021-02-11 12:15:00+00:00,2021-02-11,Are cryptocurrencies the top - performing asset class of the decade or the world greatest bubble ?,bizcommunity.com
2021-02-11 14:15:00+00:00,2021-02-11,"MGC Pharmaceuticals Ltd , Tilray Inc and Namaste Technologies Inc soar as Reddit - inspired traders send cannabis stocks higher",proactiveinvestors.com
2021-02-11 17:00:00+00:00,2021-02-11,Cannabis stocks crater as sector rally screeches to a halt,marketwatch.com
2021-02-11 17:30:00+00:00,2021-02-11,Pot Stocks Are Getting Crushed . What You Need to Know,marketwatch.com
2021-02-11 18:30:00+00:00,2021-02-11,"Tilray Inc ( NASDAQ : TLRY ), ( ACB ) - Cannabis Stock Short Sellers Have $4 . 3B In Losses So Far In 2021",benzinga.com
2021-02-11 19:30:00+00:00,2021-02-11,"AMC Entertainment Holdings ( AMC ), Canopy Growth Corp ( CGC ), Gamestop Corp . ( GME ), Inovio Pharmaceuticals ( INO ) - Here The Latest On Aurora Cannabis Ahead Of Today Earnings Report",benzinga.com
2021-02-11 20:15:00+00:00,2021-02-11,"AMC Entertainment Holdings ( AMC ), Gamestop Corp . ( GME ), Penn National Gaming ( PENN ) - Portnoy Flips Sundial Growers For $50K Profit : That How You Do It Boys",benzinga.com
2021-02-11 21:00:00+00:00,2021-02-11,GameStop frenzy echoes sharp moves long seen in cryptocurrency markets,livemint.com
2021-02-11 22:30:00+00:00,2021-02-11,"If You Have a Profit With Sundial Growers , Now Is the Time to Take It",msn.com
2021-02-11 23:45:00+00:00,2021-02-11,"DOJ subpoenas Robinhood , others in GameStop probe : report",foxbusiness.com
2021-02-12 01:45:00+00:00,2021-02-12,There No Need to Catch Falling Knife GME Stock,investorplace.com
2021-02-12 02:00:00+00:00,2021-02-12,"Small But Angry Mobs Show Up Outside Robinhood Headquarters in Menlo Park , Animal Feces Thrown",sfist.com
2021-02-12 02:15:00+00:00,2021-02-12,What is short selling & what stocks are now being shorted ?,switzer.com.au
2021-02-12 03:45:00+00:00,2021-02-12,GameStop : Niall Ferguson explains why a conspiracy makes no sense,afr.com
2021-02-12 12:45:00+00:00,2021-02-12,"These Stocks Could Fall More Than AMC and GameStop , According to Wall Street",fool.com
2021-02-12 14:00:00+00:00,2021-02-12,What Causing the Huge Run - up for Fulgent Genetics Stock ?,fool.com
2021-02-12 14:30:00+00:00,2021-02-12,Marijuana Stocks Light Up On Legalization Hopes ; Analysts Bring Cold Water,investors.com
2021-02-12 14:45:00+00:00,2021-02-12,Weird habits picked up during pandemic monotony,stripes.com
2021-02-12 15:15:00+00:00,2021-02-12,Here Why The GameStop Rally Was So Hard to Resist,fool.com
2021-02-12 15:15:00+00:00,2021-02-12,How Much Tax Do I Owe on Reddit Stocks ?,fool.com
2021-02-12 16:00:00+00:00,2021-02-12,How Much Tax Do I Owe on Reddit Stocks ? - Channel3000 . com,channel3000.com
2021-02-12 16:15:00+00:00,2021-02-12,Explaining the complexity of the stock market with Lego minifigures,theconcordian.com
2021-02-12 16:15:00+00:00,2021-02-12,GameStock : the digital revolt of the Third Estate,theconcordian.com
2021-02-12 16:45:00+00:00,2021-02-12,Pot Stocks Are Back in the Spotlight . Here How to Tell Them Apart .,marketwatch.com
2021-02-12 19:45:00+00:00,2021-02-12,Latest Articles,freerepublic.com
2021-02-12 21:00:00+00:00,2021-02-12,Gamestop Corporation ( NYSE : GME ) - GameStop Analyst : Console Sales Continue To Look Light,benzinga.com
2021-02-13 02:30:00+00:00,2021-02-13,Why GameStop stocks soared to the moon and sent Robinhood to court,westernherald.com
2021-02-13 12:00:00+00:00,2021-02-13,Forget AMC and GameStop : These 4 Growth Stocks Can Triple in Value,fool.com
2021-02-13 13:00:00+00:00,2021-02-13,"Fresh Off GameStop Mania , Reddit Raises $250 Million In New Funding",forbes.com
2021-02-13 16:30:00+00:00,2021-02-13,Game Over For Gamestop ? – Investment Watch,investmentwatchblog.com
2021-02-13 16:30:00+00:00,2021-02-13,Maxine Waters,benzinga.com
2021-02-13 16:30:00+00:00,2021-02-13,"Gamestop Corporation ( NYSE : GME ) - Roaring Kitty , Ken Griffin , Vlad Tenev To Be Among Those Testifying At House Hearing",benzinga.com
2021-02-13 18:15:00+00:00,2021-02-13,CEOs of Reddit and Robinhood and Roaring Kitty slated to testify in GameStop hearing,theverge.com
2021-02-13 20:30:00+00:00,2021-02-13,Robinhood CEO ahead of hearing : No doubt company could have communicated better,thehill.com
2021-02-13 21:30:00+00:00,2021-02-13,A historical survey of the systemic problem of shorting non - existing stock ( naked shorting ) in relation to recent events – Investment Watch,investmentwatchblog.com
2021-02-14 01:30:00+00:00,2021-02-14,CEOs of Robinhood and Reddit to Testify in Federal GameStop Hearing,gizmodo.com.au
2021-02-14 06:45:00+00:00,2021-02-14,Local GameStop stock traders inspired by anti - hedge fund message despite losses,theadvocate.com
2021-02-14 08:15:00+00:00,2021-02-14,"GameStop , Reddit And Robinhood - Ten Financial Fault Lines Laid Bare ( 2 / 2 )",forbes.com
2021-02-14 13:00:00+00:00,2021-02-14,"3 Stocks Not to Spend Your $1 , 400 on",wcfcourier.com
2021-02-14 19:15:00+00:00,2021-02-14,"AMC Entertainment Holdings ( AMC ), Blackrock ( BLK ), BevCanna Enterprises ( BVNNF ), CANNABIS WHEATON INCOME by Cannabis Wheaton Income Corp . ( CBWTF ), Canopy Growth Corp ( CGC ), CURALEAF HLDGS INC by Curaleaf Hldgs Inc . ( CURLF ), Gamestop Cor...",benzinga.com
2021-02-15 07:15:00+00:00,2021-02-15,How CBA ( ASX : CBA ) CommSec expanded its millennial footprint,fool.com.au
2021-02-15 11:45:00+00:00,2021-02-15,"Musk next act ? Tweets sending stocks , crypto to the moon | Business",breezejmu.org
2021-02-15 14:30:00+00:00,2021-02-15,"If your $1 , 200 stimulus check had gone into these 8 stocks , youd have cashed in big",news.yahoo.com
2021-02-15 22:00:00+00:00,2021-02-15,"Reddit , Robinhood and Roaring Kitty prepare to face Congress in GameStop Corp hearing",proactiveinvestors.com
2021-02-16 14:45:00+00:00,2021-02-16,Why Cannabis Stocks Like Aphria ( TSX : APHA ) Crashed Last Week,fool.ca
2021-02-16 15:45:00+00:00,2021-02-16,Big Players in GameStop Saga Will Face Congress This Week . Here What to Expect .,marketwatch.com
2021-02-16 19:45:00+00:00,2021-02-16,GameStop stock hearing : How to watch Robinhood and Reddit CEOs testify before Congress,cnet.com
2021-02-16 19:45:00+00:00,2021-02-16,What the GameStop Stock Price Surge Tells Us About the Stock Market,smartasset.com
2021-02-16 19:45:00+00:00,2021-02-16,Meme Stocks : How Reddit Lost the War with Wall Street,fool.ca
2021-02-17 06:45:00+00:00,2021-02-17,How to Avoid Stock Investment Hype - SavingAdvice . com Blog,savingadvice.com
2021-02-17 10:45:00+00:00,2021-02-17,Here how Brockton native Keith Gill made millions on GameStop stock,enterprisenews.com
2021-02-17 10:45:00+00:00,2021-02-17,"If Youd Sold Short $10 , 000 in GameStop Stock When 2021 Began , This Is How Much Money You Wouldve Lost",fool.com
2021-02-17 13:00:00+00:00,2021-02-17,"Dont rely on social media stock tips , EU watchdog warns retail investors",theglobeandmail.com
2021-02-17 16:30:00+00:00,2021-02-17,Stock market secrets : 4 lessons from the GameStop ( GME ) saga,fool.co.uk
2021-02-17 19:15:00+00:00,2021-02-17,GameStop And Chesapeake Energy : A Tale Of Two Very Different Distress Stories,forbes.com
2021-02-17 20:00:00+00:00,2021-02-17,"GameStop Investor , Roaring Kitty on Reddit , Is Sued Over Trading",thestreet.com
2021-02-17 20:30:00+00:00,2021-02-17,Gamestop Corporation ( NYSE : GME ) - Class Action Lawsuit Filed Against Roaring Kitty After GameStop Short Squeeze : What You Need To Know,benzinga.com
2021-02-17 20:45:00+00:00,2021-02-17,Deep F - ng Value Reddit User is Sued over GameStop Pump,swfinstitute.org
2021-02-17 21:00:00+00:00,2021-02-17,GameStop Stock Falls Ahead Of House Hearing On Reddit Stocks Short Squeeze,investors.com
2021-02-17 21:15:00+00:00,2021-02-17,"Gamestop Corporation ( NYSE : GME ), Interactive Brokers Group , Inc . ( NASDAQ : IBKR ) - Congressional Hearing On GameStop Ahead : What Investors Need To Know",benzinga.com
2021-02-17 21:15:00+00:00,2021-02-17,Roaring Kitty faces lawsuit over role in GameStop ( GME ) stock inflation,shacknews.com
2021-02-17 21:45:00+00:00,2021-02-17,house financial services committee,benzinga.com
2021-02-17 23:45:00+00:00,2021-02-17,"The Charles Schwab Corporation ( NYSE : SCHW ), Gamestop Corporation ( NYSE : GME ) - 4 Reasons This Analyst Is Bullish On Charles Schwab",benzinga.com
2021-02-18 01:15:00+00:00,2021-02-18,Roaring Kitty Lawsuit : 10 Things We Know About Keith Gill and the GameStop Securities Fraud Allegations,investorplace.com
2021-02-18 02:15:00+00:00,2021-02-18,"GameStop , Tesla : Do Asset - Bubbles Exist ? Can They Be Managed ?",forbes.com
2021-02-18 06:15:00+00:00,2021-02-18,"Gamestop Corporation ( NYSE : GME ), Nokia Corporation ( NYSE : NOK ) - SEC Considers Requiring More Transparency From Short Sellers After GameStop Saga : WSJ",benzinga.com
2021-02-18 07:30:00+00:00,2021-02-18,"Gamestop Corporation ( NYSE : GME ), ( AMC ) - GameStop Fame Roaring Kitty To Congress : In Short , I Like The Stock",benzinga.com
2021-02-18 12:30:00+00:00,2021-02-18,"GameStop stock hearing : How to watch Robinhood , Reddit CEOs testify in front of Congress",cnet.com
2021-02-18 13:00:00+00:00,2021-02-18,U . S . lawmakers facing off with GameStop saga key players,theglobeandmail.com
2021-02-18 14:00:00+00:00,2021-02-18,"Gamestop Corporation ( NYSE : GME ), ( SNDL ) - The Importance Of Education In A Social Media - Fueled Trading Era",benzinga.com
2021-02-18 14:00:00+00:00,2021-02-18,"How to Watch , Live Stream Robinhood and Reddit CEOs Testify About GameStop",newsweek.com
2021-02-18 15:45:00+00:00,2021-02-18,Jim Cramer : Pull Up a Chair for Some Laughs at the GameStop Show Trial,realmoney.thestreet.com
2021-02-18 16:00:00+00:00,2021-02-18,"Gamestop Corporation ( NYSE : GME ) - GameStop Congressional Hearing : Robinhood , Citadel Deny Collusion In Prepared Remarks",benzinga.com
2021-02-18 16:30:00+00:00,2021-02-18,Robinhood and Reddit CEOs testify before House committee : Live updates,cnn.com
2021-02-18 16:45:00+00:00,2021-02-18,Jennifer Schulp,benzinga.com
2021-02-18 16:45:00+00:00,2021-02-18,cato institute,benzinga.com
2021-02-18 17:15:00+00:00,2021-02-18,How Tokenization Could Prevent a Future Gamestop Fiasco,tradersmagazine.com
2021-02-18 17:30:00+00:00,2021-02-18,GameStop hearing : Robinhood founder defends halt to trading,theguardian.com
2021-02-18 17:45:00+00:00,2021-02-18,Here what Ken Griffin will say at the GameStop hearing,chicagotribune.com
2021-02-18 18:15:00+00:00,2021-02-18,Watch Robinhood & Reddit CEOs testify on GameStop ( GME ) stock before Congress here,shacknews.com
2021-02-18 19:00:00+00:00,2021-02-18,Reddit WallStreetBets Experiences Outages During GameStop Hearing,newsweek.com
2021-02-18 19:00:00+00:00,2021-02-18,Read Reddit and Robinhood CEO Prepared Testimonies From the GameStop Hearing,newsweek.com
2021-02-18 19:45:00+00:00,2021-02-18,"GameStop stock hearing : Watch here now as Robinhood , Reddit testify to Congress",cnet.com
2021-02-18 20:45:00+00:00,2021-02-18,GameStop : Brockton Keith Gill testifies to Congress about $GME stock,enterprisenews.com
2021-02-18 20:45:00+00:00,2021-02-18,GameStop hearing challenges assumptions about rookie investors Retail investors making up this new surge are different,marketwatch.com
2021-02-18 21:30:00+00:00,2021-02-18,"Gamestop Corporation ( NYSE : GME ), Tesla Motors , Inc . ( NASDAQ : TSLA ) - Robinhood , Citadel , Melvin Capital CEOs Grilled In Response To Reddit , Hedge Fund Short Squeeze Drama",benzinga.com
2021-02-18 21:45:00+00:00,2021-02-18,Some good questions ...,cnn.com
2021-02-18 23:15:00+00:00,2021-02-18,WallStreetBets was well within normal parameter says Reddit CEO Steve Huffman,shacknews.com
2021-02-18 23:45:00+00:00,2021-02-18,Major Players in GameStop Saga Testify Before Congress,courthousenews.com
2021-02-19 06:00:00+00:00,2021-02-19,"Roaring Kitty : GameStop trader defends himself in Congress with cat - lawyer meme , Internet says he nailed it",meaww.com
2021-02-19 09:00:00+00:00,2021-02-19,"( PLTR ), ( AMC ) - Palantir Replaces GameStop As WallStreetBet Top Interest",benzinga.com
2021-02-19 12:00:00+00:00,2021-02-19,"SNDL Stock Forecast : Sundial Growers Inc tumbles after share dilution , sector correction",fxstreet.com
2021-02-19 12:45:00+00:00,2021-02-19,"I am grateful -- Brockton man testifies on GameStop bet turning $53 , 000 into millions",unionleader.com
2021-02-19 13:00:00+00:00,2021-02-19,"The kitty roars , Vlad gets impaled , GME doesnt stop sliding , sterling hits $1 . 40",global.markets.com
2021-02-19 14:15:00+00:00,2021-02-19,How united kingdom investor Tooda Moon almost blew his life savings on GameStop ( GME ) stock,fool.co.uk
2021-02-19 16:00:00+00:00,2021-02-19,Perspective : What Can Investors Learn From The GameStop Saga ?,crowdfundinsider.com
2021-02-19 18:15:00+00:00,2021-02-19,Palantir Stock Rebounds Sharply on Huge Volume After Six - Day Selloff,marketwatch.com
2021-02-19 18:30:00+00:00,2021-02-19,Top 9 takeaways from the GameStop hearing,marketwatch.com
2021-02-19 20:00:00+00:00,2021-02-19,Palantir Jumps After Cathie Wood Ark Firms Take Stake,thestreet.com
2021-02-19 20:45:00+00:00,2021-02-19,"I Waited Five Hours for AOC to Ask the Robinhood Guy a Question , and This Is What I Got",gizmodo.com.au
2021-02-19 20:45:00+00:00,2021-02-19,Congress Disappoints In Its Blockbuster Robinhood Hearing,gizmodo.com
2021-02-19 23:00:00+00:00,2021-02-19,Next GameStop ! Is Facedrive ( TSXV : FD ) Redditor Choice ? - The Motley Fool Canada,fool.ca
2021-02-19 23:00:00+00:00,2021-02-19,GameStop autopsy finds no culprits,investordaily.com.au
2021-02-20 17:45:00+00:00,2021-02-20,"Gamestop Corporation ( NYSE : GME ) - WallStreetBets Trader Keith Gill Appears To Have Bought 50 , 000 More Shares Of GameStop",benzinga.com
2021-02-21 00:00:00+00:00,2021-02-21,"Morgan Housel Talks GameStop , Bezos , and More",fool.com
2021-02-21 04:15:00+00:00,2021-02-21,"Pinkerton : Just as Politics Has Come to GameStop ,  So GameStop Activism Will Come to Politics",breitbart.com
2021-02-22 04:45:00+00:00,2021-02-22,The Next GameStop ? 25 Stocks With High Short Interest,kiplinger.com
2021-02-22 13:30:00+00:00,2021-02-22,7 Ultra - Popular Stocks I Wouldnt Buy With Free Money,fool.com
2021-02-22 15:30:00+00:00,2021-02-22,What to Watch Today : Stocks Fall as S & P 500 and Nasdaq Try to Shake Off Down Week,nbcconnecticut.com
2021-02-22 17:45:00+00:00,2021-02-22,Is GameStop Stock a Buy ? | The Motley Fool,fool.com
2021-02-22 17:45:00+00:00,2021-02-22,Why GameStop Stock Surged This Morning,fool.com
2021-02-22 20:15:00+00:00,2021-02-22,Opinion | Hedge funds and media lie to suppress individual investors,breezejmu.org
2021-02-22 20:30:00+00:00,2021-02-22,Here the Only Rule You Need to Follow to Manage Risk,realmoney.thestreet.com
2021-02-23 03:00:00+00:00,2021-02-23,How GameStop And Other Meme Stocks Became The Centerpiece Of A Stock Market Frenzy,dogonews.com
2021-02-23 12:15:00+00:00,2021-02-23,GameStop shares jump after Reddit legend Keith Gill doubles down,livemint.com
2021-02-23 20:00:00+00:00,2021-02-23,"The Tesla - Reddit connection looks real , Barclays says",marketwatch.com
2021-02-23 20:30:00+00:00,2021-02-23,Ask Chuck : Explaining the GameStop frenzy,christianpost.com
2021-02-24 00:30:00+00:00,2021-02-24,GameStop CFO resigns a month after the Reddit trading frenzy,cnn.com
2021-02-24 04:00:00+00:00,2021-02-24,"Tesla Motors , Inc . ( NASDAQ : TSLA ), Barclays PLC ( NYSE : BCS ) - Tesla Stock Performance And WallStreetBets Mentions Have A Real Connection : Barclays",benzinga.com
2021-02-24 12:30:00+00:00,2021-02-24,Forget Sundial and GameStop : Buy These Game - Changing Stocks Right Now,fool.com
2021-02-24 14:15:00+00:00,2021-02-24,You Killed The Little Guy ! - Robinhood Vlad Tenev Faces Off Against Dave Portnoy In Tense Interview,zerohedge.com
2021-02-24 15:00:00+00:00,2021-02-24,How some LSU students joined the January stock market frenzy,lsureveille.com
2021-02-24 17:15:00+00:00,2021-02-24,"24Feb2021 Pre - Market Commentary : Wall Street Heading For A Lower Open , DOW Futures Down 43 Points , WTI Crude Up To 62 , Nasdaq Down At - 0 . 1 %, Bitcoin At 49 , 350",econintersect.com
2021-02-24 19:45:00+00:00,2021-02-24,Joe Saluzzi,benzinga.com
2021-02-24 20:15:00+00:00,2021-02-24,Konstantin Lichtenwald Explains The Recent Skyrocketing Price of GME,texasguardian.com
2021-02-24 21:45:00+00:00,2021-02-24,"Gamestop Corporation ( NYSE : GME ), ( AMC ) - Second Life ? GameStop Spikes 103 % As Reddit Stocks Surge Again",benzinga.com
2021-02-24 22:00:00+00:00,2021-02-24,GameStop stock doubles in afternoon ; even Reddit is surprised,msn.com
2021-02-24 22:00:00+00:00,2021-02-24,"GameStop stock just jumped 100 percent , and WallStreetBets is ecstatic",theverge.com
2021-02-24 22:45:00+00:00,2021-02-24,GME Stock : What to Know as GameStop Soars 100 % and Reddit Crashes,investorplace.com
2021-02-24 22:45:00+00:00,2021-02-24,"GameStop Shares Surge 100 % In A Day , Reddit Group Rejoices",forbes.com
2021-02-24 22:45:00+00:00,2021-02-24,Reddit Outages Reported After GameStop Shares Erupted In Epic Short Squeeze,zerohedge.com
2021-02-24 23:00:00+00:00,2021-02-24,GameStop stock doubles in afternoon ; even Reddit is surprised - Netscape Money & Business,isp.netscape.com
2021-02-24 23:00:00+00:00,2021-02-24,"GameStop stock doubles in afternoon surge , even surprising Reddit investors",theglobeandmail.com
2021-02-24 23:45:00+00:00,2021-02-24,"Why GameStop shares surged 104 %, prompting trading halts",foxbusiness.com
2021-02-25 00:00:00+00:00,2021-02-25,Reddit recovers from hour - long outage amid heavy trading in GameStop,leaderpost.com
2021-02-25 00:30:00+00:00,2021-02-25,GameStop ( GME ) stock rallies in round two of r / WSB short saga,gamerevolution.com
2021-02-25 00:30:00+00:00,2021-02-25,"GameStop Stock Is Surging Again , Though It Not Entirely Clear Why",ign.com
2021-02-25 00:30:00+00:00,2021-02-25,Reddit Went Down This Morning And Some Believe GameStop Caused It,gizmodo.com.au
2021-02-25 00:45:00+00:00,2021-02-25,"Gamestop Corporation ( NYSE : GME ), ( AMC ) - Cramer Calls Wednesday GameStop Surge A Mockery",benzinga.com
2021-02-25 01:00:00+00:00,2021-02-25,Reddit Penny Stocks Surge After Ice Cream Frog Tweet,finance.dailyherald.com
2021-02-25 01:00:00+00:00,2021-02-25,GameStop stock doubles in afternoon ; even Reddit is surprised - Netscape Money & Business,isp.netscape.com
2021-02-25 01:15:00+00:00,2021-02-25,"Wallstreetbets Back ? GameStop and More Surge , Reddit Crashes",wccftech.com
2021-02-25 02:00:00+00:00,2021-02-25,"Why Sundial , AMC , Blackberry , and Other Reddit Stocks Soared Today",fool.com
2021-02-25 02:00:00+00:00,2021-02-25,GameStop Stock Explodes Again Following CFO Departure,fool.com
2021-02-25 02:15:00+00:00,2021-02-25,GameStop to Stock Market : Were Back !,fool.com
2021-02-25 02:15:00+00:00,2021-02-25,GameStop rallies again ; some puzzle over ice cream cone tweet,metro.us
2021-02-25 02:45:00+00:00,2021-02-25,4 Top Silver Stocks To Watch Right Now,marketwatch.com
2021-02-25 02:45:00+00:00,2021-02-25,GameStop stock doubles in afternoon up by 60 %; even Reddit is surprised,business-standard.com
2021-02-25 03:00:00+00:00,2021-02-25,GameStop rallies again ; some puzzle over ice cream cone tweet - Netscape Money & Business,isp.netscape.com
2021-02-25 03:00:00+00:00,2021-02-25,GameStop stock doubles in afternoon ; even Reddit is surprised,ksl.com
2021-02-25 03:45:00+00:00,2021-02-25,"Gamestop Rallies Again , more than doubled in afternoon trading on Wednesday ; Some Puzzle Over Ice Cream Cone Tweet",ndtv.com
2021-02-25 04:30:00+00:00,2021-02-25,Why an ice cream cone tweet sent more than doubled a stock price in a day,livemint.com
2021-02-25 04:45:00+00:00,2021-02-25,"GameStop volatile shares rebound surprisingly , Australian dollar slips from three - year high",abc.net.au
2021-02-25 05:30:00+00:00,2021-02-25,GameStop Doing a Thing Again,gizmodo.com.au
2021-02-25 10:45:00+00:00,2021-02-25,Reddit revenge : GameStop Corp surges as trading frenzy returns,proactiveinvestors.co.uk
2021-02-25 11:15:00+00:00,2021-02-25,"Dow Nears 32 , 000 as Commodities Surge ; Tech Resumes Slide",thestreet.com
2021-02-25 11:15:00+00:00,2021-02-25,Nokia stock jumps following rally in Reddit favorites,marketwatch.com
2021-02-25 12:15:00+00:00,2021-02-25,"A new wave of fearless retail investors could be ready to pour $170 billion into stocks , says Deutsche Bank",marketwatch.com
2021-02-25 12:30:00+00:00,2021-02-25,GameStop rally builds after puzzling ice - cream cone tweet,reuters.com
2021-02-25 12:45:00+00:00,2021-02-25,5 Reddit Stocks to Avoid Like the Plague,fool.com
2021-02-25 13:00:00+00:00,2021-02-25,GameStop rally builds after puzzling ice - cream cone tweet - Netscape Money & Business,isp.netscape.com
2021-02-25 14:00:00+00:00,2021-02-25,GameStop stock is rallying . Again,cnn.com
2021-02-25 14:30:00+00:00,2021-02-25,"GameStop GME stock is surging again , not because of Reddit",fastcompany.com
2021-02-25 14:30:00+00:00,2021-02-25,"Nvidia , GameStop , AMC , and Salesforce : 5 Things You Must Know",thestreet.com
2021-02-25 14:30:00+00:00,2021-02-25,GameStop rally builds after puzzling ice - cream tweet,rte.ie
2021-02-25 14:45:00+00:00,2021-02-25,Why are people buying GameStop stock again ? GME dramatic repeat share price rise explained,msn.com
2021-02-25 15:30:00+00:00,2021-02-25,GameStop shares rise in early trade before being halted,metro.us
2021-02-25 15:30:00+00:00,2021-02-25,"Tech Tumbles As Yields Surge , Meme Stocks Explode",zerohedge.com
2021-02-25 15:30:00+00:00,2021-02-25,GameStop shares jump another 80 % after board member cryptic tweet,dailymail.co.uk
2021-02-25 15:45:00+00:00,2021-02-25,WallStreetBets Is Gearing up for Round 2 With Hedge Funds Amid the Renewed Focus of the Equity Market Stakeholders on Regulatory Lacunae and a Tobin Tax on Trades,wccftech.com
2021-02-25 16:30:00+00:00,2021-02-25,GameStop shares rally 50 % after puzzling ice - cream cone tweet,origin-businesstoday.intoday.in
2021-02-25 17:00:00+00:00,2021-02-25,GameStop shares rise in early trade before being halted - Netscape Money & Business,isp.netscape.com
2021-02-25 17:15:00+00:00,2021-02-25,GameStop stock surges again weeks after high - profile rally,6abc.com
2021-02-25 17:30:00+00:00,2021-02-25,Daily Game Plan from Cabrera Capital,mrtopstep.com
2021-02-25 17:30:00+00:00,2021-02-25,"Need to Know : Stick to your favorite growth stocks and just forget about what next with inflation , says this analyst",mrtopstep.com
2021-02-25 17:30:00+00:00,2021-02-25,GameStop stock surges again weeks after high - profile rally - Business News,abcnewsradioonline.com
2021-02-25 17:45:00+00:00,2021-02-25,GameStop shares soars around 50 % as meme stock rally again,reuters.com
2021-02-25 18:15:00+00:00,2021-02-25,WallStreetBets Redditors Celebrate as GameStop Shares Shoot Up,newsweek.com
2021-02-25 18:30:00+00:00,2021-02-25,Reddit WallStreetBets celebrates as GameStop stock soars,insider.com
2021-02-25 18:45:00+00:00,2021-02-25,GameStop Round 2 ? How an options - buying frenzy is providing another jolt to meme stocks,marketwatch.com
2021-02-25 19:00:00+00:00,2021-02-25,GameStop shares soars around 50 % as meme stock rally again - Netscape Money & Business,isp.netscape.com
2021-02-25 19:00:00+00:00,2021-02-25,GameStop shares surge again as surprising rally extends into second day,theage.com.au
2021-02-25 19:15:00+00:00,2021-02-25,"Gamestop Corporation ( NYSE : GME ), ( $BTC ) - Kevin OLeary Of Shark Tank , Benzinga CEO Jason Raznick Talk GameStop , Bitcoin And Economic Recovery Trades",benzinga.com
2021-02-25 19:15:00+00:00,2021-02-25,GameStop Corp shares soar around 50 % as meme stock rally again,business-standard.com
2021-02-25 19:15:00+00:00,2021-02-25,Reddit GameStop Squeeze Is a Game Changer,thinkadvisor.com
2021-02-25 19:30:00+00:00,2021-02-25,Dow Jones Drops As 10 - Year Treasury Jumps ; Tesla Dives As EV Stocks Suffer ; GameStop Explodes,investors.com
2021-02-25 19:45:00+00:00,2021-02-25,"Dow Jones Dives 500 Points As Boeing , Apple Weigh ; Tech Stocks Sell Off",investors.com
2021-02-25 20:00:00+00:00,2021-02-25,GameStop shares soar as meme stock rally again,metro.us
2021-02-25 21:00:00+00:00,2021-02-25,GameStop shares soar as meme stock rally again - Netscape Money & Business,isp.netscape.com
2021-02-25 21:00:00+00:00,2021-02-25,Best place to buy Naked Brand Group stock : top platforms to trade NAKD,invezz.com
2021-02-25 21:45:00+00:00,2021-02-25,GameStop share ride : shooting star or rocket to the moon ?,rfi.fr
2021-02-25 21:45:00+00:00,2021-02-25,GameStop Share Ride : Shooting Star Or Rocket To The Moon ?,ibtimes.com
2021-02-25 22:00:00+00:00,2021-02-25,GameStop shares soar in new rally,thesundaily.my
2021-02-25 22:15:00+00:00,2021-02-25,GameStop shares soar as meme stock rally again - Economy - Business,english.ahram.org.eg
2021-02-25 22:30:00+00:00,2021-02-25,Dow Jones plunges 560 points as Wall Street tech sell - off worsens ; GameStop rebounds again,abc.net.au
2021-02-25 22:45:00+00:00,2021-02-25,GameStop jumps nearly 19 %; meme stock fade after another wild ride,metro.us
2021-02-25 22:45:00+00:00,2021-02-25,LOTZ Stock : Is CarLotz the Next King of a WallStreetBets Short Squeeze ?,investorplace.com
2021-02-25 22:45:00+00:00,2021-02-25,What Did the Stock Market Do Today ? 3 Big Stories to Catch Up On .,investorplace.com
2021-02-26 00:00:00+00:00,2021-02-26,BUCKLE UP : GameStop Mania Starts Anew as Reddit Users Fuel Stock Surge of More Than 400 %,mediaite.com
2021-02-26 00:00:00+00:00,2021-02-26,GameStop jumps nearly 19 %; meme stock fade after another wild ride,isp.netscape.com
2021-02-26 00:30:00+00:00,2021-02-26,GameStop jumps nearly 19pc ; meme stock fade after another wild ride | Money,malaymail.com
2021-02-26 01:15:00+00:00,2021-02-26,GameStop share ride : shooting star or rocket to the moon ?,techxplore.com
2021-02-26 01:45:00+00:00,2021-02-26,Fox Charlie Gasparino cautions investors about GameStop hype,invezz.com
2021-02-26 02:45:00+00:00,2021-02-26,GameStop share price explodes for second day as Reddit celebrates,news.com.au
2021-02-26 03:00:00+00:00,2021-02-26,Why GameStop Stock Soared Today | The Motley Fool,fool.com
2021-02-26 05:45:00+00:00,2021-02-26,"Gamestop Corporation ( NYSE : GME ), ( AMC ) - GameStop Can Justify Its Valuation By Turning Into A 5 , 000 - Store Introduction To Crypto , Says Cramer",benzinga.com
2021-02-26 13:30:00+00:00,2021-02-26,GameStop shares jump 13 % premarket as stock looks poised for another day of high - volume activity,marketwatch.com
2021-02-26 15:45:00+00:00,2021-02-26,AMC Stock Forecast & News : AMC Ent . Holdings Inc sees relative calm between the storms,fxstreet.com
2021-02-26 16:00:00+00:00,2021-02-26,"GameStop stock on track for 200 % weekly gain , only its second best week ever",marketwatch.com
2021-02-26 16:00:00+00:00,2021-02-26,"Churchill Capital Corp IV ( NYSE : CCIV ), Gamestop Corporation ( NYSE : GME ) - Churchill Capital Corp IV Shares Rally On Dave Portnoy Tweet , Reddit Activity",benzinga.com
2021-02-26 19:15:00+00:00,2021-02-26,"GameStop saga illustrates rising noise trader risk that could feed market volatility , warns quantitative analyst",marketwatch.com
2021-02-26 20:15:00+00:00,2021-02-26,Dow Slips As Dems Move To Pass Stimulus Bill ; Pelosi Says This Is Necessary ; Apple Rebounds,investors.com
2021-02-26 20:15:00+00:00,2021-02-26,GameStop : WallStreetBets trader army is back for a second share rally – here how to make sense of it,theconversation.com
2021-02-26 20:45:00+00:00,2021-02-26,"Redditors , Here How to Help Ryan Cohen Send GME Stock to $500",investorplace.com
2021-02-26 22:00:00+00:00,2021-02-26,GameStop Stock Surged Again This Week . Why Analysts Dont Think It Will Last .,marketwatch.com
2021-02-26 22:00:00+00:00,2021-02-26,"Dow Jones Dips , Nasdaq Rallies As Tech Stocks Rebound ; House To Vote On Stimulus Bill",investors.com
2021-02-26 22:15:00+00:00,2021-02-26,What Did the Stock Market Do Today ? 3 Big Stories to Catch Up On .,investorplace.com
2021-02-26 23:00:00+00:00,2021-02-26,The Best Online Brokers for 2021 : The Rise of the Individual Investor and Fintech Apps,marketwatch.com
2021-02-26 23:45:00+00:00,2021-02-26,Notorious GME : GameStop on Track for 200 % Gain this Week,gobankingrates.com
2021-02-27 07:30:00+00:00,2021-02-27,"Elon Musk Reacts to $GME Stock Meme Indicating Danger for DOW , NASDAQ and S & P : Is the Frenzy Over ?",itechpost.com
2021-02-27 13:15:00+00:00,2021-02-27,Ignore GameStop and AMC : These Growth Stocks Are Poised to Double,fool.com
2021-02-28 03:45:00+00:00,2021-02-28,"Bots Reportedly Helped Fuel GameStonks Hype on Facebook , Twitter , and Other Platforms",gizmodo.com.au
2021-02-28 12:00:00+00:00,2021-02-28,5 of the Most Dangerous Robinhood Stocks,fool.com
2021-02-28 15:00:00+00:00,2021-02-28,"Redditors , Ryan Cohen Needs Your Help to Send GME Stock Back to $500",finance.yahoo.com
2021-02-28 18:45:00+00:00,2021-02-28,"Gamestop Corporation ( NYSE : GME ), ( AMC ) - When You Buy A Stock , Here How Much Cash The Company Actually Receives",benzinga.com
2021-02-28 22:45:00+00:00,2021-02-28,GameStop stock is surging again : Shares close up more than 100 %,cnn.com
2021-03-01 01:30:00+00:00,2021-03-01,Reddit CEO : WallStreetBets exposed a gap between financial insiders and outsiders,marketwatch.com
2021-03-01 07:00:00+00:00,2021-03-01,"Gamestop Corporation ( NYSE : GME ), ( AMC ) - GameStop , Dogecoin Rallies Fueled By Social Media Bots : Cybersecurity Firm",benzinga.com
2021-03-01 07:15:00+00:00,2021-03-01,"Bots hyped GameStop stock on social media , cybersecurity firm reveals",ibtimes.co.uk
2021-03-01 09:30:00+00:00,2021-03-01,"Bots Reportedly Helped Fuel GameStonks Hype on Facebook , Twitter , and Other Platforms",kotaku.com.au
2021-03-01 11:45:00+00:00,2021-03-01,The Top 50 Robinhood Stocks in March,fool.com
2021-03-01 12:45:00+00:00,2021-03-01,GameStop and AMC Entertainment shares active again premarket,marketwatch.com
2021-03-01 14:00:00+00:00,2021-03-01,Stop Speculating on GameStop ( NYSE : GME ): Buy These Undervalued TSX Stocks Instead,fool.ca
2021-03-01 16:30:00+00:00,2021-03-01,What Will the Stock Market Do Today ? 3 Big Stories to Watch .,investorplace.com
2021-03-01 18:00:00+00:00,2021-03-01,Why Has the GameStop Stock Price Risen Again ?,newsweek.com
2021-03-01 22:45:00+00:00,2021-03-01,Gamestop Short Squeeze Pummels Short Sellers | Gamestop Short Squeeze Pummels Short SellersFinancial Buzz,financialbuzz.com
2021-03-01 23:00:00+00:00,2021-03-01,Why fuboTV Stock Closed 9 . 9 % Higher on Monday,fool.com
2021-03-02 01:45:00+00:00,2021-03-02,Lessons from Gamestop price fluctuations,standardmedia.co.ke
2021-03-02 02:00:00+00:00,2021-03-02,Should you sell short favorites on Wallstreetbets ?,triblive.com
2021-03-02 06:15:00+00:00,2021-03-02,GameStop ( GME ) Stock Price and Forecast : 18 % rally falters after US FINRA cancels Roaring Kitty license,fxstreet.com
2021-03-02 06:45:00+00:00,2021-03-02,"Elon Musk Tweets , Tesla Investors Listen On All Kinds Of Things",cleantechnica.com
2021-03-02 07:45:00+00:00,2021-03-02,Ignore GameStop and AMC : These Growth Stocks Are Poised to Double,fool.com
2021-03-02 08:00:00+00:00,2021-03-02,Why are investors buying GameStop shares again ?,thenextweb.com
2021-03-02 08:15:00+00:00,2021-03-02,Pitfalls & Pitch Calls : Fads versus fundamentals,theedgemarkets.com
2021-03-02 15:15:00+00:00,2021-03-02,To the Moon and the Media - Brown Political Review,brownpoliticalreview.org
2021-03-02 15:30:00+00:00,2021-03-02,3 Reasons to Avoid GameStop Stock | The Motley Fool,fool.com
2021-03-02 20:30:00+00:00,2021-03-02,A March IPO for Robinhood ?,wealthdaily.com
2021-03-02 21:00:00+00:00,2021-03-02,Billionaire Hamish Douglass says that rising interest rates could cause a share market crash,fool.com.au
2021-03-02 21:30:00+00:00,2021-03-02,Gamestop Corporation ( NYSE : GME ) - Roaring Kitty Keith Gill No Longer Has Financial Broker License : Report,benzinga.com
2021-03-02 23:45:00+00:00,2021-03-02,Rocket Companies Is the Latest Short Squeeze Target . Its Stock Rose 71 % Today .,marketwatch.com
2021-03-02 23:45:00+00:00,2021-03-02,Rocket shares soar more than 70 % as analysts eye GameStop - esque short squeeze,reuters.com
2021-03-03 00:00:00+00:00,2021-03-03,Rocket shares soar more than 70 % as analysts eye GameStop - esque short squeeze,reuters.com
2021-03-03 01:15:00+00:00,2021-03-03,What Did the Stock Market Do Today ? 3 Big Stories to Catch Up On .,investorplace.com
2021-03-03 01:15:00+00:00,2021-03-03,Are Bots Responsible For GameStop Massive Runup ?,safehaven.com
2021-03-03 02:30:00+00:00,2021-03-03,Here Why Rocket Companies Stock Skyrocketed Today,fool.com
2021-03-03 03:30:00+00:00,2021-03-03,Is Rocket the Stock Market Next GameStop ?,fool.com
2021-03-03 13:15:00+00:00,2021-03-03,5 Popular Stocks to Avoid Like the Plague in March,fool.com
2021-03-03 18:30:00+00:00,2021-03-03,Gamestop ( NYSE : GME ): Why the Meme Rose Again,fool.ca
2021-03-03 19:45:00+00:00,2021-03-03,Ford Stock Sees Unusual Options Activity | Investor Business Daily,investors.com
2021-03-03 20:45:00+00:00,2021-03-03,Whitney Tilson,benzinga.com
2021-03-04 02:30:00+00:00,2021-03-04,Reddit Isnt Done With RKT Stock . Here How to Profit While Prices Dip .,investorplace.com
2021-03-04 05:30:00+00:00,2021-03-04,"Tanger Factory Outlet Centers , Inc . ( NYSE : SKT ), Gamestop Corporation ( NYSE : GME ) - WallStreetBets Eyes Tanger Factory Outlet Centers As A Short Squeeze Target",benzinga.com
2021-03-04 11:15:00+00:00,2021-03-04,"3 Robinhood Stocks That Could Plummet 69 % ( or More ), According to Wall Street",fool.com
2021-03-04 16:00:00+00:00,2021-03-04,"RKT , GameStop , AMC Short Squeezes . What Other Stocks Are the Reddit WallStreetBets Traders Targeting ?",mrtopstep.com
2021-03-04 16:45:00+00:00,2021-03-04,Here is WallStreetBet New Short Squeeze Target,fool.com
2021-03-04 18:15:00+00:00,2021-03-04,The Recent Rally in Naked Brand Stock Was Never Built to Last,msn.com
2021-03-04 20:15:00+00:00,2021-03-04,SKT Stock : Tanger Factory Looks to Ride the r / WallStreetBets Rocket Ship,investorplace.com
2021-03-04 20:30:00+00:00,2021-03-04,Tanger Is the New GameStop as Its Shares Take a Wild Ride,marketwatch.com
2021-03-05 00:45:00+00:00,2021-03-05,What Did the Stock Market Do Today ? 3 Big Stories to Catch Up On .,investorplace.com
2021-03-05 06:15:00+00:00,2021-03-05,"Gamestop Corporation ( NYSE : GME ), ( CHWY ) - GameStop Rally Thursday Likely Fueled By Ryan Cohen Cryptic Tweet : Analyst",benzinga.com
2021-03-05 13:30:00+00:00,2021-03-05,GameStop Corp gallops higher on picture of dog,proactiveinvestors.co.uk
2021-03-05 17:00:00+00:00,2021-03-05,"( AMC ), Gamestop Corporation ( NYSE : GME ) - Reddit Ropes In Former Snap Executive Drew Vollero As Finance Chief : Reuters",benzinga.com
2021-03-05 17:45:00+00:00,2021-03-05,The GameStop Saga : How Reddit and Independent Investors Shook Wall Street – Roar News,roarnews.co.uk
2021-03-05 19:30:00+00:00,2021-03-05,GameStop stock heads toward $10 billion market cap with 35 % weekly gain,marketwatch.com
2021-03-05 19:45:00+00:00,2021-03-05,What Will the Stock Market Do Today ? 3 Big Stories to Watch,investorplace.com
2021-03-06 00:45:00+00:00,2021-03-06,What Did the Stock Market Do Today ? 3 Big Stories to Catch Up On .,investorplace.com
2021-03-06 13:15:00+00:00,2021-03-06,"5 Stocks That Turned $100 , 000 Into $3 Million ( or More ) in 1 Year",fool.com
2021-03-06 16:00:00+00:00,2021-03-06,Critics warn of bubble as celebrities cash in on art that doesnt exist,telegraph.co.uk
2021-03-07 16:00:00+00:00,2021-03-07,"Forget GameStop , AMC , and Sundial : These Are the Best Stocks to Buy Right Now",fool.com
2021-03-07 16:30:00+00:00,2021-03-07,Why Canopy Growth Fell 18 . 1 % in February,fool.com
2021-03-08 11:45:00+00:00,2021-03-08,4 of Robinhood Top 10 Stocks Could Lose 50 % ( or More ),fool.com
2021-03-08 13:45:00+00:00,2021-03-08,GameStop stock surges after tapping Chewy co - founder Ryan Cohen to chair new strategy committee,marketwatch.com
2021-03-08 16:00:00+00:00,2021-03-08,GameStop Corp surges as it taps major shareholder to head transition committee,proactiveinvestors.co.uk
2021-03-08 16:00:00+00:00,2021-03-08,Fintech Spotlight : How Docoh Is Empowering The Next Generation Of Retail Investors,benzinga.com
2021-03-08 18:30:00+00:00,2021-03-08,Why GameStop Shares Jumped Monday | The Motley Fool,fool.com
2021-03-08 18:45:00+00:00,2021-03-08,GME Stock : Cohen Aims for the Moon With New GameStop Committee,investorplace.com
2021-03-08 23:45:00+00:00,2021-03-08,"GameStop jumps more than 40 %, other meme stock rally on stimulus hopes",metro.us
2021-03-08 23:45:00+00:00,2021-03-08,What Did the Stock Market Do Today ? 3 Big Stories to Catch Up On .,investorplace.com
2021-03-09 00:00:00+00:00,2021-03-09,"GameStop jumps more than 40 %, other meme stock rally on stimulus hopes",reuters.com
2021-03-09 02:45:00+00:00,2021-03-09,"Reddit Stocks : Why r / WSB Faves GME , AMC and BB Are Gaining Today",investorplace.com
2021-03-09 06:15:00+00:00,2021-03-09,"Discovery Communications , Inc . ( NASDAQ : DISCA ), Gamestop Corporation ( NYSE : GME ) - Discovery Stock Is Up 123 % This Year Thanks To The GameStop , AMC Short Squeeze",benzinga.com
2021-03-09 12:15:00+00:00,2021-03-09,"GameStop rallies another 15 % premarket , as AMC , BlackBerry , Koss and Naked Group also gain",marketwatch.com
2021-03-09 16:30:00+00:00,2021-03-09,Losing Touch With Reality – A GameStop Lesson,forbes.com
2021-03-09 17:00:00+00:00,2021-03-09,Why VanEck New Meme Stocks ETF Might Not Be Reddit - Worthy,marketwatch.com
2021-03-09 18:00:00+00:00,2021-03-09,"As Markets Soar , Are These 3 Reddit Stocks Here to Stay ?",fool.com
2021-03-09 18:15:00+00:00,2021-03-09,Reddit Top Bet GameStop Soars To Almost $200 After Expected Funds From Stimulus Checks,ibtimes.com
2021-03-09 22:45:00+00:00,2021-03-09,"Nasdaq Spikes 500 Points , Led By Tesla , Peloton , DocuSign ; 3 Bitcoin Stocks Score Bullish Gains",investors.com
2021-03-09 23:00:00+00:00,2021-03-09,GameStop stock keeps moving up Tuesday,cnet.com
2021-03-10 00:45:00+00:00,2021-03-10,Forget GameStop : 2 Super Gaming Stocks to Buy Instead,fool.ca
2021-03-10 03:00:00+00:00,2021-03-10,The most frequently asked questions posed by Robinhood traders reveal new type of uninformed equity - market participant,marketwatch.com
2021-03-10 10:45:00+00:00,2021-03-10,"Apple ( AAPL ), AMC Entertainment Holdings ( AMC ), Walt Disney Company ( DIS ), Gamestop Corp . ( GME ), NIO ( NIO ), Rocket Companies , Inc . ( RKT ), S & P Dep Receipts ( SPY ), Tesla Motors ( TSLA ) - Which Stocks Are WallStreetBets Users Talking...",benzinga.com
2021-03-10 12:15:00+00:00,2021-03-10,The 10 Most Short - Sold Robinhood Stocks in March,fool.com
2021-03-10 12:30:00+00:00,2021-03-10,"GME Stock Price and News : GameStop Corporation the sequel , on traders screens everywhere",fxstreet.com
2021-03-10 17:00:00+00:00,2021-03-10,GameStop shares surpass $300 in Wednesday trading,cnet.com
2021-03-10 17:00:00+00:00,2021-03-10,GME Stock Bear Call Spread | Investor Business Daily,investors.com
2021-03-10 18:00:00+00:00,2021-03-10,Why GameStop Stock Continues to Run Up,fool.com
2021-03-10 18:45:00+00:00,2021-03-10,AMC Entertainment - How to Trade It After Earnings,thestreet.com
2021-03-10 20:00:00+00:00,2021-03-10,"GameStop shares see wild swings , other meme stock soar",reuters.com
2021-03-10 21:00:00+00:00,2021-03-10,"Gamestop Corporation ( NYSE : GME ), ( AMC ) - GameStop Stock Takes Volatile Ride After 5 - Session Winning Streak",benzinga.com
2021-03-10 23:00:00+00:00,2021-03-10,GameStop and other meme stock shares swing sharply and reach near - record highs before dropping,dailymail.co.uk
2021-03-10 23:15:00+00:00,2021-03-10,"GameStop ends up 7 . 3 % after wild swings , other meme stock soar",leaderpost.com
2021-03-11 00:15:00+00:00,2021-03-11,"GameStop ends up 7 . 3 % after wild swings , other meme stock soar",metro.us
2021-03-11 01:00:00+00:00,2021-03-11,GameStop – The Second Surge : Anatomy Of A Gamma Swarm,forbes.com
2021-03-11 08:30:00+00:00,2021-03-11,"GameStop ends up 7 . 3 % after wild swings , other meme st",en.yibada.com
2021-03-11 09:15:00+00:00,2021-03-11,The Reddit Army : What Happens When Bonnie and Clyde Come to Wall Street,investorplace.com
2021-03-11 10:00:00+00:00,2021-03-11,"Gamestop Corporation ( NYSE : GME ), ( AMC ) - GameStop Frenzy Continues To Inspire More Retail Investor Jump Into Stock Market",benzinga.com
2021-03-11 10:45:00+00:00,2021-03-11,"( AMC ), Walt Disney Company ( The ) ( NYSE : DIS ) - AMC Says No Longer In Survival Mode With Vaccine Rollout , Big Movie Releases On The Horizon",benzinga.com
2021-03-11 11:45:00+00:00,2021-03-11,5 Robinhood Stocks to Avoid Like the Plague in March,fool.com
2021-03-11 15:45:00+00:00,2021-03-11,AMC Stock Price : AMC Entertainment Holdings Inc surges double - digits ahead of earnings,fxstreet.com
2021-03-11 19:30:00+00:00,2021-03-11,ABC News to premiere GameStop documentary next week on Hulu,shacknews.com
2021-03-11 21:00:00+00:00,2021-03-11,"( BUZZ ), Gamestop Corporation ( NYSE : GME ) - How The Dave Portnoy - Backed Social Sentiment ETF Actually Works",benzinga.com
2021-03-11 21:30:00+00:00,2021-03-11,Why Koss Stock Was Sliding Today | The Motley Fool,fool.com
2021-03-12 08:00:00+00:00,2021-03-12,"( AMC ), AT & T Inc . ( NYSE : T ) - AMC Could Be Getting Up To 10 % On Film - Rental Fees From WarnerMedia , Says Analyst",benzinga.com
2021-03-12 11:30:00+00:00,2021-03-12,GameStop meme stock rallies dont fix its decline | Opinion,gamesindustry.biz
2021-03-12 17:30:00+00:00,2021-03-12,Gamestop Corporation ( NYSE : GME ) - Why GameStop Stock Is Trading Higher Today,benzinga.com
2021-03-12 19:30:00+00:00,2021-03-12,Could the GameStop frenzy be replicated on Australia stock market ? | GameStop,theguardian.com
2021-03-13 01:00:00+00:00,2021-03-13,It Not Just GameStop . Why These Retro Stocks Are Suddenly Hot .,marketwatch.com
2021-03-13 03:15:00+00:00,2021-03-13,Squeezing Short - Sellers for Fun and Profit - Brown Political Review,brownpoliticalreview.org
2021-03-14 10:45:00+00:00,2021-03-14,5 Ultra - Popular Stocks That Could Cost You Most ( or All ) of Your Money,fool.com
2021-03-14 12:30:00+00:00,2021-03-14,Reddit Stocks Update : 8 Popular r / WSB Stocks That Are Up Today,finance.yahoo.com
2021-03-14 17:15:00+00:00,2021-03-14,Slumping Naked Brands Is Nearing the Point of No Return,finance.yahoo.com
2021-03-15 01:00:00+00:00,2021-03-15,"Jim Cramer : Go Ahead , Try and Bet Against Me",realmoney.thestreet.com
2021-03-15 05:00:00+00:00,2021-03-15,"Gamestop Corp . ( GME ), HONDA MOTOR CO LT ( HNDAF ), Tesla Motors ( TSLA ) - Exclusive : Dogecoin Creator Says What Sets Meme Crypto Apart From Thousands Of Failed Coin Is Being A Meme",benzinga.com
2021-03-15 17:15:00+00:00,2021-03-15,"WallStreetBets Users Adopt Gorillas , Raise Over $200 , 000 for Charity in a Weekend",newsweek.com
2021-03-16 11:30:00+00:00,2021-03-16,Forget AMC and Gamestop : These 2 Popular Robinhood Stocks Are Better Buys,fool.com
2021-03-16 15:00:00+00:00,2021-03-16,"GameStop Stock Tumbles , but Analyst Still Sees Squeeze Potential",marketwatch.com
2021-03-16 17:45:00+00:00,2021-03-16,"First Gamestop , now gorillas . Redditors are pouring money into saving apes",cnn.com
2021-03-16 18:00:00+00:00,2021-03-16,"Ape Charities Thank WallStreetBets Users for Raising Over $333 , 000 in Days",newsweek.com
2021-03-16 18:15:00+00:00,2021-03-16,Gamestop Corp . ( GME ) - Lizhi Stock Rips 30 % After Citron Compares Company To Clubhouse And Roblox,benzinga.com
2021-03-16 20:30:00+00:00,2021-03-16,Why Express Stock Was Sliding Today | The Motley Fool,fool.com
2021-03-16 20:45:00+00:00,2021-03-16,"First GameStop , now gorillas . Redditors are pouring money into saving apes",msn.com
2021-03-16 21:00:00+00:00,2021-03-16,Redditors Who Bought GameStop Pick Next Investment,newser.com
2021-03-16 21:00:00+00:00,2021-03-16,WallStreetBets going ape over gorillas – and that not monkey business,wraltechwire.com
2021-03-17 00:30:00+00:00,2021-03-17,Stock Market Today With Jim Cramer : Buy AMD,thestreet.com
2021-03-17 01:30:00+00:00,2021-03-17,"First GameStop , now gorillas . Redditors are pouring money into saving apes",wmac-am.com
2021-03-17 07:45:00+00:00,2021-03-17,Has GameStop changed rules for successful investing ?,tribtown.com
2021-03-17 10:15:00+00:00,2021-03-17,"Gamestop Corporation ( NYSE : GME ), ( AMC ) - Gamestop Short - Selling Nets Bill Gross $10M , Who Says Current Volatility Perfect Opportunity For Options Sellers",benzinga.com
2021-03-17 14:15:00+00:00,2021-03-17,Bond king Bill Gross says he made $10 million shorting GameStop,marketwatch.com
2021-03-17 14:45:00+00:00,2021-03-17,GameStop Stock Get - Rich - Fast Trick Is Running Out | Investor Business Daily,investors.com
2021-03-17 23:30:00+00:00,2021-03-17,Robinhood backlash : What you should know about the GameStop stock controversy,cnet.com
2021-03-18 00:15:00+00:00,2021-03-18,GameStop : Reddit users investing in gorilla conservation,bbc.co.uk
2021-03-18 00:30:00+00:00,2021-03-18,GameStop Reddit users invest in saving gorillas,msn.com
2021-03-18 02:30:00+00:00,2021-03-18,"( AMC ), AT & T Inc . ( NYSE : T ) - AMC Shares Spike On Complete Reopening Optimism : What You Need To Know",benzinga.com
2021-03-18 10:45:00+00:00,2021-03-18,7 Reasons to Avoid the Reddit Stocks Like the Plague,fool.com
2021-03-18 17:15:00+00:00,2021-03-18,Stocks to Buy : 8 sectors hot with retail traders as stimmy hits markets,businessinsider.com
2021-03-18 17:45:00+00:00,2021-03-18,"WallStreetBets Users Adopt 3 , 500 Gorillas , Raise $377 , 000 for Charity",newsweek.com
2021-03-18 21:45:00+00:00,2021-03-18,ETF of the Week : SPDR S & P Retail ETF ( XRT ),etftrends.com
2021-03-19 06:45:00+00:00,2021-03-19,GME Stock Is Long Past Being a Short Squeeze – So What Left ?,investorplace.com
2021-03-19 07:30:00+00:00,2021-03-19,"Gamestop Corporation ( NYSE : GME ), Berkshire Hathaway Inc . ( NYSE : BRK - A ) - How GameStop Bull Roaring Kitty Isnt All That Different From Warren Buffett",benzinga.com
2021-03-19 11:15:00+00:00,2021-03-19,Why Is Everyone ( Still ) Talking About GameStop Stock ?,fool.com
2021-03-19 12:45:00+00:00,2021-03-19,Should You Invest in Meme Stocks in 2021 ?,kxly.com
2021-03-19 13:30:00+00:00,2021-03-19,FTSE 100 holds losses ; Lamborghini posts record profits as Chinese customers pay more for customised models,proactiveinvestors.co.uk
2021-03-19 14:45:00+00:00,2021-03-19,"When We Speculate , We See What We Want - The Good Men Project",goodmenproject.com
2021-03-19 14:45:00+00:00,2021-03-19,"Gamestop Corporation ( NYSE : GME ) - GameStop Is Losing Its Stimmy Support , Analyst Says",benzinga.com
2021-03-19 17:30:00+00:00,2021-03-19,"FTSE 100 drops another few points ; Taylor Wimpey PLC , Countryside Properties PLC receive CMA order on leasehold contracts",proactiveinvestors.co.uk
2021-03-20 15:30:00+00:00,2021-03-20,"After GameStop , redditors are pouring money into saving gorillas",zmescience.com
2021-03-21 00:15:00+00:00,2021-03-21,Sustainability And The Downfall Of Danone CEO Faber ( 2 / 2 ),forbes.com
2021-03-21 06:30:00+00:00,2021-03-21,GME Stock : It Going to be Game Over Again for GameStop,investorplace.com
2021-03-21 10:45:00+00:00,2021-03-21,Forget GameStop and Sundial : These Growth Stocks Can Triple Your Money,fool.com
2021-03-21 13:45:00+00:00,2021-03-21,"Gamestop Corporation ( NYSE : GME ), ( AMC ) - Here How To Watch GameStop Earnings Report This Tuesday",benzinga.com
2021-03-22 04:45:00+00:00,2021-03-22,"Balloon Juice | Sunday Night Open Thread : Well , * Something * Good Came Out of Gamestonks ...",balloon-juice.com
2021-03-22 11:45:00+00:00,2021-03-22,"Why AMC , GameStop , and Sundial Are 3 of the Worst Stocks to Buy",fool.com
2021-03-22 13:00:00+00:00,2021-03-22,"Gamestop ( GME ) Stock Price and Forecast : GME results on Tuesday , come on down the price is not right",fxstreet.com
2021-03-22 17:15:00+00:00,2021-03-22,Introducing Neverland ... where well crush Wall Street,mauldineconomics.com
2021-03-22 20:30:00+00:00,2021-03-22,The Dian Fossey Gorilla Fund issues new statement following WallStreetBets donations,shacknews.com
2021-03-22 20:45:00+00:00,2021-03-22,"GameStop earnings countdown : But what the fun in fundamentals , say Reddit traders on the rocket emoji launchpad",marketwatch.com
2021-03-23 05:15:00+00:00,2021-03-23,"Microsoft Corporation ( NASDAQ : MSFT ), ( AMC ) - Microsoft Said To Be In Discussions To Acquire Discord For Over $10B",benzinga.com
2021-03-23 15:00:00+00:00,2021-03-23,"Gamestop Corporation ( NYSE : GME ), ( CHWY ) - GameStop CCO Resigns Ahead Of Q4 Earnings Report",benzinga.com
2021-03-23 15:15:00+00:00,2021-03-23,UK Robinhood rival Freetrade raises £50m,news.yahoo.com
2021-03-23 16:00:00+00:00,2021-03-23,Ryan Cohen | Benzinga,benzinga.com
2021-03-23 16:30:00+00:00,2021-03-23,GME Stock Falls Ahead Of First Earnings Report Following Reddit Short Squeeze,investors.com
2021-03-23 21:15:00+00:00,2021-03-23,Reddit crew aims to form super PAC in support of retail traders,marketwatch.com
2021-03-23 23:30:00+00:00,2021-03-23,"GameStop plunges , but Reddit followers tout stock once again as e - commerce sales surge",foxbusiness.com
2021-03-24 01:15:00+00:00,2021-03-24,Welikethestock . wtf is a new Super PAC made to support retailers,shacknews.com
2021-03-24 01:45:00+00:00,2021-03-24,What Did the Stock Market Do Today ? 3 Big Stories to Catch Up On .,msn.com
2021-03-24 02:45:00+00:00,2021-03-24,GameStop earnings whiff but retail traders faithful even as Roaring Kitty points to $2 million paper loss,marketwatch.com
2021-03-24 03:00:00+00:00,2021-03-24,"Gamestop Corporation ( NYSE : GME ), ( AMC ) - GameStop Discloses It Could Capitalize On Reddit - Fueled Rally With A Stock Sale",benzinga.com
2021-03-24 13:45:00+00:00,2021-03-24,"GME Stock : Earnings mixed , Gamestop may consider capital raise , stock is still way too high",fxstreet.com
2021-03-24 16:00:00+00:00,2021-03-24,Why GameStop Shares Tanked Wednesday,fool.com
2021-03-24 16:15:00+00:00,2021-03-24,GameStop tumbles as Reddit darling mulls share sale,metro.us
2021-03-24 17:45:00+00:00,2021-03-24,GameStop tumbles as Reddit darling mulls share sale - Netscape Money & Business,isp.netscape.com
2021-03-24 21:45:00+00:00,2021-03-24,GameStop tumbles 34 % as Reddit darling mulls share sale - Netscape Money & Business,isp.netscape.com
2021-03-24 22:45:00+00:00,2021-03-24,GameStop tumbles 34 % as Reddit darling mulls share sale,metro.us
2021-03-25 03:00:00+00:00,2021-03-25,GameStop tumbles as Reddit darling mulls share sale,oann.com
2021-03-25 05:00:00+00:00,2021-03-25,How to Reform the Broken Brokerage Industry - Brown Political Review,brownpoliticalreview.org
2021-03-25 05:30:00+00:00,2021-03-25,Airtasker ( ASX : ART ) share price insanity : Is this the ASX GameStop ?,fool.com.au
2021-03-25 08:15:00+00:00,2021-03-25,"Gamestop Corporation ( NYSE : GME ), ( AMC ) - Buying GameStop Stock At Present Levels Is Taking Your Life In Your Hands , Says Cramer",benzinga.com
2021-03-25 14:45:00+00:00,2021-03-25,How individual investors poured money into stocks as a pandemic crash turned into a bull market,marketwatch.com
2021-03-26 01:15:00+00:00,2021-03-26,"( AABB ), BlackBerry ( NASDAQ : BB ) - Penny Stocks Are Now The Main Focus For Reddit Investors",benzinga.com
2021-03-26 02:00:00+00:00,2021-03-26,7 Red - Hot Reddit Penny Stocks Generating Buzz Today,investorplace.com
2021-03-26 02:15:00+00:00,2021-03-26,"GameStop 53 % surge fueled by a buy / sell ratio of 3 - to - 1 , as meme stock crowd emboldened",marketwatch.com
2021-03-26 16:15:00+00:00,2021-03-26,What Will the Stock Market Do Today ? 3 Big Stories to Watch .,investorplace.com
2021-03-26 20:15:00+00:00,2021-03-26,"ZOM Stock and its Knowns , Known Unknowns , and Unknown Unknowns",investorplace.com
2021-03-27 13:00:00+00:00,2021-03-27,"Gamestop Corp . ( GME ), Tesla Motors ( TSLA ) - If You Had To Choose One Asset To Spend Your Stimulus Check On , Which Would It Be ?",benzinga.com
2021-03-27 16:15:00+00:00,2021-03-27,Digital Asset Exchange Decoin Is Supporting Trading GameStop ( GME ) Stock Using Cryptocurrencies,crowdfundinsider.com
2021-03-27 18:30:00+00:00,2021-03-27,"5 High - Flying Stocks That Turned $200 , 000 Into More Than $1 Million in 3 Months",fool.com
2021-03-28 11:00:00+00:00,2021-03-28,"Could AMC , GameStop , or Sundial Shares Fall to $0 ?",fool.com
2021-03-28 13:45:00+00:00,2021-03-28,Introducing Neverland … where well crush Wall Street,etftrends.com
2021-03-29 13:00:00+00:00,2021-03-29,When Will AMC Entertainment and GameStop Be Profitable ?,fool.com
2021-03-29 13:45:00+00:00,2021-03-29,NAKD Stock Falls Bellow $1 as Fundamentals Pull It Back Down to Earth,investorplace.com
2021-03-30 08:00:00+00:00,2021-03-30,"Gamestop Corporation ( NYSE : GME ), Baidu , Inc . ( NASDAQ : BIDU ) - GameStop Retail Investors Take Archegos Fallout As Opportunity To Hit Back At Wall Street",benzinga.com
2021-03-30 11:45:00+00:00,2021-03-30,Reddit retail trader netizens gloat over Archegos Capital Management implosion,proactiveinvestors.co.uk
2021-03-30 12:00:00+00:00,2021-03-30,GME Stock forecast : GameStop Corp stuck at key resistance level,fxstreet.com
2021-03-30 16:15:00+00:00,2021-03-30,GME Stock : One Big GameStop Catalyst Is Coming on April 5,investorplace.com
2021-03-30 17:45:00+00:00,2021-03-30,GameStop Executive Shakeup : Here Are The Amazon Veterans Tapped To Lead The Firm Digital Transformation,forbes.com
2021-03-31 04:45:00+00:00,2021-03-31,"( CHWY ), Gamestop Corporation ( NYSE : GME ) - Can Chewy Earnings Beat Fuel GameStop Stock ?",benzinga.com
2021-03-31 05:45:00+00:00,2021-03-31,"BlackBerry ( NASDAQ : BB ), ( AMC ) - BlackBerry Suffers Fallout Of Global Chip Shortage As It Misses On Q4 Earnings",benzinga.com
2021-03-31 10:15:00+00:00,2021-03-31,GME Stock Forecast : GameStop Corp has a good day in a bad market but fails to hold above resistance,fxstreet.com
2021-03-31 11:15:00+00:00,2021-03-31,Can Chewy Earnings Beat Fuel GameStop Stock ?,finance.yahoo.com
2021-03-31 12:15:00+00:00,2021-03-31,3 Bad Growth Stories to Avoid at All Costs,fool.com
2021-03-31 12:15:00+00:00,2021-03-31,The 3 Most Dangerous Reddit Stocks | The Motley Fool,fool.com
2021-03-31 12:30:00+00:00,2021-03-31,"Dow Jones Futures Fall Ahead Of Biden Plan ; Apple , Tesla Stock Set To Rally",investors.com
2021-03-31 19:30:00+00:00,2021-03-31,What to Make of GameStop Latest Report,fool.com
2021-03-31 23:30:00+00:00,2021-03-31,WYFF News 4 Investigates : What to consider before putting your stimulus check in the stock market,wyff4.com
