url,url_mobile,title,seendate,socialimage,domain,language,sourcecountry,published_at,ticker
https://www.barrons.com/articles/gamestop-stock-doubled-last-weekbut-challenges-remain-51610751952,https://www.barrons.com/amp/articles/gamestop-stock-doubled-last-weekbut-challenges-remain-51610751952,GameStop Stock Doubled Last Week But Challenges Remain,20210115T233000Z,https://images.barrons.com/im-285024/social,barrons.com,English,China,2021-01-15 23:30:00+00:00,GME
https://www.marketwatch.com/articles/gamestop-stock-doubled-last-weekbut-challenges-remain-51610751952,,GameStop Stock Doubled Last Week . The Challenges Havent Changed . ,20210115T234500Z,https://images.barrons.com/im-285024/social,marketwatch.com,English,United States,2021-01-15 23:45:00+00:00,GME
http://www.idahoreporter.com/2021/gme-stock-faces-the-mother-of-all-short-squeezes-as-citron-jumps-in-to-save-the-shorts/,,GME stock faces  the mother of all short squeeze as Citron jumps in to save the shorts . – Idaho Reporter,20210119T194500Z,http://www.idahoreporter.com/wp-content/uploads/2020/12/lemon-2539163_640.jpg,idahoreporter.com,English,United States,2021-01-19 19:45:00+00:00,GME
https://www.benzinga.com/analyst-ratings/analyst-color/21/01/19261270/citrons-andrew-left-says-gamestop-is-pretty-much-in-terminal-decline,https://amp.benzinga.com/amp/content/19261270,"Gamestop Corporation ( NYSE : GME ), Best Buy Co ., Inc . ( NYSE : BBY ) - Citron Andrew Left Says GameStop Is  Pretty Much In Terminal Decline  ",20210121T204500Z,,benzinga.com,English,United States,2021-01-21 20:45:00+00:00,GME
https://www.marketwatch.com/articles/short-squeeze-sends-gamestop-shares-to-2007-levels-what-happens-next-51611348093,,Short Squeeze Sends GameStop Shares to 2007 Levels . What Happens Next . ,20210122T210000Z,https://images.barrons.com/im-288895/social,marketwatch.com,English,United States,2021-01-22 21:00:00+00:00,GME
https://www.benzinga.com/analyst-ratings/analyst-color/21/01/19279179/gamestops-power-surge-will-wallstreetbets-or-the-short-sellers-come-out-on-top,https://amp.benzinga.com/amp/content/19279179,"Gamestop Corporation ( NYSE : GME ), Bed Bath & Beyond Inc . ( NASDAQ : BBBY ) - GameStop Power Surge : Will WallStreetBets Or The Short Sellers Come Out On Top ? ",20210122T213000Z,,benzinga.com,English,United States,2021-01-22 21:30:00+00:00,GME
https://www.theverge.com/2021/1/22/22244900/game-stop-stock-halted-trading-volatility,https://www.theverge.com/platform/amp/2021/1/22/22244900/game-stop-stock-halted-trading-volatility,GameStop stock halts trading after Reddit drama,20210122T221500Z,https://cdn.vox-cdn.com/thumbor/6lmVkxs1aTrvPIMTp5luERZdg1c=/0x0:3600x1885/fit-in/1200x630/cdn.vox-cdn.com/uploads/chorus_asset/file/22253434/1227730798.jpg,theverge.com,English,United States,2021-01-22 22:15:00+00:00,GME
https://www.swfinstitute.org/news/83895/retail-bagholders-prop-up-gamestop-stock-soars-almost-70,https://www.swfinstitute.org/news/83895/retail-bagholders-prop-up-gamestop-stock-soars-almost-70/amp,"Retail Bagholders Prop Up GameStop , Stock Soars Almost 70 % ",20210122T221500Z,,swfinstitute.org,English,United States,2021-01-22 22:15:00+00:00,GME
https://www.msn.com/en-us/entertainment/gaming/gamestop-stock-hits-record-high-after-short-sellers-clash-with-redditors/ar-BB1d0ywA,,GameStop stock hits record high after short sellers clash with Redditors,20210122T231500Z,,msn.com,English,United States,2021-01-22 23:15:00+00:00,GME
https://www.ign.com/articles/gamestop-stock-surges-to-record-highs-as-investors-battle-redditors,/articles/gamestop-stock-surges-to-record-highs-as-investors-battle-redditors?amp=1,GameStop Stock Surges to Record Highs As Investors Battle Redditors,20210122T233000Z,https://assets1.ignimgs.com/2021/01/22/gamestop-blogroll-1582129013450-1611353373181.jpg,ign.com,English,United States,2021-01-22 23:30:00+00:00,GME
https://wccftech.com/gamestop-shares-soar-70-as-short-sellers-account-hacked-children-harassed/,https://wccftech.com/gamestop-shares-soar-70-as-short-sellers-account-hacked-children-harassed/amp/,GameStop Shares Soar By 70 % As Short Seller Account Hacked & Children Harassed,20210122T234500Z,https://cdn.wccftech.com/wp-content/uploads/2021/01/https___specials-images.forbesimg.com_imageserve_5f6afe68bae9e10601a599fa_0x0.jpg,wccftech.com,English,United States,2021-01-22 23:45:00+00:00,GME
https://www.polygon.com/2021/1/22/22245048/gamestop-stock-price-record-short-selling-squeeze-bubble-explainer,https://www.polygon.com/platform/amp/2021/1/22/22245048/gamestop-stock-price-record-short-selling-squeeze-bubble-explainer,GameStop stock hits record high when short sellers clash with Redditors,20210123T013000Z,https://cdn.vox-cdn.com/thumbor/QTSpPScNgHaeqG5q-ziFHsSOX78=/0x0:4319x2261/fit-in/1200x630/cdn.vox-cdn.com/uploads/chorus_asset/file/22190850/1229823823.jpg,polygon.com,English,United States,2021-01-23 01:30:00+00:00,GME
https://www.gizmodo.com.au/2021/01/angry-reddit-mob-and-shortsellers-clash-over-gamestops-ridiculous-stock-market-jump/,https://www.gizmodo.com.au/2021/01/angry-reddit-mob-and-shortsellers-clash-over-gamestops-ridiculous-stock-market-jump/amp/,Angry Reddit  Mob  and Shortsellers Clash Over Gamestop Ridiculous Stock Market Jump,20210123T061500Z,https://imgix.gizmodo.com.au/content/uploads/sites/2/2021/01/23/dsc5jqhe5kcxmmch38mv-scaled.jpg?ar=16%3A9&auto=format&fit=crop&q=65,gizmodo.com.au,English,Australia,2021-01-23 06:15:00+00:00,GME
https://invezz.com/news/2021/01/23/gamestop-shares-have-exploded-this-january-but-the-current-price-does-not-represent-a-good-value-for-long-term-investors/,https://invezz.com/news/2021/01/23/gamestop-shares-have-exploded-this-january-but-the-current-price-does-not-represent-a-good-value-for-long-term-investors/?amp,GameStop shares have exploded this January but the current price does not represent a good value for long - term investors,20210123T170000Z,https://invezz.com/wp-content/uploads/2021/01/1515766187-nb-18car2.jpg,invezz.com,English,United Kingdom,2021-01-23 17:00:00+00:00,GME
https://www.techspot.com/news/88390-gamestop-stock-hits-record-high-reddit-group-causes.html,https://www.techspot.com/amp/news/88390-gamestop-stock-hits-record-high-reddit-group-causes.html,GameStop stock hits record high as Reddit group causes mayhem,20210124T180000Z,https://static.techspot.com/images2/news/ts3_thumbs/2019/07/2019-07-15-ts3_thumbs-3d9.jpg,techspot.com,English,United States,2021-01-24 18:00:00+00:00,GME
https://www.benzinga.com/analyst-ratings/analyst-color/21/01/19290849/gamestops-confounding-rally-leads-to-one-of-its-largest-investors-turning-neutral,https://amp.benzinga.com/amp/content/19290849,"Gamestop Corporation ( NYSE : GME ), ( CHWY ) - GameStop Confounding Rally Leads To One Of Its Largest Investors Turning Neutral",20210125T110000Z,,benzinga.com,English,United States,2021-01-25 11:00:00+00:00,GME
https://www.gamespot.com/articles/heres-whats-going-on-with-gamestops-stock/1100-6486676/,https://www.gamespot.com/amp-articles/heres-whats-going-on-with-gamestops-stock/1100-6486676/,Here What Going On With GameStop Stock,20210125T131500Z,https://gamespot1.cbsistatic.com/uploads/screen_kubrick/1597/15975876/3781909-ehmxq2iwaamhvha.jpg,gamespot.com,English,United States,2021-01-25 13:15:00+00:00,GME
https://investorplace.com/2021/01/gme-stock-11-things-to-know-about-the-wild-gamestop-drama-on-reddit-wallstreetbets-wsb/,https://investorplace.com/2021/01/gme-stock-11-things-to-know-about-the-wild-gamestop-drama-on-reddit-wallstreetbets-wsb/amp/,GME Stock : 11 Things to Know About the Wild GameStop Drama on Reddit WallStreetBets ( WSB ) ,20210125T173000Z,https://investorplace.com/wp-content/uploads/2020/03/gme-stock-4-1024x576.jpg,investorplace.com,English,United States,2021-01-25 17:30:00+00:00,GME
https://www.gamerevolution.com/news/672621-gamestop-stock-price-2021-reddit-wallstreetbets,https://www.gamerevolution.com/news/672621-gamestop-stock-price-2021-reddit-wallstreetbets?amp,GameStop Stock Price | How did Reddit WallStreetBets increase it ? ,20210125T181500Z,https://www.gamerevolution.com/assets/uploads/2021/01/GameStop-stock-price.jpg,gamerevolution.com,English,Japan,2021-01-25 18:15:00+00:00,GME
https://www.bnnbloomberg.ca/reddit-s-rocket-ship-stock-picks-blackberry-gamestop-lift-off-again-1.1553543,https://www.bnnbloomberg.ca/reddit-s-rocket-ship-stock-picks-blackberry-gamestop-lift-off-again-1.1553543.amp.html,"Reddit rocket - ship stock picks BlackBerry , GameStop lift off again",20210125T183000Z,,bnnbloomberg.ca,English,Canada,2021-01-25 18:30:00+00:00,GME
https://news.yahoo.com/gamestop-extends-wild-ride-wall-181604342.html,https://news.yahoo.com/amphtml/gamestop-extends-wild-ride-wall-181604342.html,GameStop extends wild ride on Wall Street,20210125T184500Z,https://s.yimg.com/uu/api/res/1.2/0Ba.f75hcqeyREVUsdzjLA--~B/aD01MTI7dz03Njg7YXBwaWQ9eXRhY2h5b24-/https://media.zenfs.com/en/afp.com/436e7d1af161c14e0ef564184eafe37b,news.yahoo.com,English,United States,2021-01-25 18:45:00+00:00,GME
https://news.yahoo.com/gamestop-short-sellers-reload-bearish-175645685.html,https://news.yahoo.com/amphtml/gamestop-short-sellers-reload-bearish-175645685.html,GameStop Short - Sellers Reload Bearish Bets After $6 Billion Loss,20210125T184500Z,https://s.yimg.com/uu/api/res/1.2/A9fdnsKeuPdu_2pTtKLjbg--~B/aD02NzU7dz0xMjAwO2FwcGlkPXl0YWNoeW9u/https://media.zenfs.com/en/bloomberg_markets_842/e271fcd810a93a608ec8415d6b47ae57,news.yahoo.com,English,United States,2021-01-25 18:45:00+00:00,GME
https://www.bnnbloomberg.ca/gamestop-short-sellers-reload-bearish-bets-after-us-6b-loss-1.1553700,https://www.bnnbloomberg.ca/gamestop-short-sellers-reload-bearish-bets-after-us-6b-loss-1.1553700.amp.html,GameStop short - sellers reload bearish bets after US$6B loss,20210125T190000Z,http://www.bnnbloomberg.ca/polopoly_fs/1.1553681!/fileimage/httpImage/image.jpg_gen/derivatives/landscape_620/a-customer-browses-merchandise-at-a-gamestop-store-in-chicago-photographer-christopher-dilts-bloomberg.jpg,bnnbloomberg.ca,English,Canada,2021-01-25 19:00:00+00:00,GME
https://www.marketwatch.com/story/reddit-moderator-slams-wall-street-fat-cats-as-gamestop-surge-continues-they-hate-that-you-played-by-the-rules-and-still-won-11611600048,https://www.marketwatch.com/amp/story/reddit-moderator-slams-wall-street-fat-cats-as-gamestop-surge-continues-they-hate-that-you-played-by-the-rules-and-still-won-11611600048,Reddit moderator slams Wall Street  fat cat as GameStop surge continues  They hate that you played by the rules and still won  ,20210125T190000Z,https://images.mktw.net/im-290060/social,marketwatch.com,English,United States,2021-01-25 19:00:00+00:00,GME
https://www.fool.com/investing/2021/01/25/why-shares-of-bed-bath-beyond-are-soaring-today/?source=iedfolrf0000001,https://www.fool.com/amp/investing/2021/01/25/why-shares-of-bed-bath-beyond-are-soaring-today/,Why Shares of Bed Bath & Beyond Are Soaring Today,20210125T190000Z,https://g.foolcdn.com/editorial/images/609642/mall-source-getty.jpeg,fool.com,English,United States,2021-01-25 19:00:00+00:00,GME
https://www.bnnbloomberg.ca/reddit-s-rocket-ship-stock-picks-like-gamestop-blast-off-again-1.1553543,https://www.bnnbloomberg.ca/reddit-s-rocket-ship-stock-picks-like-gamestop-blast-off-again-1.1553543.amp.html,"Reddit rocket - ship stock picks BlackBerry , GameStop lift off again",20210125T191500Z,,bnnbloomberg.ca,English,Canada,2021-01-25 19:15:00+00:00,GME
https://www.marketwatch.com/articles/gamestop-stock-rockets-to-record-and-returns-to-earth-51611598705,,GameStop Stock Sets Record and Returns to Earth,20210125T191500Z,https://images.barrons.com/im-268418/social,marketwatch.com,English,United States,2021-01-25 19:15:00+00:00,GME
https://www.latimes.com/business/technology/story/2021-01-25/reddit-stock-pumping-sends-gamestop-blackberry-on-rocket-ship-ride,https://www.latimes.com/business/technology/story/2021-01-25/reddit-stock-pumping-sends-gamestop-blackberry-on-rocket-ship-ride?_amp=true,"Reddit stock traders pump up GameStop , Blackberry stock",20210125T193000Z,https://california-times-brightspot.s3.amazonaws.com/b0/cc/d77cb00e49029f69e227d831a2c3/ap20332649694511.jpg,latimes.com,English,United States,2021-01-25 19:30:00+00:00,GME
https://www.msn.com/en-us/money/other/i-love-you-guys-redditor-betting-on-gamestop-used-profits-to-pay-off-student-loans/ar-BB1d4PGS,,  I love you guy : Redditor betting on GameStop used profits to pay off student loans,20210125T194500Z,,msn.com,English,United States,2021-01-25 19:45:00+00:00,GME
https://www.shacknews.com/article/122373/gamestop-gme-stock-reaches-high-point-of-over-150-per-share-following-heavy-trading,https://www.shacknews.com/article/122373/gamestop-gme-stock-reaches-high-point-of-over-150-per-share-following-heavy-trading?amphtml=1,Gamestop ( GME ) Stock reaches high point of over $150 per share following heavy trading,20210125T201500Z,,shacknews.com,English,United States,2021-01-25 20:15:00+00:00,GME
https://www.marketwatch.com/articles/new-gamestop-investors-hurt-by-mondays-setback-in-stock-51611604650,,Monday Reversal Hurts New GameStop Investors,20210125T201500Z,https://images.barrons.com/im-290088/social,marketwatch.com,English,United States,2021-01-25 20:15:00+00:00,GME
https://www.benzinga.com/markets/options/21/01/19306522/unusually-large-bed-bath-beyond-option-traders-bet-big-on-more-upside,https://amp.benzinga.com/amp/content/19306522,"Bed Bath & Beyond Inc . ( NASDAQ : BBBY ), Gamestop Corporation ( NYSE : GME ) - Unusually Large Bed , Bath & Beyond Option Traders Bet Big On More Upside",20210125T203000Z,,benzinga.com,English,United States,2021-01-25 20:30:00+00:00,GME
https://www.benzinga.com/news/21/01/19304197/market-pros-on-gamestop-wall-street-shouldnt-be-proud,https://amp.benzinga.com/amp/content/19304197,Gamestop Corporation ( NYSE : GME ) - Market Pros On GameStop :  Wall Street Shouldnt Be Proud  ,20210125T211500Z,,benzinga.com,English,United States,2021-01-25 21:15:00+00:00,GME
https://www.ibtimes.com/gamestop-extends-wild-ride-wall-street-3130169,,GameStop Extends Wild Ride On Wall Street,20210125T220000Z,https://s1.ibtimes.com/sites/www.ibtimes.com/files/styles/full/public/2021/01/25/gamestop-has-seen-a-sudden-surge-in-its.jpg,ibtimes.com,English,United States,2021-01-25 22:00:00+00:00,GME
https://www.ibtimes.com/gamestop-extends-wild-ride-wall-street-3130295,,GameStop Extends Wild Ride On Wall Street,20210125T220000Z,https://s1.ibtimes.com/sites/www.ibtimes.com/files/styles/full/public/2021/01/25/gamestop-has-seen-a-sudden-surge-in-its-AFP_8ZJ2UH.jpg,ibtimes.com,English,United States,2021-01-25 22:00:00+00:00,GME
https://wccftech.com/the-gamestop-rollercoaster-continues/,https://wccftech.com/the-gamestop-rollercoaster-continues/amp/,"The GameStop Rollercoaster Continues - Investors Lost $1 . 6bn in One Day , Worse to Come ? ",20210125T221500Z,https://cdn.wccftech.com/wp-content/uploads/2021/01/GameStop-Rollercoaster-Continues-01-Header.jpg,wccftech.com,English,United States,2021-01-25 22:15:00+00:00,GME
https://www.ibtimes.com.au/gamestop-extends-wild-ride-wall-street-1671828,,GameStop Extends Wild Ride On Wall Street,20210125T224500Z,https://www.ibtimes.com.au/sites/au.ibtimes.com/files/styles/large/public/2021/01/26/gamestop-has-seen-a-sudden-surge-in-its-AFP_8ZJ2UH.jpg?itok=1NaaRpFV,ibtimes.com.au,English,Australia,2021-01-25 22:45:00+00:00,GME
https://www.bnnbloomberg.ca/reddit-s-rocket-ship-stock-picks-blackberry-gamestop-blast-off-1.1553543,https://www.bnnbloomberg.ca/reddit-s-rocket-ship-stock-picks-blackberry-gamestop-blast-off-1.1553543.amp.html,"Reddit rocket - ship stock picks BlackBerry , GameStop blast off",20210125T224500Z,,bnnbloomberg.ca,English,Canada,2021-01-25 22:45:00+00:00,GME
https://www.benzinga.com/analyst-ratings/analyst-color/21/01/19304197/market-pros-on-gamestop-wall-street-shouldnt-be-proud,https://amp.benzinga.com/amp/content/19304197,Gamestop Corporation ( NYSE : GME ) - Market Pros On GameStop :  Wall Street Shouldnt Be Proud  ,20210125T230000Z,,benzinga.com,English,United States,2021-01-25 23:00:00+00:00,GME
https://www.benzinga.com/short-sellers/21/01/19310737/davey-day-traders-take-on-gamestop-madness-adapt-or-die,https://amp.benzinga.com/amp/content/19310737,Gamestop Corporation ( NYSE : GME ) - Davey Day Trader Take On GameStop Madness ?  Adapt Or Die  ,20210125T233000Z,,benzinga.com,English,United States,2021-01-25 23:30:00+00:00,GME
https://www.afr.com/markets/equity-markets/reddits-rocket-ship-stock-picks-like-blackberry-soar-again-20210126-p56wtf,,Reddit rocket - ship stock picks like BlackBerry soar again,20210126T001500Z,https://static.ffx.io/images/$zoom_0.2648%2C$multiply_0.7554%2C$ratio_1.777778%2C$width_1059%2C$x_0%2C$y_54/t_crop_custom/e_sharpen:25%2Cq_85%2Cf_jpg/t_afr_no_label_no_age_social_wm/697b142777862e0ab31df173ae02c77d47ae5f9a,afr.com,English,Australia,2021-01-26 00:15:00+00:00,GME
https://readymadeinvest.com/gamestop-and-blackberry-shares-soar-on-amateur-traders-fervour/,https://readymadeinvest.com/gamestop-and-blackberry-shares-soar-on-amateur-traders-fervour/amp/,GameStop and BlackBerry shares soar on amateur trader fervour,20210126T003000Z,https://nde.regolith.work/static/articles_images/e5163a5ca6cbf68901ae95457fa5965c.md5.png.lark.png,readymadeinvest.com,English,United Kingdom,2021-01-26 00:30:00+00:00,GME
https://www.benzinga.com/news/21/01/19312882/blackberry-tells-regulator-it-has-no-clue-why-the-stock-is-surging,https://amp.benzinga.com/amp/content/19312882,"BlackBerry ( NASDAQ : BB ), Gamestop Corporation ( NYSE : GME ) - BlackBerry Tells Regulator It Has No Clue Why The Stock Is Surging",20210126T023000Z,,benzinga.com,English,United States,2021-01-26 02:30:00+00:00,GME
https://www.ign.com/articles/gamestop-investors-share-why-they-went-big-on-the-gme-stock-squeeze,/articles/gamestop-investors-share-why-they-went-big-on-the-gme-stock-squeeze?amp=1,GameStop Investors Share Why They Went Big on the GME Stock Squeeze,20210126T023000Z,https://assets1.ignimgs.com/2021/01/26/gamestopstocks-blogroll-1611620982908.jpg,ign.com,English,United States,2021-01-26 02:30:00+00:00,GME
https://www.gobankingrates.com/investing/stocks/should-stock-tips-team-redditors/,https://www.gobankingrates.com/investing/stocks/should-stock-tips-team-redditors/amp/,Should You Take Stock Tips from Internet Gamblers ? This Group Latest Pick Soared 50 % ( Almost ) Overnight,20210126T023000Z,https://cdn.gobankingrates.com/wp-content/uploads/2021/01/reddit-phone-app_shutterstock_1738502276-1024x576.jpg,gobankingrates.com,English,United States,2021-01-26 02:30:00+00:00,GME
https://www.institutionalinvestor.com/article/b1q8swwwtgr7nt/Buried-in-Reddit-the-Seeds-of-Melvin-Capital-s-Crisis,,"Buried in Reddit , the Seeds of Melvin Capital Crisis",20210126T040000Z,https://institutionalinvestor.euromoneycdn.com/media/AMG/II/articles/1/1/1/MelvinGamestop_0121.jpg,institutionalinvestor.com,English,United States,2021-01-26 04:00:00+00:00,GME
https://www.benzinga.com/news/21/01/19313116/why-nokia-stock-spiked-23-today,https://amp.benzinga.com/amp/content/19313116,"Nokia Corporation ( NYSE : NOK ), BlackBerry ( NASDAQ : BB ) - Why Nokia Stock Spiked 23 % Today",20210126T043000Z,,benzinga.com,English,United States,2021-01-26 04:30:00+00:00,GME
https://www.marketwatch.com/story/is-gamestop-stock-being-manipulated-by-social-media-users-or-is-it-free-speech-legal-experts-weigh-in-11611636278,https://www.marketwatch.com/amp/story/is-gamestop-stock-being-manipulated-by-social-media-users-or-is-it-free-speech-legal-experts-weigh-in-11611636278,Is GameStop stock being manipulated by social - media users or is it free speech ? Legal experts weigh in,20210126T054500Z,https://images.mktw.net/im-290260/social,marketwatch.com,English,United States,2021-01-26 05:45:00+00:00,GME
https://nope-its-lily.medium.com/gamestop-power-to-the-market-players-part-2-6ef00eff1d26?source=home---------3---------------------6f9ef2e6_9ee6_48f9_b348_458f633ec8f1-------7,,Gamestop : Power to the Market Players ( Part 2 ) ,20210126T081500Z,https://miro.medium.com/max/806/1*res6xlNQ0U5vwUoCLPfXRA.png,nope-its-lily.medium.com,English,United States,2021-01-26 08:15:00+00:00,GME
https://nope-its-lily.medium.com/gamestop-power-to-the-market-players-part-2-6ef00eff1d26?source=extreme_main_feed---------3-73--------------------0bb462a2_afa3_42ba_9675_9f34f5e6b4f7-------,,Gamestop : Power to the Market Players ( Part 2 ) ,20210126T083000Z,https://miro.medium.com/max/806/1*res6xlNQ0U5vwUoCLPfXRA.png,nope-its-lily.medium.com,English,United States,2021-01-26 08:30:00+00:00,GME
https://nope-its-lily.medium.com/gamestop-power-to-the-market-players-part-2-6ef00eff1d26?source=home---------3---------------------0bb462a2_afa3_42ba_9675_9f34f5e6b4f7-------7,,Gamestop : Power to the Market Players ( Part 2 ) ,20210126T083000Z,https://miro.medium.com/max/806/1*res6xlNQ0U5vwUoCLPfXRA.png,nope-its-lily.medium.com,English,United States,2021-01-26 08:30:00+00:00,GME
https://nope-its-lily.medium.com/gamestop-power-to-the-market-players-part-2-6ef00eff1d26?source=extreme_main_feed---------3-73--------------------92890335_b202_4ff0_ae6f_ad2a1132d1a3-------,,Gamestop : Power to the Market Players ( Part 2 ) ,20210126T084500Z,https://miro.medium.com/max/806/1*res6xlNQ0U5vwUoCLPfXRA.png,nope-its-lily.medium.com,English,United States,2021-01-26 08:45:00+00:00,GME
https://nope-its-lily.medium.com/gamestop-power-to-the-market-players-part-2-6ef00eff1d26?source=home---------3---------------------92890335_b202_4ff0_ae6f_ad2a1132d1a3-------7,,Gamestop : Power to the Market Players ( Part 2 ) ,20210126T084500Z,https://miro.medium.com/max/806/1*res6xlNQ0U5vwUoCLPfXRA.png,nope-its-lily.medium.com,English,United States,2021-01-26 08:45:00+00:00,GME
https://nope-its-lily.medium.com/gamestop-power-to-the-market-players-part-2-6ef00eff1d26?source=home---------3---------------------9f35b61c_74a0_4817_8e36_34ee48cc1a38-------7,,Gamestop : Power to the Market Players ( Part 2 ) ,20210126T090000Z,https://miro.medium.com/max/806/1*res6xlNQ0U5vwUoCLPfXRA.png,nope-its-lily.medium.com,English,United States,2021-01-26 09:00:00+00:00,GME
https://nope-its-lily.medium.com/gamestop-power-to-the-market-players-part-2-6ef00eff1d26?source=home---------4---------------------a1483ec9_0c02_4cd2_8486_f913911db35d-------7,,Gamestop : Power to the Market Players ( Part 2 ) ,20210126T091500Z,https://miro.medium.com/max/806/1*res6xlNQ0U5vwUoCLPfXRA.png,nope-its-lily.medium.com,English,United States,2021-01-26 09:15:00+00:00,GME
https://nope-its-lily.medium.com/gamestop-power-to-the-market-players-part-2-6ef00eff1d26?source=home---------4---------------------eb4902c3_2cd0_4a89_9b7a_6cd3eac284be-------7,,Gamestop : Power to the Market Players ( Part 2 ) ,20210126T094500Z,https://miro.medium.com/max/806/1*res6xlNQ0U5vwUoCLPfXRA.png,nope-its-lily.medium.com,English,United States,2021-01-26 09:45:00+00:00,GME
https://nope-its-lily.medium.com/gamestop-power-to-the-market-players-part-2-6ef00eff1d26?source=home---------4---------------------18e24b74_59dd_4dfb_9fa4_74d092bebc73-------7,,Gamestop : Power to the Market Players ( Part 2 ) ,20210126T100000Z,https://miro.medium.com/max/806/1*res6xlNQ0U5vwUoCLPfXRA.png,nope-its-lily.medium.com,English,United States,2021-01-26 10:00:00+00:00,GME
https://nope-its-lily.medium.com/gamestop-power-to-the-market-players-part-2-6ef00eff1d26?source=home---------4---------------------7adfcc7f_f9f3_4142_a666_95b9962b8582-------7,,Gamestop : Power to the Market Players ( Part 2 ) ,20210126T101500Z,https://miro.medium.com/max/806/1*res6xlNQ0U5vwUoCLPfXRA.png,nope-its-lily.medium.com,English,United States,2021-01-26 10:15:00+00:00,GME
https://nope-its-lily.medium.com/gamestop-power-to-the-market-players-part-2-6ef00eff1d26?source=home---------4---------------------ae5f72f3_555d_4cf9_a196_d882b9b35920-------7,,Gamestop : Power to the Market Players ( Part 2 ) ,20210126T103000Z,https://miro.medium.com/max/806/1*res6xlNQ0U5vwUoCLPfXRA.png,nope-its-lily.medium.com,English,United States,2021-01-26 10:30:00+00:00,GME
https://nope-its-lily.medium.com/gamestop-power-to-the-market-players-part-2-6ef00eff1d26?source=home---------4---------------------d73a487d_2f10_41c7_aea0_a4d936f5a686-------7,,Gamestop : Power to the Market Players ( Part 2 ) ,20210126T104500Z,https://miro.medium.com/max/806/1*res6xlNQ0U5vwUoCLPfXRA.png,nope-its-lily.medium.com,English,United States,2021-01-26 10:45:00+00:00,GME
https://nope-its-lily.medium.com/gamestop-power-to-the-market-players-part-2-6ef00eff1d26?source=home---------4---------------------cdda19ae_92cb_458a_8013_8c0ffa24d0d7-------7,,Gamestop : Power to the Market Players ( Part 2 ) ,20210126T110000Z,https://miro.medium.com/max/806/1*res6xlNQ0U5vwUoCLPfXRA.png,nope-its-lily.medium.com,English,United States,2021-01-26 11:00:00+00:00,GME
https://nope-its-lily.medium.com/gamestop-power-to-the-market-players-part-2-6ef00eff1d26?source=home---------4---------------------27a1d311_0b42_476c_bf2a_09b60e3b6642-------7,,Gamestop : Power to the Market Players ( Part 2 ) ,20210126T111500Z,https://miro.medium.com/max/806/1*res6xlNQ0U5vwUoCLPfXRA.png,nope-its-lily.medium.com,English,United States,2021-01-26 11:15:00+00:00,GME
https://nope-its-lily.medium.com/gamestop-power-to-the-market-players-part-2-6ef00eff1d26?source=home---------4---------------------a441f142_2d04_434c_b62f_12e13fa5e3fc-------7,,Gamestop : Power to the Market Players ( Part 2 ) ,20210126T113000Z,https://miro.medium.com/max/806/1*res6xlNQ0U5vwUoCLPfXRA.png,nope-its-lily.medium.com,English,United States,2021-01-26 11:30:00+00:00,GME
https://nope-its-lily.medium.com/gamestop-power-to-the-market-players-part-2-6ef00eff1d26?source=home---------4---------------------95a0471f_b283_45ad_b4ec_9d96280d83e0-------7,,Gamestop : Power to the Market Players ( Part 2 ) ,20210126T114500Z,https://miro.medium.com/max/806/1*res6xlNQ0U5vwUoCLPfXRA.png,nope-its-lily.medium.com,English,United States,2021-01-26 11:45:00+00:00,GME
https://nope-its-lily.medium.com/gamestop-power-to-the-market-players-part-2-6ef00eff1d26?source=home---------4---------------------e623bd08_e00e_4785_9766_10a7455f5546-------7,,Gamestop : Power to the Market Players ( Part 2 ) ,20210126T120000Z,https://miro.medium.com/max/806/1*res6xlNQ0U5vwUoCLPfXRA.png,nope-its-lily.medium.com,English,United States,2021-01-26 12:00:00+00:00,GME
https://nope-its-lily.medium.com/gamestop-power-to-the-market-players-part-2-6ef00eff1d26?source=home---------5---------------------7a1e3d82_332f_42fa_9de3_42511c3f7ed9-------7,,Gamestop : Power to the Market Players ( Part 2 ) ,20210126T121500Z,https://miro.medium.com/max/806/1*res6xlNQ0U5vwUoCLPfXRA.png,nope-its-lily.medium.com,English,United States,2021-01-26 12:15:00+00:00,GME
https://nope-its-lily.medium.com/gamestop-power-to-the-market-players-part-2-6ef00eff1d26?source=home---------5---------------------c6fa4291_b3c2_45b2_ab38_37a70dac5bdc-------7,,Gamestop : Power to the Market Players ( Part 2 ) ,20210126T123000Z,https://miro.medium.com/max/806/1*res6xlNQ0U5vwUoCLPfXRA.png,nope-its-lily.medium.com,English,United States,2021-01-26 12:30:00+00:00,GME
https://nope-its-lily.medium.com/gamestop-power-to-the-market-players-part-2-6ef00eff1d26?source=home---------5---------------------f456687f_09de_421f_b7b1_426cb16c0a86-------7,,Gamestop : Power to the Market Players ( Part 2 ) ,20210126T124500Z,https://miro.medium.com/max/806/1*res6xlNQ0U5vwUoCLPfXRA.png,nope-its-lily.medium.com,English,United States,2021-01-26 12:45:00+00:00,GME
https://nope-its-lily.medium.com/gamestop-power-to-the-market-players-part-2-6ef00eff1d26?source=home---------5---------------------f5e7c491_0d96_460c_9e66_8f0d89a98846-------7,,Gamestop : Power to the Market Players ( Part 2 ) ,20210126T130000Z,https://miro.medium.com/max/806/1*res6xlNQ0U5vwUoCLPfXRA.png,nope-its-lily.medium.com,English,United States,2021-01-26 13:00:00+00:00,GME
https://nope-its-lily.medium.com/gamestop-power-to-the-market-players-part-2-6ef00eff1d26?source=home---------5---------------------f55bf4ce_ed2f_4e17_8506_728c2a72400c-------7,,Gamestop : Power to the Market Players ( Part 2 ) ,20210126T131500Z,https://miro.medium.com/max/806/1*res6xlNQ0U5vwUoCLPfXRA.png,nope-its-lily.medium.com,English,United States,2021-01-26 13:15:00+00:00,GME
https://nope-its-lily.medium.com/gamestop-power-to-the-market-players-part-2-6ef00eff1d26?source=home---------5---------------------6c7bc02b_5f92_488a_9645_c6da1d9da185-------7,,Gamestop : Power to the Market Players ( Part 2 ) ,20210126T133000Z,https://miro.medium.com/max/806/1*res6xlNQ0U5vwUoCLPfXRA.png,nope-its-lily.medium.com,English,United States,2021-01-26 13:30:00+00:00,GME
https://www.forbes.com/sites/simonmoore/2021/01/25/after-sky-rocketing-gamestops-short-squeeze-saga-continues-but-its-less-unusual-than-you-might-think/,https://www.forbes.com/sites/simonmoore/2021/01/25/after-sky-rocketing-gamestops-short-squeeze-saga-continues-but-its-less-unusual-than-you-might-think/amp/,"After Sky Rocketing , GameStop Short Squeeze Saga Continues , But It Less Unusual Than You Might Think",20210126T134500Z,https://thumbor.forbes.com/thumbor/fit-in/1200x0/filters%3Aformat%28jpg%29/https%3A%2F%2Fspecials-images.forbesimg.com%2Fimageserve%2F600f4e5e275ec7ba22f6b06e%2F0x0.jpg,forbes.com,English,United States,2021-01-26 13:45:00+00:00,GME
https://nope-its-lily.medium.com/gamestop-power-to-the-market-players-part-2-6ef00eff1d26?source=home---------5---------------------2e3128b1_628a_44a4_b92f_5f83ba119b36-------7,,Gamestop : Power to the Market Players ( Part 2 ) ,20210126T134500Z,https://miro.medium.com/max/806/1*res6xlNQ0U5vwUoCLPfXRA.png,nope-its-lily.medium.com,English,United States,2021-01-26 13:45:00+00:00,GME
https://nope-its-lily.medium.com/gamestop-power-to-the-market-players-part-2-6ef00eff1d26?source=home---------5---------------------7f52997c_96a6_438a_b872_c5119f54d494-------7,,Gamestop : Power to the Market Players ( Part 2 ) ,20210126T140000Z,https://miro.medium.com/max/806/1*res6xlNQ0U5vwUoCLPfXRA.png,nope-its-lily.medium.com,English,United States,2021-01-26 14:00:00+00:00,GME
https://nope-its-lily.medium.com/gamestop-power-to-the-market-players-part-2-6ef00eff1d26?source=home---------5---------------------ee73ca78_2275_48f5_be36_bcde793c6f30-------7,,Gamestop : Power to the Market Players ( Part 2 ) ,20210126T141500Z,https://miro.medium.com/max/806/1*res6xlNQ0U5vwUoCLPfXRA.png,nope-its-lily.medium.com,English,United States,2021-01-26 14:15:00+00:00,GME
https://nope-its-lily.medium.com/gamestop-power-to-the-market-players-part-2-6ef00eff1d26?source=home---------5---------------------016a4d80_7b56_4a28_bb0b_1356439b8c53-------7,,Gamestop : Power to the Market Players ( Part 2 ) ,20210126T143000Z,https://miro.medium.com/max/806/1*res6xlNQ0U5vwUoCLPfXRA.png,nope-its-lily.medium.com,English,United States,2021-01-26 14:30:00+00:00,GME
http://www.msn.com/en-nz/money/topstocks/gamestop-shares-are-jumping-again-but-short-sellers-aren-t-backing-down/ar-BB1d6Mcc,,"GameStop shares are jumping again , but short sellers arent backing down",20210126T143000Z,,msn.com,English,United States,2021-01-26 14:30:00+00:00,GME
https://nope-its-lily.medium.com/gamestop-power-to-the-market-players-part-2-6ef00eff1d26?source=home---------5---------------------54e53e1a_013f_4d06_ade3_ffbb6f765d8c-------7,,Gamestop : Power to the Market Players ( Part 2 ) ,20210126T144500Z,https://miro.medium.com/max/806/1*res6xlNQ0U5vwUoCLPfXRA.png,nope-its-lily.medium.com,English,United States,2021-01-26 14:45:00+00:00,GME
https://nope-its-lily.medium.com/gamestop-power-to-the-market-players-part-2-6ef00eff1d26?source=home---------5---------------------a915a047_d102_43b1_9295_9c12258cba87-------7,,Gamestop : Power to the Market Players ( Part 2 ) ,20210126T150000Z,https://miro.medium.com/max/806/1*res6xlNQ0U5vwUoCLPfXRA.png,nope-its-lily.medium.com,English,United States,2021-01-26 15:00:00+00:00,GME
https://nope-its-lily.medium.com/gamestop-power-to-the-market-players-part-2-6ef00eff1d26?source=home---------5---------------------88718b5a_e5ef_43e6_a935_eee4b128b043-------7,,Gamestop : Power to the Market Players ( Part 2 ) ,20210126T151500Z,https://miro.medium.com/max/806/1*res6xlNQ0U5vwUoCLPfXRA.png,nope-its-lily.medium.com,English,United States,2021-01-26 15:15:00+00:00,GME
https://www.fool.com/investing/2021/01/26/gamestops-gargantuan-gamma-squeeze/?source=iedfolrf0000001,https://www.fool.com/amp/investing/2021/01/26/gamestops-gargantuan-gamma-squeeze/,GameStop Gargantuan Gamma Squeeze | The Motley Fool,20210126T151500Z,https://g.foolcdn.com/editorial/images/609708/person-holding-video-game-controller.jpg,fool.com,English,United States,2021-01-26 15:15:00+00:00,GME
https://nope-its-lily.medium.com/gamestop-power-to-the-market-players-part-2-6ef00eff1d26?source=home---------5---------------------219f0571_51cd_41a3_8b3f_aac97d6a02bf-------7,,Gamestop : Power to the Market Players ( Part 2 ) ,20210126T153000Z,https://miro.medium.com/max/806/1*res6xlNQ0U5vwUoCLPfXRA.png,nope-its-lily.medium.com,English,United States,2021-01-26 15:30:00+00:00,GME
https://nope-its-lily.medium.com/gamestop-power-to-the-market-players-part-2-6ef00eff1d26?source=home---------5---------------------6c8f6929_9430_419c_9220_c096db0ed291-------7,,Gamestop : Power to the Market Players ( Part 2 ) ,20210126T154500Z,https://miro.medium.com/max/806/1*res6xlNQ0U5vwUoCLPfXRA.png,nope-its-lily.medium.com,English,United States,2021-01-26 15:45:00+00:00,GME
https://nope-its-lily.medium.com/gamestop-power-to-the-market-players-part-2-6ef00eff1d26?source=home---------5---------------------d01677f0_b932_43e9_8d6c_19eb91b33775-------7,,Gamestop : Power to the Market Players ( Part 2 ) ,20210126T160000Z,https://miro.medium.com/max/806/1*res6xlNQ0U5vwUoCLPfXRA.png,nope-its-lily.medium.com,English,United States,2021-01-26 16:00:00+00:00,GME
https://nope-its-lily.medium.com/gamestop-power-to-the-market-players-part-2-6ef00eff1d26?source=home---------5---------------------d288bc4c_f38a_48f8_9357_d7f927306e9e-------7,,Gamestop : Power to the Market Players ( Part 2 ) ,20210126T161500Z,https://miro.medium.com/max/806/1*res6xlNQ0U5vwUoCLPfXRA.png,nope-its-lily.medium.com,English,United States,2021-01-26 16:15:00+00:00,GME
https://nope-its-lily.medium.com/gamestop-power-to-the-market-players-part-2-6ef00eff1d26?source=home---------5---------------------be984f12_7ae3_4195_92be_80027c62c3cb-------7,,Gamestop : Power to the Market Players ( Part 2 ) ,20210126T163000Z,https://miro.medium.com/max/806/1*res6xlNQ0U5vwUoCLPfXRA.png,nope-its-lily.medium.com,English,United States,2021-01-26 16:30:00+00:00,GME
https://nope-its-lily.medium.com/gamestop-power-to-the-market-players-part-2-6ef00eff1d26?source=home---------5---------------------ae14f822_f5b3_48d2_941d_15d535857d67-------7,,Gamestop : Power to the Market Players ( Part 2 ) ,20210126T164500Z,https://miro.medium.com/max/806/1*res6xlNQ0U5vwUoCLPfXRA.png,nope-its-lily.medium.com,English,United States,2021-01-26 16:45:00+00:00,GME
https://nope-its-lily.medium.com/gamestop-power-to-the-market-players-part-2-6ef00eff1d26?source=home---------5---------------------8ec262f7_d1b9_45ee_9d70_6e6b2ced02f4-------7,,Gamestop : Power to the Market Players ( Part 2 ) ,20210126T170000Z,https://miro.medium.com/max/806/1*res6xlNQ0U5vwUoCLPfXRA.png,nope-its-lily.medium.com,English,United States,2021-01-26 17:00:00+00:00,GME
https://nope-its-lily.medium.com/gamestop-power-to-the-market-players-part-2-6ef00eff1d26?source=home---------5---------------------8f485a0e_8885_486b_a3c7_59d37c2802b7-------7,,Gamestop : Power to the Market Players ( Part 2 ) ,20210126T171500Z,https://miro.medium.com/max/806/1*res6xlNQ0U5vwUoCLPfXRA.png,nope-its-lily.medium.com,English,United States,2021-01-26 17:15:00+00:00,GME
https://investorplace.com/2021/01/koss-stock-how-reddit-has-koss-corporation-shares-rocketing-higher/,https://investorplace.com/2021/01/koss-stock-how-reddit-has-koss-corporation-shares-rocketing-higher/amp/,KOSS Stock : How Reddit Has Koss Corporation Shares Rocketing Higher,20210126T173000Z,https://investorplace.com/wp-content/uploads/2021/01/koss-stock-1.jpg,investorplace.com,English,United States,2021-01-26 17:30:00+00:00,GME
https://nope-its-lily.medium.com/gamestop-power-to-the-market-players-part-2-6ef00eff1d26?source=home---------5---------------------ef924663_89ce_4d75_95d1_72f3ea628268-------7,,Gamestop : Power to the Market Players ( Part 2 ) ,20210126T173000Z,https://miro.medium.com/max/806/1*res6xlNQ0U5vwUoCLPfXRA.png,nope-its-lily.medium.com,English,United States,2021-01-26 17:30:00+00:00,GME
https://nope-its-lily.medium.com/gamestop-power-to-the-market-players-part-2-6ef00eff1d26?source=home---------5---------------------4a7a9241_f742_4fd5_8b08_bbc7b46affaa-------7,,Gamestop : Power to the Market Players ( Part 2 ) ,20210126T174500Z,https://miro.medium.com/max/806/1*res6xlNQ0U5vwUoCLPfXRA.png,nope-its-lily.medium.com,English,United States,2021-01-26 17:45:00+00:00,GME
https://nope-its-lily.medium.com/gamestop-power-to-the-market-players-part-2-6ef00eff1d26?source=home---------5---------------------72c1a19d_1e64_4c2c_b2fd_04451de4005c-------7,,Gamestop : Power to the Market Players ( Part 2 ) ,20210126T180000Z,https://miro.medium.com/max/806/1*res6xlNQ0U5vwUoCLPfXRA.png,nope-its-lily.medium.com,English,United States,2021-01-26 18:00:00+00:00,GME
https://nope-its-lily.medium.com/gamestop-power-to-the-market-players-part-2-6ef00eff1d26?source=home---------5---------------------d4701816_dd6d_4ca2_9d5c_b604f5a7d490-------7,,Gamestop : Power to the Market Players ( Part 2 ) ,20210126T181500Z,https://miro.medium.com/max/806/1*res6xlNQ0U5vwUoCLPfXRA.png,nope-its-lily.medium.com,English,United States,2021-01-26 18:15:00+00:00,GME
https://nope-its-lily.medium.com/gamestop-power-to-the-market-players-part-2-6ef00eff1d26?source=home---------5---------------------e002a8ad_fe1f_4685_bd61_43e4ea460751-------7,,Gamestop : Power to the Market Players ( Part 2 ) ,20210126T183000Z,https://miro.medium.com/max/806/1*res6xlNQ0U5vwUoCLPfXRA.png,nope-its-lily.medium.com,English,United States,2021-01-26 18:30:00+00:00,GME
https://www.coinspeaker.com/reddit-wallstreetbets-gamestop-ath/,https://www.coinspeaker.com/reddit-wallstreetbets-gamestop-ath/amp/,Clash Between Short - sellers as Reddit WallStreetBets Pump GameStop ( GME ) Stock to New ATH,20210126T183000Z,https://www.coinspeaker.com/wp-content/uploads/2021/01/gamestop-stock-up.jpg,coinspeaker.com,English,United States,2021-01-26 18:30:00+00:00,GME
https://www.businessinsider.in/stock-market/news/billionaire-investor-chamath-palihapitiya-follows-reddit-investors-into-gamestop-with-purchase-of-bullish-options-that-start-paying-out-if-the-stock-soars-another-28/articleshow/80469840.cms,https://www.businessinsider.in/stock-market/news/billionaire-investor-chamath-palihapitiya-follows-reddit-investors-into-gamestop-with-purchase-of-bullish-options-that-start-paying-out-if-the-stock-soars-another-28/amp_articleshow/80469840.cms,Billionaire investor Chamath Palihapitiya follows Reddit investors into GameStop with purchase of bullish options that start paying out if the stock soars another 28 % ,20210126T184500Z,https://www.businessinsider.in/photo/80469840/billionaire-investor-chamath-palihapitiya-follows-reddit-investors-into-gamestop-with-purchase-of-bullish-options-that-start-paying-out-if-the-stock-soars-another-28.jpg?imgsize=474505,businessinsider.in,English,India,2021-01-26 18:45:00+00:00,GME
https://nope-its-lily.medium.com/gamestop-power-to-the-market-players-part-2-6ef00eff1d26?source=home---------5---------------------cd022b38_55aa_4250_9a2a_6115abda6b75-------7,,Gamestop : Power to the Market Players ( Part 2 ) ,20210126T184500Z,https://miro.medium.com/max/806/1*res6xlNQ0U5vwUoCLPfXRA.png,nope-its-lily.medium.com,English,United States,2021-01-26 18:45:00+00:00,GME
https://nope-its-lily.medium.com/gamestop-power-to-the-market-players-part-2-6ef00eff1d26?source=home---------5---------------------62b02edb_22a2_4931_ba4e_8c6405c920fd-------7,,Gamestop : Power to the Market Players ( Part 2 ) ,20210126T190000Z,https://miro.medium.com/max/806/1*res6xlNQ0U5vwUoCLPfXRA.png,nope-its-lily.medium.com,English,United States,2021-01-26 19:00:00+00:00,GME
https://nope-its-lily.medium.com/gamestop-power-to-the-market-players-part-2-6ef00eff1d26?source=home---------5---------------------8c74bcfb_f89b_4850_a999_5df236dc527a-------7,,Gamestop : Power to the Market Players ( Part 2 ) ,20210126T191500Z,https://miro.medium.com/max/806/1*res6xlNQ0U5vwUoCLPfXRA.png,nope-its-lily.medium.com,English,United States,2021-01-26 19:15:00+00:00,GME
https://slate.com/technology/2021/01/gamestop-reddit-wallstreetbets-gme.html,https://slate.com/technology/2021/01/gamestop-reddit-wallstreetbets-gme.amp,GameStop stock : How WallStreetBets massively drove up GME to stick it to Wall Street . ,20210126T191500Z,https://compote.slate.com/images/176198d3-b922-42d2-b54e-ec78364707ad.jpeg,slate.com,English,United States,2021-01-26 19:15:00+00:00,GME
https://nope-its-lily.medium.com/gamestop-power-to-the-market-players-part-2-6ef00eff1d26,,Gamestop : Power to the Market Players ( Part 2 ) ,20210126T193000Z,https://miro.medium.com/max/806/1*res6xlNQ0U5vwUoCLPfXRA.png,nope-its-lily.medium.com,English,United States,2021-01-26 19:30:00+00:00,GME
http://www.msn.com/en-nz/money/topstocks/gamestop-jumps-another-50-above-100-but-short-sellers-aren-t-backing-down/ar-BB1d6Mcc,,"GameStop jumps another 50 % above $100 , but short sellers arent backing down",20210126T193000Z,,msn.com,English,United States,2021-01-26 19:30:00+00:00,GME
https://www.marketwatch.com/articles/another-gamestop-here-are-the-next-10-most-shorted-small-caps-51611688092,,Another GameStop ? Here Are the Next 10 Most Shorted Small - Caps . ,20210126T193000Z,https://images.barrons.com/im-290475/social,marketwatch.com,English,United States,2021-01-26 19:30:00+00:00,GME
https://nope-its-lily.medium.com/gamestop-power-to-the-market-players-part-2-6ef00eff1d26?source=home---------5---------------------bf7bfb11_8834_4a83_8d63_5e1b5d19eb6a-------7,,Gamestop : Power to the Market Players ( Part 2 ) ,20210126T194500Z,https://miro.medium.com/max/806/1*res6xlNQ0U5vwUoCLPfXRA.png,nope-its-lily.medium.com,English,United States,2021-01-26 19:45:00+00:00,GME
https://www.thestreet.com/tech/news/gamestopjdm012621,https://www.thestreet.com/tech/.amp/news/gamestopjdm012621,GameStop Squeeze Is Crazy but Normal,20210126T201500Z,,thestreet.com,English,United States,2021-01-26 20:15:00+00:00,GME
http://www.msn.com/en-nz/money/topstocks/gamestop-jumps-another-80-above-130-but-short-sellers-aren-t-backing-down/ar-BB1d6Mcc,,"GameStop jumps another 80 % above $130 , but short sellers arent backing down",20210126T204500Z,,msn.com,English,United States,2021-01-26 20:45:00+00:00,GME
https://invezz.com/news/2021/01/26/heres-why-bed-bath-beyond-amc-and-gamestop-stocks-are-rocking-the-stock-market/,https://invezz.com/news/2021/01/26/heres-why-bed-bath-beyond-amc-and-gamestop-stocks-are-rocking-the-stock-market/?amp,"Here why Bed Bath & Beyond , AMC , and GameStop stocks are rocking the stock market",20210126T210000Z,https://invezz.com/wp-content/uploads/2020/07/112106583_s.jpg,invezz.com,English,United Kingdom,2021-01-26 21:00:00+00:00,GME
http://www.msn.com/en-nz/money/topstocks/gamestop-jumps-another-90-above-140-but-short-sellers-aren-t-backing-down/ar-BB1d6Mcc,,"GameStop jumps another 90 % above $140 , but short sellers arent backing down",20210126T211500Z,,msn.com,English,United States,2021-01-26 21:15:00+00:00,GME
https://www.fool.com/investing/2021/01/26/why-bed-bath-beyond-stock-popped-again-today/?source=iedfolrf0000001,https://www.fool.com/amp/investing/2021/01/26/why-bed-bath-beyond-stock-popped-again-today/,Why Bed Bath & Beyond Stock Popped Again Today,20210126T220000Z,https://g.foolcdn.com/editorial/images/609870/stock-up-glowing-green-arrow-climbs-on-a-stock-screen.jpg,fool.com,English,United States,2021-01-26 22:00:00+00:00,GME
https://www.fxstreet.com/news/wall-street-close-major-bourses-subdued-ahead-of-fomc-gme-short-squeeze-continues-202101262148,https://www.fxstreet.com/amp/news/wall-street-close-major-bourses-subdued-ahead-of-fomc-gme-short-squeeze-continues-202101262148,"Wall Street Close : Major bourses subdued ahead of FOMC , GME short squeeze continues",20210126T221500Z,https://editorial.fxstreet.com/images/Markets/Equities/SP500/wall-street-sign-637299022550250958_Large.jpg,fxstreet.com,English,China,2021-01-26 22:15:00+00:00,GME
https://www.businessinsider.in/stock-market/news/gamestop-short-sellers-have-lost-5-billion-this-year-as-reddits-day-trader-army-squeezed-their-bearish-bets/articleshow/80471605.cms,https://www.businessinsider.in/stock-market/news/gamestop-short-sellers-have-lost-5-billion-this-year-as-reddits-day-trader-army-squeezed-their-bearish-bets/amp_articleshow/80471605.cms,GameStop short - sellers have lost $5 billion this year as Reddit day - trader army squeezed their bearish bets,20210126T231500Z,https://www.businessinsider.in/photo/80471605/gamestop-short-sellers-have-lost-5-billion-this-year-as-reddits-day-trader-army-squeezed-their-bearish-bets.jpg?imgsize=297298,businessinsider.in,English,India,2021-01-26 23:15:00+00:00,GME
https://slate.com/technology/2021/01/gameshop-reddit-gme-wallstreetstocks-who-is-buying.html,https://slate.com/technology/2021/01/gameshop-reddit-gme-wallstreetstocks-who-is-buying.amp,A Reddit user explains why he invested in GameStop . ,20210127T000000Z,https://compote.slate.com/images/b9e4d3dd-6fa9-4981-83b2-51329e4ea217.jpeg?&rect=6291x4194&offset=0x0,slate.com,English,United States,2021-01-27 00:00:00+00:00,GME
https://www.marketwatch.com/articles/big-short-investor-who-once-touted-gamestop-calls-rally-unnatural-insane-and-dangerous-51611707398,,"  Big Short  Investor Who Once Touted GameStop Calls Rally  Unnatural , Insane , and Dangerous  ",20210127T004500Z,https://images.barrons.com/im-290894/social,marketwatch.com,English,United States,2021-01-27 00:45:00+00:00,GME
https://www.reuters.com/article/us-gamestop-stocks/gamestop-extends-reddit-driven-hyper-rally-after-musk-tweet-idUSKBN29V214,https://mobile.reuters.com/article/amp/idUSKBN29V214,GameStop extends Reddit driven hyper - rally after Musk tweet,20210127T004500Z,https://static.reuters.com/resources/r/?m=02&d=20210126&t=2&i=1549156557&r=LYNXMPEH0P178,reuters.com,English,United States,2021-01-27 00:45:00+00:00,GME
https://www.marketwatch.com/articles/gamestop-trading-could-be-systemically-wrong-massachusetts-state-regulator-says-51611705870,,"GameStop Trading Could Be  Systemically Wrong , State Regulator Says",20210127T004500Z,https://images.barrons.com/im-285024/social,marketwatch.com,English,United States,2021-01-27 00:45:00+00:00,GME
https://www.benzinga.com/analyst-ratings/analyst-color/21/01/19329186/how-retail-option-traders-are-supercharging-the-short-squeeze-in-gamestop-and-other,https://amp.benzinga.com/amp/content/19329186,"Gamestop Corporation ( NYSE : GME ), BlackBerry ( NASDAQ : BB ) - How Retail Option Traders Are  Supercharging The Short Squeeze  In GameStop And Other Potential Bubble Stocks",20210127T010000Z,,benzinga.com,English,United States,2021-01-27 01:00:00+00:00,GME
https://www.zerohedge.com/markets/next-big-hedge-fund-blow-and-what-happens-next-0,,Is This The Next Big Hedge Fund To Blow Up ... And What Happens Next,20210127T013000Z,https://zh-prod-1cc738ca-7d3b-4a72-b792-20bd8d8fa069.storage.googleapis.com/s3fs-public/styles/16_9_max_700/public/2021-01/dominoes.jpg?itok=QilPLdvm,zerohedge.com,English,United States,2021-01-27 01:30:00+00:00,GME
https://marker.medium.com/gamestop-proves-were-in-a-meme-stock-bubble-b3f39163a77f?source=home---------0---------------------31f042cc_fcc6_4ac3_9a74_55549b9bf5dd-------7&gi=sd,https://marker.medium.com/amp/p/b3f39163a77f,"The GameStop Fiasco Proves Were in a  Meme Stock  Bubble | by James Surowiecki | Jan , 2021",20210127T013000Z,https://miro.medium.com/focal/1200/632/49/25/1*3MN6QX978zrXE_iflM45Bg.jpeg,marker.medium.com,English,United States,2021-01-27 01:30:00+00:00,GME
https://marker.medium.com/gamestop-proves-were-in-a-meme-stock-bubble-b3f39163a77f?source=home---------0---------------------588b2d8a_cfc5_428f_a263_c1943ba17ba0-------7&gi=sd,https://marker.medium.com/amp/p/b3f39163a77f,"The GameStop Fiasco Proves Were in a  Meme Stock  Bubble | by James Surowiecki | Jan , 2021",20210127T014500Z,https://miro.medium.com/focal/1200/632/49/25/1*3MN6QX978zrXE_iflM45Bg.jpeg,marker.medium.com,English,United States,2021-01-27 01:45:00+00:00,GME
https://hothardware.com/news/gamestop-stock-gme-shorts-wild-gambit,https://amp.hothardware.com/news/gamestop-stock-gme-shorts-wild-gambit,"How Redditors Crushed Short Sellers , Gamed Wall St And Spiked GameStop Shares Over 300 % ",20210127T020000Z,https://images.hothardware.com/contentimages/newsitem/54099/content/gamestop_mall.jpg,hothardware.com,English,United States,2021-01-27 02:00:00+00:00,GME
https://marker.medium.com/gamestop-proves-were-in-a-meme-stock-bubble-b3f39163a77f?source=home---------0---------------------ae813c67_dfdd_4e1a_b9cf_5b9a39d9fdb4-------7&gi=sd,https://marker.medium.com/amp/p/b3f39163a77f,"The GameStop Fiasco Proves Were in a  Meme Stock  Bubble | by James Surowiecki | Jan , 2021",20210127T020000Z,https://miro.medium.com/focal/1200/632/49/25/1*3MN6QX978zrXE_iflM45Bg.jpeg,marker.medium.com,English,United States,2021-01-27 02:00:00+00:00,GME
https://marker.medium.com/gamestop-proves-were-in-a-meme-stock-bubble-b3f39163a77f?source=home---------0---------------------1f4b0e6e_e80a_4aa5_977a_3db0028a0751-------7&gi=sd,https://marker.medium.com/amp/p/b3f39163a77f,"The GameStop Fiasco Proves Were in a  Meme Stock  Bubble | by James Surowiecki | Jan , 2021",20210127T021500Z,https://miro.medium.com/focal/1200/632/49/25/1*3MN6QX978zrXE_iflM45Bg.jpeg,marker.medium.com,English,United States,2021-01-27 02:15:00+00:00,GME
https://marker.medium.com/gamestop-proves-were-in-a-meme-stock-bubble-b3f39163a77f?source=home---------0---------------------c7bc7204_f153_4324_8b92_83720638f5a4-------7&gi=sd,https://marker.medium.com/amp/p/b3f39163a77f,"The GameStop Fiasco Proves Were in a  Meme Stock  Bubble | by James Surowiecki | Jan , 2021",20210127T023000Z,https://miro.medium.com/focal/1200/632/49/25/1*3MN6QX978zrXE_iflM45Bg.jpeg,marker.medium.com,English,United States,2021-01-27 02:30:00+00:00,GME
https://marker.medium.com/gamestop-proves-were-in-a-meme-stock-bubble-b3f39163a77f?source=home---------0---------------------6bd169bb_9138_4a47_b65b_015ca755995b-------7&gi=sd,https://marker.medium.com/amp/p/b3f39163a77f,"The GameStop Fiasco Proves Were in a  Meme Stock  Bubble | by James Surowiecki | Jan , 2021",20210127T024500Z,https://miro.medium.com/focal/1200/632/49/25/1*3MN6QX978zrXE_iflM45Bg.jpeg,marker.medium.com,English,United States,2021-01-27 02:45:00+00:00,GME
https://www.reuters.com/article/us-gamestop-stocks-idUKKBN29V214,https://mobile.reuters.com/article/amp/idUKKBN29V214,GameStop extends Reddit driven hyper - rally after Musk tweet,20210127T024500Z,https://static.reuters.com/resources/r/?m=02&d=20210126&t=2&i=1549156557&r=LYNXMPEH0P178,reuters.com,English,United States,2021-01-27 02:45:00+00:00,GME
https://www.forbes.com/sites/antoinegara/2021/01/26/the-hedge-fund-genius-who-started-gamestops-4800-rally-now-calls-it-unnatural-insane-and-dangerous/,https://www.forbes.com/sites/antoinegara/2021/01/26/the-hedge-fund-genius-who-started-gamestops-4800-rally-now-calls-it-unnatural-insane-and-dangerous/amp/,"The Hedge Fund Genius Who Started GameStop 4 , 800 % Rally Now Calls It  Unnatural , Insane , And Dangerous  ",20210127T030000Z,https://thumbor.forbes.com/thumbor/fit-in/1200x0/filters%3Aformat%28jpg%29/https%3A%2F%2Fspecials-images.forbesimg.com%2Fimageserve%2F6010cc736efcf3366947817c%2F0x0.jpg,forbes.com,English,United States,2021-01-27 03:00:00+00:00,GME
https://marker.medium.com/gamestop-proves-were-in-a-meme-stock-bubble-b3f39163a77f?source=home---------0---------------------fd33c712_87a8_438a_ae7c_f4e79937d0aa-------7&gi=sd,https://marker.medium.com/amp/p/b3f39163a77f,"The GameStop Fiasco Proves Were in a  Meme Stock  Bubble | by James Surowiecki | Jan , 2021",20210127T030000Z,https://miro.medium.com/focal/1200/632/49/25/1*3MN6QX978zrXE_iflM45Bg.jpeg,marker.medium.com,English,United States,2021-01-27 03:00:00+00:00,GME
https://marker.medium.com/gamestop-proves-were-in-a-meme-stock-bubble-b3f39163a77f?source=home---------0---------------------ea30600e_f597_42b4_acbc_5f3a9ad2177d-------7&gi=sd,https://marker.medium.com/amp/p/b3f39163a77f,"The GameStop Fiasco Proves Were in a  Meme Stock  Bubble | by James Surowiecki | Jan , 2021",20210127T031500Z,https://miro.medium.com/focal/1200/632/49/25/1*3MN6QX978zrXE_iflM45Bg.jpeg,marker.medium.com,English,United States,2021-01-27 03:15:00+00:00,GME
https://www.businessinsider.in/stock-market/news/big-short-investor-michael-burry-blasts-reddit-fueled-gamestop-rally-as-unnatural-insane-and-dangerous/articleshow/80472066.cms,https://www.businessinsider.in/stock-market/news/big-short-investor-michael-burry-blasts-reddit-fueled-gamestop-rally-as-unnatural-insane-and-dangerous/amp_articleshow/80472066.cms,"  Big Short  investor Michael Burry blasts Reddit - fueled GameStop rally as  unnatural , insane , and dangerous  ",20210127T031500Z,https://www.businessinsider.in/photo/80472066/big-short-investor-michael-burry-blasts-reddit-fueled-gamestop-rally-as-unnatural-insane-and-dangerous.jpg?imgsize=91487,businessinsider.in,English,India,2021-01-27 03:15:00+00:00,GME
https://marker.medium.com/gamestop-proves-were-in-a-meme-stock-bubble-b3f39163a77f?source=home---------0---------------------7b979bd5_4833_42d1_b1af_454c0b5be410-------7&gi=sd,https://marker.medium.com/amp/p/b3f39163a77f,"The GameStop Fiasco Proves Were in a  Meme Stock  Bubble | by James Surowiecki | Jan , 2021",20210127T033000Z,https://miro.medium.com/focal/1200/632/49/25/1*3MN6QX978zrXE_iflM45Bg.jpeg,marker.medium.com,English,United States,2021-01-27 03:30:00+00:00,GME
https://marker.medium.com/gamestop-proves-were-in-a-meme-stock-bubble-b3f39163a77f?source=home---------0---------------------97e71e92_bdfd_4ea8_a016_914c26bbc933-------7&gi=sd,https://marker.medium.com/amp/p/b3f39163a77f,"The GameStop Fiasco Proves Were in a  Meme Stock  Bubble | by James Surowiecki | Jan , 2021",20210127T034500Z,https://miro.medium.com/focal/1200/632/49/25/1*3MN6QX978zrXE_iflM45Bg.jpeg,marker.medium.com,English,United States,2021-01-27 03:45:00+00:00,GME
https://www.benzinga.com/markets/penny-stocks/21/01/19336980/why-amc-shares-spiked-78-today,https://amp.benzinga.com/amp/content/19336980," ( AMC ), BlackBerry ( NASDAQ : BB ) - Why AMC Shares Spiked 78 % Today",20210127T034500Z,,benzinga.com,English,United States,2021-01-27 03:45:00+00:00,GME
https://economictimes.indiatimes.com/markets/stocks/news/how-a-reddit-group-brought-a-billion-dollar-hedge-fund-to-its-knees/articleshow/80473091.cms,https://m.economictimes.com/markets/stocks/news/how-a-reddit-group-brought-a-billion-dollar-hedge-fund-to-its-knees/amp_articleshow/80473091.cms,How a Reddit group brought a billion dollar hedge fund to its knees,20210127T040000Z,"https://img.etimg.com/thumb/msid-80473161,width-1070,height-580,imgsize-912072,overlay-etmarkets/photo.jpg",economictimes.indiatimes.com,English,India,2021-01-27 04:00:00+00:00,GME
https://www.etftrends.com/2021/01/semantic-density-algos-gamestop-this-time-its-different/,https://www.etftrends.com/2021/01/semantic-density-algos-gamestop-this-time-its-different/amp/,"Semantic Density , Algos & Gamestop : This Time It Different",20210127T040000Z,https://www.etftrends.com/wp-content/uploads/2021/01/51QCOdodw9L._SX331_BO1204203200_-2.jpg,etftrends.com,English,China,2021-01-27 04:00:00+00:00,GME
https://marker.medium.com/gamestop-proves-were-in-a-meme-stock-bubble-b3f39163a77f?source=home---------0---------------------a0af56dd_1309_4a6f_b2c0_9bc3451d490e-------7&gi=sd,https://marker.medium.com/amp/p/b3f39163a77f,"The GameStop Fiasco Proves Were in a  Meme Stock  Bubble | by James Surowiecki | Jan , 2021",20210127T040000Z,https://miro.medium.com/focal/1200/632/49/25/1*3MN6QX978zrXE_iflM45Bg.jpeg,marker.medium.com,English,United States,2021-01-27 04:00:00+00:00,GME
https://www.channelnewsasia.com/news/business/gamestop-extends-reddit-driven-hyper-rally-after-musk-tweet-14050596,,GameStop extends Reddit driven hyper - rally after Musk tweet,20210127T041500Z,"https://cna-sg-res.cloudinary.com/image/upload/q_auto,f_auto/image/8695368/16x9/991/557/e9615d3f8fac5a826ae3bfa657aec6ec/or/business.png",channelnewsasia.com,English,United States,2021-01-27 04:15:00+00:00,GME
https://marker.medium.com/gamestop-proves-were-in-a-meme-stock-bubble-b3f39163a77f?source=home---------0---------------------ee780f3b_4cd2_4d6f_8b68_39042c20c5d5-------7&gi=sd,https://marker.medium.com/amp/p/b3f39163a77f,"The GameStop Fiasco Proves Were in a  Meme Stock  Bubble | by James Surowiecki | Jan , 2021",20210127T041500Z,https://miro.medium.com/focal/1200/632/49/25/1*3MN6QX978zrXE_iflM45Bg.jpeg,marker.medium.com,English,United States,2021-01-27 04:15:00+00:00,GME
https://marker.medium.com/gamestop-proves-were-in-a-meme-stock-bubble-b3f39163a77f?source=home---------0---------------------b2048662_56a4_4a76_a685_c12937c20091-------7&gi=sd,https://marker.medium.com/amp/p/b3f39163a77f,"The GameStop Fiasco Proves Were in a  Meme Stock  Bubble | by James Surowiecki | Jan , 2021",20210127T043000Z,https://miro.medium.com/focal/1200/632/49/25/1*3MN6QX978zrXE_iflM45Bg.jpeg,marker.medium.com,English,United States,2021-01-27 04:30:00+00:00,GME
https://marker.medium.com/gamestop-proves-were-in-a-meme-stock-bubble-b3f39163a77f?source=home---------0---------------------5d73710e_97bd_48b0_bb94_0853297bdf1a-------7&gi=sd,https://marker.medium.com/amp/p/b3f39163a77f,"The GameStop Fiasco Proves Were in a  Meme Stock  Bubble | by James Surowiecki | Jan , 2021",20210127T044500Z,https://miro.medium.com/focal/1200/632/49/25/1*3MN6QX978zrXE_iflM45Bg.jpeg,marker.medium.com,English,United States,2021-01-27 04:45:00+00:00,GME
https://www.news18.com/news/business/gamestop-extends-reddit-driven-hyper-rally-after-musk-tweet-3343907.html,https://www.news18.com/amp/news/business/gamestop-extends-reddit-driven-hyper-rally-after-musk-tweet-3343907.html,GameStop Extends Reddit Driven Hyper - rally After Musk Tweet,20210127T050000Z,https://images.news18.com/ibnlive/uploads/2020/07/1595612580_news18_technology_default_image.jpg,news18.com,English,India,2021-01-27 05:00:00+00:00,GME
https://www.moneycontrol.com/news/business/markets/gamestop-extends-reddit-driven-hyper-rally-after-musk-tweet-6399511.html,https://www.moneycontrol.com/news/business/markets/gamestop-extends-reddit-driven-hyper-rally-after-musk-tweet-6399511.html/amp,GameStop Extends Reddit Driven Hyper - rally After Musk Tweet,20210127T050000Z,https://images.moneycontrol.com/static-mcnews/2021/01/Elon-Musk-2-653x435.jpg,moneycontrol.com,English,India,2021-01-27 05:00:00+00:00,GME
https://marker.medium.com/gamestop-proves-were-in-a-meme-stock-bubble-b3f39163a77f?source=home---------0---------------------bd6fe0be_49f4_4eb1_a022_24b381675bc4-------7&gi=sd,https://marker.medium.com/amp/p/b3f39163a77f,"The GameStop Fiasco Proves Were in a  Meme Stock  Bubble | by James Surowiecki | Jan , 2021",20210127T050000Z,https://miro.medium.com/focal/1200/632/49/25/1*3MN6QX978zrXE_iflM45Bg.jpeg,marker.medium.com,English,United States,2021-01-27 05:00:00+00:00,GME
https://marker.medium.com/gamestop-proves-were-in-a-meme-stock-bubble-b3f39163a77f?source=home---------0---------------------f69a93e7_c883_46d2_97f8_ef80e54c6fc0-------7&gi=sd,https://marker.medium.com/amp/p/b3f39163a77f,"The GameStop Fiasco Proves Were in a  Meme Stock  Bubble | by James Surowiecki | Jan , 2021",20210127T051500Z,https://miro.medium.com/focal/1200/632/49/25/1*3MN6QX978zrXE_iflM45Bg.jpeg,marker.medium.com,English,United States,2021-01-27 05:15:00+00:00,GME
https://marker.medium.com/gamestop-proves-were-in-a-meme-stock-bubble-b3f39163a77f?source=home---------0---------------------1ce03d85_75f9_4a0b_8555_33e8deeb0cb6-------7&gi=sd,https://marker.medium.com/amp/p/b3f39163a77f,"The GameStop Fiasco Proves Were in a  Meme Stock  Bubble | by James Surowiecki | Jan , 2021",20210127T053000Z,https://miro.medium.com/focal/1200/632/49/25/1*3MN6QX978zrXE_iflM45Bg.jpeg,marker.medium.com,English,United States,2021-01-27 05:30:00+00:00,GME
https://www.gizmodo.com.au/2021/01/gamestop-stock-blackberry-reddit-why-taking-off/,https://www.gizmodo.com.au/2021/01/gamestop-stock-blackberry-reddit-why-taking-off/amp/,Why GameStop and Blackberry Stocks are Suddenly Popping Off,20210127T054500Z,https://imgix.gizmodo.com.au/content/uploads/sites/2/2020/08/27/stonks.jpg?ar=16%3A9&auto=format&fit=crop&q=80&nrs=40,gizmodo.com.au,English,Australia,2021-01-27 05:45:00+00:00,GME
https://marker.medium.com/gamestop-proves-were-in-a-meme-stock-bubble-b3f39163a77f?source=home---------0---------------------7061246d_fddb_4e8e_9e4a_75bdc5905b17-------7&gi=sd,https://marker.medium.com/amp/p/b3f39163a77f,"The GameStop Fiasco Proves Were in a  Meme Stock  Bubble | by James Surowiecki | Jan , 2021",20210127T054500Z,https://miro.medium.com/focal/1200/632/49/25/1*3MN6QX978zrXE_iflM45Bg.jpeg,marker.medium.com,English,United States,2021-01-27 05:45:00+00:00,GME
https://marker.medium.com/gamestop-proves-were-in-a-meme-stock-bubble-b3f39163a77f?source=home---------0---------------------41da3c4a_6e22_4882_8669_c9a1894496bd-------7&gi=sd,https://marker.medium.com/amp/p/b3f39163a77f,"The GameStop Fiasco Proves Were in a  Meme Stock  Bubble | by James Surowiecki | Jan , 2021",20210127T060000Z,https://miro.medium.com/focal/1200/632/49/25/1*3MN6QX978zrXE_iflM45Bg.jpeg,marker.medium.com,English,United States,2021-01-27 06:00:00+00:00,GME
https://marker.medium.com/gamestop-proves-were-in-a-meme-stock-bubble-b3f39163a77f?source=home---------0---------------------5627f8c8_8955_4d04_a745_86fe9e75fc3f-------7&gi=sd,https://marker.medium.com/amp/p/b3f39163a77f,"The GameStop Fiasco Proves Were in a  Meme Stock  Bubble | by James Surowiecki | Jan , 2021",20210127T061500Z,https://miro.medium.com/focal/1200/632/49/25/1*3MN6QX978zrXE_iflM45Bg.jpeg,marker.medium.com,English,United States,2021-01-27 06:15:00+00:00,GME
https://www.benzinga.com/topic/short-squeeze,,Short Squeeze,20210127T061500Z,,benzinga.com,English,United States,2021-01-27 06:15:00+00:00,GME
https://marker.medium.com/gamestop-proves-were-in-a-meme-stock-bubble-b3f39163a77f?source=home---------0---------------------5ead9a44_da86_4d17_a1a3_3b14b192649e-------7&gi=sd,https://marker.medium.com/amp/p/b3f39163a77f,"The GameStop Fiasco Proves Were in a  Meme Stock  Bubble | by James Surowiecki | Jan , 2021",20210127T063000Z,https://miro.medium.com/focal/1200/632/49/25/1*3MN6QX978zrXE_iflM45Bg.jpeg,marker.medium.com,English,United States,2021-01-27 06:30:00+00:00,GME
https://www.ibtimes.com/gamestop-stock-60-after-elon-musk-posted-tweet-3131192,https://www.ibtimes.com/gamestop-stock-60-after-elon-musk-posted-tweet-3131192?amp=1,GameStop Stock Up 60 % After Elon Musk Posted This Tweet,20210127T063000Z,https://s1.ibtimes.com/sites/www.ibtimes.com/files/styles/full/public/2021/01/07/tesla-ceo-elon-musk-is-now-the-worlds-AFP_8YC94Q.jpg,ibtimes.com,English,United States,2021-01-27 06:30:00+00:00,GME
https://www.straitstimes.com/business/companies-markets/gamestop-market-value-soars-past-13-billion-after-elon-musk-tweet,,GameStop market value soars past $13 billion after Elon Musk tweet,20210127T064500Z,https://www.straitstimes.com/sites/all/themes/custom/bootdemo/images/facebook_default_pic_new.jpg,straitstimes.com,English,Singapore,2021-01-27 06:45:00+00:00,GME
https://marker.medium.com/gamestop-proves-were-in-a-meme-stock-bubble-b3f39163a77f?source=home---------0---------------------37fbc311_906c_4c16_92e4_d9715e9a42bd-------7&gi=sd,https://marker.medium.com/amp/p/b3f39163a77f,"The GameStop Fiasco Proves Were in a  Meme Stock  Bubble | by James Surowiecki | Jan , 2021",20210127T064500Z,https://miro.medium.com/focal/1200/632/49/25/1*3MN6QX978zrXE_iflM45Bg.jpeg,marker.medium.com,English,United States,2021-01-27 06:45:00+00:00,GME
https://www.dailymail.co.uk/news/article-9191405/Elon-Musk-tweet-helps-fuel-massive-surge-GameStop-shares.html,https://www.dailymail.co.uk/news/article-9191405/amp/Elon-Musk-tweet-helps-fuel-massive-surge-GameStop-shares.html,Elon Musk tweet helps fuel massive surge in GameStop shares,20210127T064500Z,https://i.dailymail.co.uk/1s/2021/01/27/05/38529594-0-image-a-105_1611725828058.jpg,dailymail.co.uk,English,United Kingdom,2021-01-27 06:45:00+00:00,GME
https://marker.medium.com/gamestop-proves-were-in-a-meme-stock-bubble-b3f39163a77f?source=home---------0---------------------a4131970_cf8a_4d33_a967_0cfe2563a070-------7&gi=sd,https://marker.medium.com/amp/p/b3f39163a77f,"The GameStop Fiasco Proves Were in a  Meme Stock  Bubble | by James Surowiecki | Jan , 2021",20210127T070000Z,https://miro.medium.com/focal/1200/632/49/25/1*3MN6QX978zrXE_iflM45Bg.jpeg,marker.medium.com,English,United States,2021-01-27 07:00:00+00:00,GME
https://marker.medium.com/gamestop-proves-were-in-a-meme-stock-bubble-b3f39163a77f?source=home---------0---------------------d72be495_3861_430c_8374_70f0d4c9a3a2-------7&gi=sd,https://marker.medium.com/amp/p/b3f39163a77f,"The GameStop Fiasco Proves Were in a  Meme Stock  Bubble | by James Surowiecki | Jan , 2021",20210127T071500Z,https://miro.medium.com/focal/1200/632/49/25/1*3MN6QX978zrXE_iflM45Bg.jpeg,marker.medium.com,English,United States,2021-01-27 07:15:00+00:00,GME
https://marker.medium.com/gamestop-proves-were-in-a-meme-stock-bubble-b3f39163a77f?source=home---------0---------------------d8f22838_21b6_4154_928e_92ab87d3d53d-------7&gi=sd,https://marker.medium.com/amp/p/b3f39163a77f,"The GameStop Fiasco Proves Were in a  Meme Stock  Bubble | by James Surowiecki | Jan , 2021",20210127T073000Z,https://miro.medium.com/focal/1200/632/49/25/1*3MN6QX978zrXE_iflM45Bg.jpeg,marker.medium.com,English,United States,2021-01-27 07:30:00+00:00,GME
https://marker.medium.com/gamestop-proves-were-in-a-meme-stock-bubble-b3f39163a77f?source=home---------0---------------------e336a67b_c62a_4447_b564_8fab668830a4-------7&gi=sd,https://marker.medium.com/amp/p/b3f39163a77f,"The GameStop Fiasco Proves Were in a  Meme Stock  Bubble | by James Surowiecki | Jan , 2021",20210127T074500Z,https://miro.medium.com/focal/1200/632/49/25/1*3MN6QX978zrXE_iflM45Bg.jpeg,marker.medium.com,English,United States,2021-01-27 07:45:00+00:00,GME
https://marker.medium.com/gamestop-proves-were-in-a-meme-stock-bubble-b3f39163a77f?source=home---------0---------------------cf75cdcf_d290_4181_8402_3b4b6b3fdc20-------7&gi=sd,https://marker.medium.com/amp/p/b3f39163a77f,"The GameStop Fiasco Proves Were in a  Meme Stock  Bubble | by James Surowiecki | Jan , 2021",20210127T080000Z,https://miro.medium.com/focal/1200/632/49/25/1*3MN6QX978zrXE_iflM45Bg.jpeg,marker.medium.com,English,United States,2021-01-27 08:00:00+00:00,GME
https://marker.medium.com/gamestop-proves-were-in-a-meme-stock-bubble-b3f39163a77f?source=home---------0---------------------523e5f7d_1541_43ab_bd00_d6c5c4148bd2-------7&gi=sd,https://marker.medium.com/amp/p/b3f39163a77f,"The GameStop Fiasco Proves Were in a  Meme Stock  Bubble | by James Surowiecki | Jan , 2021",20210127T081500Z,https://miro.medium.com/focal/1200/632/49/25/1*3MN6QX978zrXE_iflM45Bg.jpeg,marker.medium.com,English,United States,2021-01-27 08:15:00+00:00,GME
https://marker.medium.com/gamestop-proves-were-in-a-meme-stock-bubble-b3f39163a77f?source=home---------0---------------------fce94b7a_11cc_4f97_a581_6c87b26c8c87-------7&gi=sd,https://marker.medium.com/amp/p/b3f39163a77f,"The GameStop Fiasco Proves Were in a  Meme Stock  Bubble | by James Surowiecki | Jan , 2021",20210127T083000Z,https://miro.medium.com/focal/1200/632/49/25/1*3MN6QX978zrXE_iflM45Bg.jpeg,marker.medium.com,English,United States,2021-01-27 08:30:00+00:00,GME
https://marker.medium.com/gamestop-proves-were-in-a-meme-stock-bubble-b3f39163a77f?source=home---------0---------------------68ed4af9_59bf_4031_a78c_9b58696bf4a2-------7&gi=sd,https://marker.medium.com/amp/p/b3f39163a77f,"The GameStop Fiasco Proves Were in a  Meme Stock  Bubble | by James Surowiecki | Jan , 2021",20210127T084500Z,https://miro.medium.com/focal/1200/632/49/25/1*3MN6QX978zrXE_iflM45Bg.jpeg,marker.medium.com,English,United States,2021-01-27 08:45:00+00:00,GME
https://marker.medium.com/gamestop-proves-were-in-a-meme-stock-bubble-b3f39163a77f?source=home---------0---------------------64352c97_648f_40f3_80aa_bd8962b24152-------7&gi=sd,https://marker.medium.com/amp/p/b3f39163a77f,"The GameStop Fiasco Proves Were in a  Meme Stock  Bubble | by James Surowiecki | Jan , 2021",20210127T090000Z,https://miro.medium.com/focal/1200/632/49/25/1*3MN6QX978zrXE_iflM45Bg.jpeg,marker.medium.com,English,United States,2021-01-27 09:00:00+00:00,GME
https://marker.medium.com/gamestop-proves-were-in-a-meme-stock-bubble-b3f39163a77f?source=home---------0---------------------2ea8a42f_6334_457f_8f0c_3fdfc5feda3a-------7&gi=sd,https://marker.medium.com/amp/p/b3f39163a77f,"The GameStop Fiasco Proves Were in a  Meme Stock  Bubble | by James Surowiecki | Jan , 2021",20210127T091500Z,https://miro.medium.com/focal/1200/632/49/25/1*3MN6QX978zrXE_iflM45Bg.jpeg,marker.medium.com,English,United States,2021-01-27 09:15:00+00:00,GME
https://marker.medium.com/gamestop-proves-were-in-a-meme-stock-bubble-b3f39163a77f?source=extreme_main_feed---------4-73--------------------2ea8a42f_6334_457f_8f0c_3fdfc5feda3a-------&gi=sd,https://marker.medium.com/amp/p/b3f39163a77f,"The GameStop Fiasco Proves Were in a  Meme Stock  Bubble | by James Surowiecki | Jan , 2021",20210127T091500Z,https://miro.medium.com/focal/1200/632/49/25/1*3MN6QX978zrXE_iflM45Bg.jpeg,marker.medium.com,English,United States,2021-01-27 09:15:00+00:00,GME
https://marker.medium.com/gamestop-proves-were-in-a-meme-stock-bubble-b3f39163a77f?source=home---------0---------------------9c5b1e88_e577_4391_8ac6_e18dd116cebe-------7&gi=sd,https://marker.medium.com/amp/p/b3f39163a77f,"The GameStop Fiasco Proves Were in a  Meme Stock  Bubble | by James Surowiecki | Jan , 2021",20210127T093000Z,https://miro.medium.com/focal/1200/632/49/25/1*3MN6QX978zrXE_iflM45Bg.jpeg,marker.medium.com,English,United States,2021-01-27 09:30:00+00:00,GME
https://marker.medium.com/gamestop-proves-were-in-a-meme-stock-bubble-b3f39163a77f?source=home---------0---------------------5c368843_78b5_4cfc_b491_3bff47606fcd-------7&gi=sd,https://marker.medium.com/amp/p/b3f39163a77f,"The GameStop Fiasco Proves Were in a  Meme Stock  Bubble | by James Surowiecki | Jan , 2021",20210127T094500Z,https://miro.medium.com/focal/1200/632/49/25/1*3MN6QX978zrXE_iflM45Bg.jpeg,marker.medium.com,English,United States,2021-01-27 09:45:00+00:00,GME
https://marker.medium.com/gamestop-proves-were-in-a-meme-stock-bubble-b3f39163a77f?source=home---------0---------------------cca10bb1_c5f0_4d92_a70e_df9613e8448a-------7&gi=sd,https://marker.medium.com/amp/p/b3f39163a77f,"The GameStop Fiasco Proves Were in a  Meme Stock  Bubble | by James Surowiecki | Jan , 2021",20210127T100000Z,https://miro.medium.com/focal/1200/632/49/25/1*3MN6QX978zrXE_iflM45Bg.jpeg,marker.medium.com,English,United States,2021-01-27 10:00:00+00:00,GME
https://gadgets.ndtv.com/games/news/gamestop-elon-musk-tweet-gamestonk-wallstreetbets-stonks-reddit-surge-extended-trade-2358659,https://gadgets.ndtv.com/games/news/gamestop-elon-musk-tweet-gamestonk-wallstreetbets-stonks-reddit-surge-extended-trade-2358659?amp=1 -rum=off,GameStop Rides Elon Musk Tweet to See 50 Percent Surge in Extended Trade,20210127T101500Z,https://i.gadgets360cdn.com/large/gamestop_reuters_1548830198686.JPG,gadgets.ndtv.com,English,India,2021-01-27 10:15:00+00:00,GME
https://marker.medium.com/gamestop-proves-were-in-a-meme-stock-bubble-b3f39163a77f?source=home---------0---------------------55c73717_7fc2_4cd9_9f95_4b53c7ce3c30-------7&gi=sd,https://marker.medium.com/amp/p/b3f39163a77f,"The GameStop Fiasco Proves Were in a  Meme Stock  Bubble | by James Surowiecki | Jan , 2021",20210127T101500Z,https://miro.medium.com/focal/1200/632/49/25/1*3MN6QX978zrXE_iflM45Bg.jpeg,marker.medium.com,English,United States,2021-01-27 10:15:00+00:00,GME
https://www.benzinga.com/markets/penny-stocks/21/01/19338486/gme-amc-skyrocket-pre-market-as-rwallstreetbets-interest-remains-sky-high,https://amp.benzinga.com/amp/content/19338486,"Gamestop Corporation ( NYSE : GME ), ( AMC ) - GME , AMC Skyrocket Pre - Market As r / WallStreetBets Interest Remains Sky - High",20210127T103000Z,,benzinga.com,English,United States,2021-01-27 10:30:00+00:00,GME
https://marker.medium.com/gamestop-proves-were-in-a-meme-stock-bubble-b3f39163a77f?source=home---------0---------------------a7969c0b_ca54_49c8_a4da_a7896caa3b95-------7&gi=sd,https://marker.medium.com/amp/p/b3f39163a77f,"The GameStop Fiasco Proves Were in a  Meme Stock  Bubble | by James Surowiecki | Jan , 2021",20210127T103000Z,https://miro.medium.com/focal/1200/632/49/25/1*3MN6QX978zrXE_iflM45Bg.jpeg,marker.medium.com,English,United States,2021-01-27 10:30:00+00:00,GME
https://www.msn.com/en-gb/money/other/how-gamestop-found-itself-at-the-center-of-a-groundbreaking-battle-between-wall-street-and-small-investors/ar-BB1d8qdw,,How GameStop found itself at the center of a groundbreaking battle between Wall Street and small investors,20210127T104500Z,,msn.com,English,United States,2021-01-27 10:45:00+00:00,GME
https://marker.medium.com/gamestop-proves-were-in-a-meme-stock-bubble-b3f39163a77f?source=home---------0---------------------80a4069d_58f0_403e_bef0_37ec38094105-------7&gi=sd,https://marker.medium.com/amp/p/b3f39163a77f,"The GameStop Fiasco Proves Were in a  Meme Stock  Bubble | by James Surowiecki | Jan , 2021",20210127T104500Z,https://miro.medium.com/focal/1200/632/49/25/1*3MN6QX978zrXE_iflM45Bg.jpeg,marker.medium.com,English,United States,2021-01-27 10:45:00+00:00,GME
https://marker.medium.com/gamestop-proves-were-in-a-meme-stock-bubble-b3f39163a77f?source=home---------0---------------------cf0cd3ad_3423_4254_a479_b628eefbd467-------7&gi=sd,https://marker.medium.com/amp/p/b3f39163a77f,"The GameStop Fiasco Proves Were in a  Meme Stock  Bubble | by James Surowiecki | Jan , 2021",20210127T110000Z,https://miro.medium.com/focal/1200/632/49/25/1*3MN6QX978zrXE_iflM45Bg.jpeg,marker.medium.com,English,United States,2021-01-27 11:00:00+00:00,GME
https://marker.medium.com/gamestop-proves-were-in-a-meme-stock-bubble-b3f39163a77f?source=home---------0---------------------d08bb088_6884_4897_9749_fa2f5969b4ea-------7&gi=sd,https://marker.medium.com/amp/p/b3f39163a77f,"The GameStop Fiasco Proves Were in a  Meme Stock  Bubble | by James Surowiecki | Jan , 2021",20210127T111500Z,https://miro.medium.com/focal/1200/632/49/25/1*3MN6QX978zrXE_iflM45Bg.jpeg,marker.medium.com,English,United States,2021-01-27 11:15:00+00:00,GME
https://marker.medium.com/gamestop-proves-were-in-a-meme-stock-bubble-b3f39163a77f?source=home---------0---------------------94d2031b_cc4e_49b5_9026_bf7e91b45b88-------7&gi=sd,https://marker.medium.com/amp/p/b3f39163a77f,"The GameStop Fiasco Proves Were in a  Meme Stock  Bubble | by James Surowiecki | Jan , 2021",20210127T113000Z,https://miro.medium.com/focal/1200/632/49/25/1*3MN6QX978zrXE_iflM45Bg.jpeg,marker.medium.com,English,United States,2021-01-27 11:30:00+00:00,GME
https://www.newsweek.com/elon-musk-tweets-gamestop-etsy-stock-rally-reddit-wall-street-bets-1564755,https://www.newsweek.com/elon-musk-tweets-gamestop-etsy-stock-rally-reddit-wall-street-bets-1564755?amp=1,"Elon Musk Tweets About GameStop and Etsy , Their Stocks Surge",20210127T114500Z,https://d.newsweek.com/en/full/1717826/spacex-owner-tesla-ceo-elon-musk.jpg,newsweek.com,English,United States,2021-01-27 11:45:00+00:00,GME
https://marker.medium.com/gamestop-proves-were-in-a-meme-stock-bubble-b3f39163a77f?source=home---------0---------------------5ff9cf95_a0eb_401e_b86d_0b6b12b55ca3-------7&gi=sd,https://marker.medium.com/amp/p/b3f39163a77f,"The GameStop Fiasco Proves Were in a  Meme Stock  Bubble | by James Surowiecki | Jan , 2021",20210127T114500Z,https://miro.medium.com/focal/1200/632/49/25/1*3MN6QX978zrXE_iflM45Bg.jpeg,marker.medium.com,English,United States,2021-01-27 11:45:00+00:00,GME
https://www.fxstreet.com/news/should-i-buy-gamestop-gme-stock-right-now-202101270725,https://www.fxstreet.com/amp/news/should-i-buy-gamestop-gme-stock-right-now-202101270725,Should I buy GameStop ( GME Stock ) right now ? Update : Melvin Capital closes out,20210127T120000Z,https://editorial.fxstreet.com/images/Markets/Equities/stock-market-research-9338010_Large.jpg,fxstreet.com,English,China,2021-01-27 12:00:00+00:00,GME
https://marker.medium.com/gamestop-proves-were-in-a-meme-stock-bubble-b3f39163a77f?source=home---------0---------------------9fe48134_2324_4338_af32_c8ac8962dfc4-------7&gi=sd,https://marker.medium.com/amp/p/b3f39163a77f,"The GameStop Fiasco Proves Were in a  Meme Stock  Bubble | by James Surowiecki | Jan , 2021",20210127T120000Z,https://miro.medium.com/focal/1200/632/49/25/1*3MN6QX978zrXE_iflM45Bg.jpeg,marker.medium.com,English,United States,2021-01-27 12:00:00+00:00,GME
https://www.newsnow.co.uk/h/Hot+Topics/WallStreetBets,,Wall Street Bets News | Live Feed & Top Stories,20210127T120000Z,,newsnow.co.uk,English,United Kingdom,2021-01-27 12:00:00+00:00,GME
https://marker.medium.com/gamestop-proves-were-in-a-meme-stock-bubble-b3f39163a77f?source=home---------0---------------------e2ea9680_bb62_4ba7_9277_5ff86102d3eb-------7&gi=sd,https://marker.medium.com/amp/p/b3f39163a77f,"The GameStop Fiasco Proves Were in a  Meme Stock  Bubble | by James Surowiecki | Jan , 2021",20210127T121500Z,https://miro.medium.com/focal/1200/632/49/25/1*3MN6QX978zrXE_iflM45Bg.jpeg,marker.medium.com,English,United States,2021-01-27 12:15:00+00:00,GME
https://www.theguardian.com/business/2021/jan/27/gamestop-stock-market-retail-wall-street,https://amp.theguardian.com/business/2021/jan/27/gamestop-stock-market-retail-wall-street,How GameStop found itself at the center of a groundbreaking battle between Wall Street and small investors,20210127T121500Z,https://i.guim.co.uk/img/media/f152803274f588c1bd241fe4b2e94f724b5eeb48/0_0_5760_3456/master/5760.jpg?&quality=85&auto=format&fit=crop&overlay-align=bottom%2Cleft&overlay-width=100p&overlay-base64=L2ltZy9zdGF0aWMvb3ZlcmxheXMvdGctZGVmYXVsdC5wbmc&enable=upscale&s=7a5ee6ab80971e64b7f0a0eb57900491,theguardian.com,English,United Kingdom,2021-01-27 12:15:00+00:00,GME
https://global.markets.com/enknowledge/insights/something-strange-is-happening-on-wall-street/,,Something strange is happening on Wall Street,20210127T123000Z,https://global.markets.com/wp-content/uploads/2020/10/Technical-Analysis.jpg,global.markets.com,English,Cyprus,2021-01-27 12:30:00+00:00,GME
https://marker.medium.com/gamestop-proves-were-in-a-meme-stock-bubble-b3f39163a77f?source=home---------0---------------------503b1893_a3ae_4762_b186_7a498c977ea7-------7&gi=sd,https://marker.medium.com/amp/p/b3f39163a77f,"The GameStop Fiasco Proves Were in a  Meme Stock  Bubble | by James Surowiecki | Jan , 2021",20210127T123000Z,https://miro.medium.com/focal/1200/632/49/25/1*3MN6QX978zrXE_iflM45Bg.jpeg,marker.medium.com,English,United States,2021-01-27 12:30:00+00:00,GME
https://global.markets.com/enknowledge/insights/gamestop-update-melvin-capital-out/,,GameStop update - Melvin Capital out,20210127T123000Z,https://global.markets.com/wp-content/uploads/2021/01/GameStop-storefront-feature.jpg,global.markets.com,English,Cyprus,2021-01-27 12:30:00+00:00,GME
https://marker.medium.com/gamestop-proves-were-in-a-meme-stock-bubble-b3f39163a77f?source=home---------0---------------------d84b3e99_fb46_405b_86bc_1cc848f5785b-------7&gi=sd,https://marker.medium.com/amp/p/b3f39163a77f,"The GameStop Fiasco Proves Were in a  Meme Stock  Bubble | by James Surowiecki | Jan , 2021",20210127T124500Z,https://miro.medium.com/focal/1200/632/49/25/1*3MN6QX978zrXE_iflM45Bg.jpeg,marker.medium.com,English,United States,2021-01-27 12:45:00+00:00,GME
https://www.zerohedge.com/markets/gamespot-chaos-stock-hits-365-then-dips-after-report-melvin-citron-cover-shorts,,"Gamestop Insanity : Stock Hits $365 , Then Dips After Shorts Melvin , Citron Capitulate",20210127T124500Z,https://zh-prod-1cc738ca-7d3b-4a72-b792-20bd8d8fa069.storage.googleapis.com/s3fs-public/styles/16_9_max_700/public/2021-01/GME%202021-01-27_7-09-55.jpg?h=a0f7329b&itok=BjYqki2X,zerohedge.com,English,United States,2021-01-27 12:45:00+00:00,GME
https://marker.medium.com/gamestop-proves-were-in-a-meme-stock-bubble-b3f39163a77f?source=home---------0---------------------5a6cb2e9_f930_4606_a237_0d808eec55e2-------7&gi=sd,https://marker.medium.com/amp/p/b3f39163a77f,"The GameStop Fiasco Proves Were in a  Meme Stock  Bubble | by James Surowiecki | Jan , 2021",20210127T130000Z,https://miro.medium.com/focal/1200/632/49/25/1*3MN6QX978zrXE_iflM45Bg.jpeg,marker.medium.com,English,United States,2021-01-27 13:00:00+00:00,GME
http://www.idahoreporter.com/2021/here-is-how-gme-could-soon-be-worth-27000/,,"Here is how GME stock could soon be worth $27 , 000",20210127T130000Z,http://www.idahoreporter.com/wp-content/uploads/2020/06/boy-1262989_640.jpg,idahoreporter.com,English,United States,2021-01-27 13:00:00+00:00,GME
http://www.proactiveinvestors.co.uk/companies/news/939515/short-sellers-squeezed-as-more-retail-investors-pile-into-gamestop-rally-939515.html,https://www.proactiveinvestors.co.uk/companies/amp/news/939515,Short sellers squeezed as more retail investors pile into GameStop Corp rally,20210127T131500Z,https://www.proactiveinvestors.co.uk/thumbs/upload/News/Image/2021_01/1200z630_1611674454_2021-01-26-15-20-54_b40ac3ed14daa5cfa33fa2e4d58e4d5f.jpg,proactiveinvestors.co.uk,English,United Kingdom,2021-01-27 13:15:00+00:00,GME
https://marker.medium.com/gamestop-proves-were-in-a-meme-stock-bubble-b3f39163a77f?source=home---------0---------------------a67dd9dd_ae43_4982_bc1e_10c1e70c14ae-------7&gi=sd,https://marker.medium.com/amp/p/b3f39163a77f,"The GameStop Fiasco Proves Were in a  Meme Stock  Bubble | by James Surowiecki | Jan , 2021",20210127T131500Z,https://miro.medium.com/focal/1200/632/49/25/1*3MN6QX978zrXE_iflM45Bg.jpeg,marker.medium.com,English,United States,2021-01-27 13:15:00+00:00,GME
https://www.marketwatch.com/story/stock-futures-move-lower-as-investors-focus-on-tech-earnings-await-fed-11611751455,https://www.marketwatch.com/amp/story/stock-futures-move-lower-as-investors-focus-on-tech-earnings-await-fed-11611751455,"U . S . stock futures move lower as investors focus on tech earnings , await Fed",20210127T133000Z,https://images.mktw.net/im-274297/social,marketwatch.com,English,United States,2021-01-27 13:30:00+00:00,GME
https://marker.medium.com/gamestop-proves-were-in-a-meme-stock-bubble-b3f39163a77f?source=home---------0---------------------9db32089_2008_4a5f_a51d_ecc5fd37709c-------7&gi=sd,https://marker.medium.com/amp/p/b3f39163a77f,"The GameStop Fiasco Proves Were in a  Meme Stock  Bubble | by James Surowiecki | Jan , 2021",20210127T133000Z,https://miro.medium.com/focal/1200/632/49/25/1*3MN6QX978zrXE_iflM45Bg.jpeg,marker.medium.com,English,United States,2021-01-27 13:30:00+00:00,GME
https://www.fool.com/investing/2021/01/27/3-lessons-from-gamestops-meteoric-rise/?source=iedfolrf0000001,https://www.fool.com/amp/investing/2021/01/27/3-lessons-from-gamestops-meteoric-rise/,3 Lessons From GameStop Meteoric Rise,20210127T133000Z,https://g.foolcdn.com/editorial/images/609596/slide-18-gamestop-source-getty.jpg,fool.com,English,United States,2021-01-27 13:30:00+00:00,GME
https://marker.medium.com/gamestop-proves-were-in-a-meme-stock-bubble-b3f39163a77f?source=extreme_main_feed---------1-73--------------------aa5d6b01_6a58_4e57_8aa1_c040f73168e9-------&gi=sd,https://marker.medium.com/amp/p/b3f39163a77f,"The GameStop Fiasco Proves Were in a  Meme Stock  Bubble | by James Surowiecki | Jan , 2021",20210127T134500Z,https://miro.medium.com/focal/1200/632/49/25/1*3MN6QX978zrXE_iflM45Bg.jpeg,marker.medium.com,English,United States,2021-01-27 13:45:00+00:00,GME
https://www.fool.com/investing/2021/01/27/forget-gamestop-buy-this-value-stock-instead/,https://www.fool.com/amp/investing/2021/01/27/forget-gamestop-buy-this-value-stock-instead/,Forget GameStop : Buy This Value Stock Instead,20210127T134500Z,https://g.foolcdn.com/editorial/images/609837/dial-with-risk.jpg,fool.com,English,United States,2021-01-27 13:45:00+00:00,GME
https://www.coinspeaker.com/gamestop-shares-ath-stock-bulls/,https://www.coinspeaker.com/gamestop-shares-ath-stock-bulls/amp/,GameStop Shares Coast to New ATH as Stock Bulls Outnumber Short - Sellers,20210127T134500Z,,coinspeaker.com,English,United States,2021-01-27 13:45:00+00:00,GME
https://marker.medium.com/gamestop-proves-were-in-a-meme-stock-bubble-b3f39163a77f?source=home---------0---------------------aa5d6b01_6a58_4e57_8aa1_c040f73168e9-------7&gi=sd,https://marker.medium.com/amp/p/b3f39163a77f,"The GameStop Fiasco Proves Were in a  Meme Stock  Bubble | by James Surowiecki | Jan , 2021",20210127T134500Z,https://miro.medium.com/focal/1200/632/49/25/1*3MN6QX978zrXE_iflM45Bg.jpeg,marker.medium.com,English,United States,2021-01-27 13:45:00+00:00,GME
https://www.fool.com/investing/2021/01/27/3-lessons-from-gamestops-meteoric-rise/,https://www.fool.com/amp/investing/2021/01/27/3-lessons-from-gamestops-meteoric-rise/,3 Lessons From GameStop Meteoric Rise,20210127T140000Z,https://g.foolcdn.com/editorial/images/609596/slide-18-gamestop-source-getty.jpg,fool.com,English,United States,2021-01-27 14:00:00+00:00,GME
https://marker.medium.com/gamestop-proves-were-in-a-meme-stock-bubble-b3f39163a77f?source=home---------0---------------------3df92f59_3400_43b5_8b0b_e701670e5908-------7&gi=sd,https://marker.medium.com/amp/p/b3f39163a77f,"The GameStop Fiasco Proves Were in a  Meme Stock  Bubble | by James Surowiecki | Jan , 2021",20210127T140000Z,https://miro.medium.com/focal/1200/632/49/25/1*3MN6QX978zrXE_iflM45Bg.jpeg,marker.medium.com,English,United States,2021-01-27 14:00:00+00:00,GME
https://marker.medium.com/gamestop-proves-were-in-a-meme-stock-bubble-b3f39163a77f?source=home---------0---------------------244bad4b_0a59_41da_9cbc_fabb6d9ff8a6-------7&gi=sd,https://marker.medium.com/amp/p/b3f39163a77f,"The GameStop Fiasco Proves Were in a  Meme Stock  Bubble | by James Surowiecki | Jan , 2021",20210127T141500Z,https://miro.medium.com/focal/1200/632/49/25/1*3MN6QX978zrXE_iflM45Bg.jpeg,marker.medium.com,English,United States,2021-01-27 14:15:00+00:00,GME
https://marker.medium.com/gamestop-proves-were-in-a-meme-stock-bubble-b3f39163a77f?source=home---------0---------------------5ffdbba1_06d9_4314_97d2_43db0a2b3fd0-------7&gi=sd,https://marker.medium.com/amp/p/b3f39163a77f,"The GameStop Fiasco Proves Were in a  Meme Stock  Bubble | by James Surowiecki | Jan , 2021",20210127T143000Z,https://miro.medium.com/focal/1200/632/49/25/1*3MN6QX978zrXE_iflM45Bg.jpeg,marker.medium.com,English,United States,2021-01-27 14:30:00+00:00,GME
https://www.marketwatch.com/articles/how-to-bet-on-retail-stocks-when-the-sector-has-gone-mad-51611756345,,How to Bet on Retail Stocks When the Sector Has Gone Mad,20210127T144500Z,https://images.barrons.com/im-242826/social,marketwatch.com,English,United States,2021-01-27 14:45:00+00:00,GME
https://www.benzinga.com/news/21/01/19343201/melvin-capital-citron-throw-in-towel-and-cover-gamestop-short,https://amp.benzinga.com/amp/content/19343201,"Gamestop Corporation ( NYSE : GME ), Best Buy Co ., Inc . ( NYSE : BBY ) - Melvin Capital , Citron Throw In Towel And Cover GameStop Short",20210127T144500Z,,benzinga.com,English,United States,2021-01-27 14:45:00+00:00,GME
https://marker.medium.com/gamestop-proves-were-in-a-meme-stock-bubble-b3f39163a77f?source=home---------0---------------------86c8404d_9c9e_46ba_a9a1_aa4ba83547a9-------7&gi=sd,https://marker.medium.com/amp/p/b3f39163a77f,"The GameStop Fiasco Proves Were in a  Meme Stock  Bubble | by James Surowiecki | Jan , 2021",20210127T144500Z,https://miro.medium.com/focal/1200/632/49/25/1*3MN6QX978zrXE_iflM45Bg.jpeg,marker.medium.com,English,United States,2021-01-27 14:45:00+00:00,GME
https://www.benzinga.com/markets/penny-stocks/21/01/19344313/heres-why-microsoft-plug-power-and-amc-are-moving,https://amp.benzinga.com/amp/content/19344313,"Here Why Microsoft , Plug Power And AMC Are Moving",20210127T144500Z,,benzinga.com,English,United States,2021-01-27 14:45:00+00:00,GME
http://www.proactiveinvestors.com/companies/news/939515/short-sellers-squeezed-as-more-retail-investors-pile-into-gamestop-rally-939515.html,https://www.proactiveinvestors.com/companies/amp/news/939515,Short sellers squeezed as more retail investors pile into GameStop Corp rally,20210127T144500Z,https://www.proactiveinvestors.com/thumbs/upload/News/Image/2021_01/1200z630_1611674454_2021-01-26-15-20-54_b40ac3ed14daa5cfa33fa2e4d58e4d5f.jpg,proactiveinvestors.com,English,United States,2021-01-27 14:45:00+00:00,GME
https://www.fxstreet.com/news/gamestop-gme-why-is-it-moving-everything-else-202101271334,https://www.fxstreet.com/amp/news/gamestop-gme-why-is-it-moving-everything-else-202101271334,Gamestop ( GME ): Why is it moving everything else ? ,20210127T144500Z,https://editorial.fxstreet.com/images/Markets/Equities/iStock_000017292947_Large_Large.jpg,fxstreet.com,English,China,2021-01-27 14:45:00+00:00,GME
https://www.morningstar.com/news/marketwatch/20210127386/gamestop-inspired-some-of-europes-most-heavily-shorted-stocks-are-soaring,,GameStop inspired ? Some of Europe most heavily shorted stocks are soaring,20210127T150000Z,https://www.morningstar.com/assets/img/8cc5300.png,morningstar.com,English,China,2021-01-27 15:00:00+00:00,GME
http://www.msn.com/en-us/money/topstocks/even-reddit-is-beginning-to-discuss-the-endgame-for-the-wild-gamestop-ride/ar-BB1d8rmU,,Even Reddit is beginning to discuss the endgame for the wild GameStop ride,20210127T150000Z,,msn.com,English,United States,2021-01-27 15:00:00+00:00,GME
https://marker.medium.com/gamestop-proves-were-in-a-meme-stock-bubble-b3f39163a77f?source=home---------0---------------------9502888f_ee2a_450e_bada_b81b3375f424-------7&gi=sd,https://marker.medium.com/amp/p/b3f39163a77f,"The GameStop Fiasco Proves Were in a  Meme Stock  Bubble | by James Surowiecki | Jan , 2021",20210127T150000Z,https://miro.medium.com/focal/1200/632/49/25/1*3MN6QX978zrXE_iflM45Bg.jpeg,marker.medium.com,English,United States,2021-01-27 15:00:00+00:00,GME
https://www.nakedcapitalism.com/2021/01/links-1-27-2021.html,,Links 1 / 27 / 2021 | naked capitalism,20210127T151500Z,https://www.nakedcapitalism.com/wp-content/uploads/2021/01/syrian_cats.jpeg,nakedcapitalism.com,English,United States,2021-01-27 15:15:00+00:00,GME
https://marker.medium.com/gamestop-proves-were-in-a-meme-stock-bubble-b3f39163a77f?source=home---------0---------------------87382aa4_627f_4727_958a_f69aa4dc354d-------7&gi=sd,https://marker.medium.com/amp/p/b3f39163a77f,The Reddit GameStop Boom Proves Were in a  Meme Stock  Bubble,20210127T151500Z,https://miro.medium.com/focal/1200/632/49/25/1*3MN6QX978zrXE_iflM45Bg.jpeg,marker.medium.com,English,United States,2021-01-27 15:15:00+00:00,GME
https://marker.medium.com/gamestop-proves-were-in-a-meme-stock-bubble-b3f39163a77f?source=home---------0---------------------457ab0e5_78dd_46d2_9526_96228a054752-------7&gi=sd,https://marker.medium.com/amp/p/b3f39163a77f,The Reddit GameStop Boom Proves Were in a  Meme Stock  Bubble,20210127T153000Z,https://miro.medium.com/focal/1200/632/49/25/1*3MN6QX978zrXE_iflM45Bg.jpeg,marker.medium.com,English,United States,2021-01-27 15:30:00+00:00,GME
https://marker.medium.com/gamestop-proves-were-in-a-meme-stock-bubble-b3f39163a77f?source=home---------0---------------------ca393fc0_9308_4c46_b910_fd5d2a7080d3-------7&gi=sd,https://marker.medium.com/amp/p/b3f39163a77f,The Reddit GameStop Boom Proves Were in a  Meme Stock  Bubble,20210127T154500Z,https://miro.medium.com/focal/1200/632/49/25/1*3MN6QX978zrXE_iflM45Bg.jpeg,marker.medium.com,English,United States,2021-01-27 15:45:00+00:00,GME
https://www.marketwatch.com/story/stop-laughing-about-gamestops-stock-mania-no-really-11611760785,https://www.marketwatch.com/amp/story/stop-laughing-about-gamestops-stock-mania-no-really-11611760785,"Opinion : Stop laughing about GameStop stock mania no , really",20210127T154500Z,https://images.mktw.net/im-291048/social,marketwatch.com,English,United States,2021-01-27 15:45:00+00:00,GME
https://www.zerohedge.com/markets/futures-tumble-ahead-fed-amid-growing-hedge-fund-forced-liquidation-fears,,Futures Tumble Ahead Of The Fed Amid Growing Hedge Fund Forced Liquidation Fears,20210127T160000Z,https://zh-prod-1cc738ca-7d3b-4a72-b792-20bd8d8fa069.storage.googleapis.com/s3fs-public/styles/16_9_max_700/public/2021-01/ES%202021-01-27_7-32-42.jpg?h=d31bab93&itok=CyNXwF5i,zerohedge.com,English,United States,2021-01-27 16:00:00+00:00,GME
https://www.benzinga.com/trading-ideas/long-ideas/21/01/19346393/amc-national-beverage-and-8-more-heavily-shorted-stocks-to-watch,https://amp.benzinga.com/amp/content/19346393,"AMC Entertainment Holdings ( AMC ), Bed Bath & Beyond ( BBBY ), National Beverage ( FIZZ ), Gilead Sciences ( GILD ), Gamestop Corp . ( GME ), Gogo , Inc . ( GOGO ), iRobot Corporation ( IRBT ), Ligand Pharmaceuticals Incorporated ( LGND ), Tanger Fa...",20210127T160000Z,,benzinga.com,English,United States,2021-01-27 16:00:00+00:00,GME
http://www.chicagotribune.com/business/ct-biz-reddit-wall-street-bets-gamestop-melvin-capital-20210127-qk6uwmw5bze35dmvpx7xbgsyf4-story.html,https://www.chicagotribune.com/business/ct-biz-reddit-wall-street-bets-gamestop-melvin-capital-20210127-qk6uwmw5bze35dmvpx7xbgsyf4-story.html?outputType=amp,Reddit hammers hedge fund Melvin Capital with GameStop play,20210127T160000Z,https://www.chicagotribune.com/resizer/IqzLmKsGKWXxios_nNKiZxRzHWQ=/1200x0/top/cloudfront-us-east-1.images.arcpublishing.com/tronc/6JKRHCDQ2STBWFFI2EBSXX4JK4.jpg,chicagotribune.com,English,United States,2021-01-27 16:00:00+00:00,GME
https://marker.medium.com/gamestop-proves-were-in-a-meme-stock-bubble-b3f39163a77f?source=home---------0---------------------b5b20e2f_7491_42dc_9cf6_597fc961ab54-------7&gi=sd,https://marker.medium.com/amp/p/b3f39163a77f,The Reddit GameStop Boom Proves Were in a  Meme Stock  Bubble,20210127T160000Z,https://miro.medium.com/focal/1200/632/49/25/1*3MN6QX978zrXE_iflM45Bg.jpeg,marker.medium.com,English,United States,2021-01-27 16:00:00+00:00,GME
https://marker.medium.com/gamestop-proves-were-in-a-meme-stock-bubble-b3f39163a77f?source=extreme_main_feed---------1-73--------------------b5b20e2f_7491_42dc_9cf6_597fc961ab54-------&gi=sd,https://marker.medium.com/amp/p/b3f39163a77f,The Reddit GameStop Boom Proves Were in a  Meme Stock  Bubble,20210127T160000Z,https://miro.medium.com/focal/1200/632/49/25/1*3MN6QX978zrXE_iflM45Bg.jpeg,marker.medium.com,English,United States,2021-01-27 16:00:00+00:00,GME
https://www.theverge.com/2021/1/27/22251964/amc-stock-price-reddit-wallstreetbets-trading-gamestop,https://www.theverge.com/platform/amp/2021/1/27/22251964/amc-stock-price-reddit-wallstreetbets-trading-gamestop,AMC stock price soars as Reddit investors encourage trading,20210127T160000Z,https://cdn.vox-cdn.com/thumbor/BGmF0GBfSPKarlyO0Xypx3RKbYo=/0x215:3000x1786/fit-in/1200x630/cdn.vox-cdn.com/uploads/chorus_asset/file/22262688/1207531287.jpg,theverge.com,English,United States,2021-01-27 16:00:00+00:00,GME
https://marker.medium.com/gamestop-proves-were-in-a-meme-stock-bubble-b3f39163a77f?source=home---------0---------------------40bbedb2_857b_4c9b_9c31_94510fe287a5-------7&gi=sd,https://marker.medium.com/amp/p/b3f39163a77f,The Reddit GameStop Boom Proves Were in a  Meme Stock  Bubble,20210127T161500Z,https://miro.medium.com/focal/1200/632/49/25/1*3MN6QX978zrXE_iflM45Bg.jpeg,marker.medium.com,English,United States,2021-01-27 16:15:00+00:00,GME
http://www.proactiveinvestors.co.uk/companies/news/939643/gamestop-yolo-trades-and-wallstreetbets-how-trading-and-trolling-wreaked-havoc-on-wall-street-939643.html,https://www.proactiveinvestors.co.uk/companies/amp/news/939643,"GameStopCorp , YOLO trades and wallstreetbets : How trading and trolling wreaked havoc on Wall Street",20210127T163000Z,https://www.proactiveinvestors.co.uk/thumbs/upload/News/Image/2021_01/1200z630_1611760359_2021-01-27-15-12-39_62faa19a7f103127f8c4bcf243aaae16.jpg,proactiveinvestors.co.uk,English,United Kingdom,2021-01-27 16:30:00+00:00,GME
https://marker.medium.com/gamestop-proves-were-in-a-meme-stock-bubble-b3f39163a77f?source=home---------0---------------------4fe37f7b_7fa0_4464_8b78_99dc7a5c78de-------7&gi=sd,https://marker.medium.com/amp/p/b3f39163a77f,The Reddit GameStop Boom Proves Were in a  Meme Stock  Bubble,20210127T163000Z,https://miro.medium.com/focal/1200/632/49/25/1*3MN6QX978zrXE_iflM45Bg.jpeg,marker.medium.com,English,United States,2021-01-27 16:30:00+00:00,GME
https://www.forbes.com/sites/naeemaslam/2021/01/27/gamestop-stock-in-battle-between-hedge-funds-and-reddit-day-traders-melvin-capital-closes-its-short/,https://www.forbes.com/sites/naeemaslam/2021/01/27/gamestop-stock-in-battle-between-hedge-funds-and-reddit-day-traders-melvin-capital-closes-its-short/amp/,"GameStop Stock : In Battle Between Hedge Funds And Reddit Day Traders , Melvin Capital Closes Its Short",20210127T163000Z,https://thumbor.forbes.com/thumbor/fit-in/1200x0/filters%3Aformat%28jpg%29/https%3A%2F%2Fspecials-images.forbesimg.com%2Fimageserve%2F601170fe59d1b5cac3ca8241%2F0x0.jpg,forbes.com,English,United States,2021-01-27 16:30:00+00:00,GME
http://www.proactiveinvestors.co.uk/companies/news/939515/gamestop-short-sellers-squeezed-as-more-retail-investors-pile-in-939515.html,https://www.proactiveinvestors.co.uk/companies/amp/news/939515,GameStop Corp short sellers squeezed as more retail investors pile in,20210127T163000Z,https://www.proactiveinvestors.co.uk/thumbs/upload/News/Image/2021_01/1200z630_1611674454_2021-01-26-15-20-54_b40ac3ed14daa5cfa33fa2e4d58e4d5f.jpg,proactiveinvestors.co.uk,English,United Kingdom,2021-01-27 16:30:00+00:00,GME
https://marker.medium.com/gamestop-proves-were-in-a-meme-stock-bubble-b3f39163a77f?source=home---------0---------------------6e5f5685_7f13_4e4b_bebb_e9b0837cc641-------7&gi=sd,https://marker.medium.com/amp/p/b3f39163a77f,The Reddit GameStop Boom Proves Were in a  Meme Stock  Bubble,20210127T164500Z,https://miro.medium.com/focal/1200/632/49/25/1*3MN6QX978zrXE_iflM45Bg.jpeg,marker.medium.com,English,United States,2021-01-27 16:45:00+00:00,GME
https://www.crowdfundinsider.com/2021/01/171658-crazy-town-gamestop-rockets-higher-pundits-blame-reddit-short-sellers-close-out/,https://www.crowdfundinsider.com/2021/01/171658-crazy-town-gamestop-rockets-higher-pundits-blame-reddit-short-sellers-close-out/amp/,"Crazy Town : GameStop Rockets Higher , Pundits Blame Reddit , Short Sellers Close Out",20210127T164500Z,https://www.crowdfundinsider.com/wp-content/uploads/2019/12/Panic-Sim-Swap-Hack-iPhone-Warning-Fear-Danger.jpg,crowdfundinsider.com,English,United Kingdom,2021-01-27 16:45:00+00:00,GME
https://marker.medium.com/gamestop-proves-were-in-a-meme-stock-bubble-b3f39163a77f?source=home---------0---------------------ca257775_269b_480d_93bb_105f9504e095-------7&gi=sd,https://marker.medium.com/amp/p/b3f39163a77f,The Reddit GameStop Boom Proves Were in a  Meme Stock  Bubble,20210127T170000Z,https://miro.medium.com/focal/1200/632/49/25/1*3MN6QX978zrXE_iflM45Bg.jpeg,marker.medium.com,English,United States,2021-01-27 17:00:00+00:00,GME
https://theweek.com/speedreads/963382/gamestop-currently-worth-more-than-american-airlines-thanks-reddit-day-traders-elon-musk,https://theweek.com/speedreads-amp/963382/gamestop-currently-worth-more-than-american-airlines-thanks-reddit-day-traders-elon-musk,"GameStop is currently worth more than American Airlines , thanks to Reddit , day traders , and Elon Musk",20210127T170000Z,https://images.theweek.com/sites/default/files/styles/tw_image_6_4/public/screen_shot_2021-01-27_at_5.34.48_am.jpg?itok=PfEzlEFF,theweek.com,English,United States,2021-01-27 17:00:00+00:00,GME
https://www.forexlive.com/education/!/the-gamestop-rip-crystalizes-a-new-era-in-the-stock-market-20210122,,The Gamestop rip crystalizes a new era in the stock market . Six lessons,20210127T170000Z,,forexlive.com,English,Greece,2021-01-27 17:00:00+00:00,GME
http://www.proactiveinvestors.com/companies/news/939515/gamestop-short-sellers-squeezed-as-more-retail-investors-pile-in-939515.html,https://www.proactiveinvestors.com/companies/amp/news/939515,GameStop Corp short sellers squeezed as more retail investors pile in,20210127T171500Z,https://www.proactiveinvestors.com/thumbs/upload/News/Image/2021_01/1200z630_1611674454_2021-01-26-15-20-54_b40ac3ed14daa5cfa33fa2e4d58e4d5f.jpg,proactiveinvestors.com,English,United States,2021-01-27 17:15:00+00:00,GME
http://www.proactiveinvestors.com/companies/news/939643/gamestop-yolo-trades-and-wallstreetbets-how-trading-and-trolling-wreaked-havoc-on-wall-street-939643.html,https://www.proactiveinvestors.com/companies/amp/news/939643,"GameStopCorp , YOLO trades and wallstreetbets : How trading and trolling wreaked havoc on Wall Street",20210127T171500Z,https://www.proactiveinvestors.com/thumbs/upload/News/Image/2021_01/1200z630_1611760359_2021-01-27-15-12-39_62faa19a7f103127f8c4bcf243aaae16.jpg,proactiveinvestors.com,English,United States,2021-01-27 17:15:00+00:00,GME
http://www.proactiveinvestors.com/companies/news/939623/wall-street-opens-on-the-back-foot-as-investors-await-fed-tech-earnings-939623.html,https://www.proactiveinvestors.com/companies/amp/news/939623,Wall Street on the back foot as investors await tech earnings ; GameStop surge grabs attention,20210127T171500Z,https://www.proactiveinvestors.com/thumbs/upload/News/Image/2021_01/1200z630_1611766848_shutterstock_557354707.jpg,proactiveinvestors.com,English,United States,2021-01-27 17:15:00+00:00,GME
https://marker.medium.com/gamestop-proves-were-in-a-meme-stock-bubble-b3f39163a77f?source=home---------0---------------------af5c5dca_13e7_4c39_a9df_74be9540234e-------7&gi=sd,https://marker.medium.com/amp/p/b3f39163a77f,The Reddit GameStop Boom Proves Were in a  Meme Stock  Bubble,20210127T171500Z,https://miro.medium.com/focal/1200/632/49/25/1*3MN6QX978zrXE_iflM45Bg.jpeg,marker.medium.com,English,United States,2021-01-27 17:15:00+00:00,GME
https://www.hollywoodreporter.com/news/amc-entertainment-stock-surges-fueled-by-traders-on-reddit,https://www.hollywoodreporter.com/amp/news/amc-entertainment-stock-surges-fueled-by-traders-on-reddit,"AMC Entertainment Stock Surges , Fueled By Traders on Reddit",20210127T173000Z,https://static.hollywoodreporter.com/wp-content/uploads/2020/12/GettyImages-1281000995-H-2020-1607013093-1024x577.jpg,hollywoodreporter.com,English,United States,2021-01-27 17:30:00+00:00,GME
https://marker.medium.com/gamestop-proves-were-in-a-meme-stock-bubble-b3f39163a77f?source=home---------0---------------------4e857cf4_6e5f_41e3_a246_b3e2f9067df1-------7&gi=sd,https://marker.medium.com/amp/p/b3f39163a77f,The Reddit GameStop Boom Proves Were in a  Meme Stock  Bubble,20210127T173000Z,https://miro.medium.com/focal/1200/632/49/25/1*3MN6QX978zrXE_iflM45Bg.jpeg,marker.medium.com,English,United States,2021-01-27 17:30:00+00:00,GME
https://www.insidermonkey.com/blog/gamestop-gme-casualty-melvin-capitals-top-10-stock-holdings-916557/,,GameStop ( GME ) Casualty Melvin Capital Top 10 Stock Holdings,20210127T173000Z,https://d2gr5kl7dt2z3t.cloudfront.net/blog/wp-content/uploads/2018/11/01120921/Gabriel-Plotkin_804.jpg,insidermonkey.com,English,United States,2021-01-27 17:30:00+00:00,GME
http://www.dailypress.com/business/ct-biz-reddit-wall-street-bets-gamestop-melvin-capital-20210127-qk6uwmw5bze35dmvpx7xbgsyf4-story.html,https://www.dailypress.com/business/ct-biz-reddit-wall-street-bets-gamestop-melvin-capital-20210127-qk6uwmw5bze35dmvpx7xbgsyf4-story.html?outputType=amp,Reddit bludgeons hedge fund Melvin Capital and puts Wall Street kingpins on notice,20210127T173000Z,https://www.dailypress.com/resizer/IqzLmKsGKWXxios_nNKiZxRzHWQ=/1200x0/top/cloudfront-us-east-1.images.arcpublishing.com/tronc/6JKRHCDQ2STBWFFI2EBSXX4JK4.jpg,dailypress.com,English,United States,2021-01-27 17:30:00+00:00,GME
https://www.fool.ca/2021/01/27/blackberry-tsxbb-the-great-canadian-meme-stock/,https://www.fool.ca/2021/01/27/blackberry-tsxbb-the-great-canadian-meme-stock/amp/,BlackBerry ( TSX : BB ): The Great Canadian Meme Stock,20210127T174500Z,https://yw553ftvhw1iqegz29fycoyw-wpengine.netdna-ssl.com/wp-content/uploads/2019/03/Finance.jpg,fool.ca,English,Canada,2021-01-27 17:45:00+00:00,GME
https://investorplace.com/stock-market-live-updates-wednesday-stock-market-today-news-01272021/,https://investorplace.com/stock-market-live-updates-wednesday-stock-market-today-news-01272021/amp/,Stock Market Live Updates Wednesday : The Reddit Fire Keeps Burning,20210127T174500Z,https://investorplace.com/wp-content/uploads/2019/07/wall-street-sign-broadway-sign.jpg,investorplace.com,English,United States,2021-01-27 17:45:00+00:00,GME
https://investorplace.com/2021/01/gme-stock-redditors-bet-on-5000-target-for-gamestop-as-elon-musk-dives-in/,https://investorplace.com/2021/01/gme-stock-redditors-bet-on-5000-target-for-gamestop-as-elon-musk-dives-in/amp/,"GME Stock : Redditors Bet on $5 , 000 GameStop Target as Musk Dives In",20210127T174500Z,https://investorplace.com/wp-content/uploads/2019/08/gme-stock-1.jpg,investorplace.com,English,United States,2021-01-27 17:45:00+00:00,GME
https://investorplace.com/2021/01/bbby-stock-6-things-to-know-bed-bath-beyond-reddit-wsb-shares-bolt-higher/,https://investorplace.com/2021/01/bbby-stock-6-things-to-know-bed-bath-beyond-reddit-wsb-shares-bolt-higher/amp/,BBBY Stock : 6 Things to Know About Bed Bath and Beyond Right Now,20210127T174500Z,https://investorplace.com/wp-content/uploads/2019/08/bbby-stock-3.jpg,investorplace.com,English,United States,2021-01-27 17:45:00+00:00,GME
https://marker.medium.com/gamestop-proves-were-in-a-meme-stock-bubble-b3f39163a77f?source=home---------0---------------------75da1913_0109_4ee8_aea6_614bf3e38215-------7&gi=sd,https://marker.medium.com/amp/p/b3f39163a77f,The Reddit GameStop Boom Proves Were in a  Meme Stock  Bubble,20210127T174500Z,https://miro.medium.com/focal/1200/632/49/25/1*3MN6QX978zrXE_iflM45Bg.jpeg,marker.medium.com,English,United States,2021-01-27 17:45:00+00:00,GME
https://investorplace.com/2021/01/amc-stock-the-next-reddit-wallstreetbets-stock-of-the-day/,https://investorplace.com/2021/01/amc-stock-the-next-reddit-wallstreetbets-stock-of-the-day/amp/,AMC Stock : The Next Reddit WallStreetBets Stock of the Day ? ,20210127T174500Z,https://investorplace.com/wp-content/uploads/2019/08/amc-stock-3.jpg,investorplace.com,English,United States,2021-01-27 17:45:00+00:00,GME
https://www.benzinga.com/analyst-ratings/analyst-color/21/01/19348742/the-little-guy-won-premarket-prep-breaks-down-the-retail-squeeze-shorts-running-sca,https://amp.benzinga.com/amp/content/19348742,"Gamestop Corporation ( NYSE : GME ), ( AMC ) -  The Little Guy Won : PreMarket Prep Breaks Down The Retail Squeeze , Shorts Running Scared And More",20210127T174500Z,,benzinga.com,English,United States,2021-01-27 17:45:00+00:00,GME
https://marker.medium.com/gamestop-proves-were-in-a-meme-stock-bubble-b3f39163a77f?source=home---------0---------------------740e2723_54eb_4d79_bf02_46b428bf22fa-------7&gi=sd,https://marker.medium.com/amp/p/b3f39163a77f,The Reddit GameStop Boom Proves Were in a  Meme Stock  Bubble,20210127T180000Z,https://miro.medium.com/focal/1200/632/49/25/1*3MN6QX978zrXE_iflM45Bg.jpeg,marker.medium.com,English,United States,2021-01-27 18:00:00+00:00,GME
https://www.gamerevolution.com/news/672817-robinhood-not-working-app-downtime-down-january-2021,https://www.gamerevolution.com/news/672817-robinhood-not-working-app-downtime-down-january-2021?amp,Robinhood Not Working | App down after GameStop stock increase,20210127T181500Z,https://www.gamerevolution.com/assets/uploads/2021/01/Robinhood-app-not-working.jpg,gamerevolution.com,English,Japan,2021-01-27 18:15:00+00:00,GME
https://marker.medium.com/gamestop-proves-were-in-a-meme-stock-bubble-b3f39163a77f?source=home---------0---------------------1c8d65a7_15ad_4a29_bb7c_c50aca548191-------7&gi=sd,https://marker.medium.com/amp/p/b3f39163a77f,The Reddit GameStop Boom Proves Were in a  Meme Stock  Bubble,20210127T181500Z,https://miro.medium.com/focal/1200/632/49/25/1*3MN6QX978zrXE_iflM45Bg.jpeg,marker.medium.com,English,United States,2021-01-27 18:15:00+00:00,GME
https://www.marketwatch.com/story/gamestop-amc-trading-is-now-being-restricted-at-td-ameritrade-11611769804,https://www.marketwatch.com/amp/story/gamestop-amc-trading-is-now-being-restricted-at-td-ameritrade-11611769804,"GameStop , AMC trading is now being restricted at TD Ameritrade",20210127T181500Z,https://images.mktw.net/im-291096/social,marketwatch.com,English,United States,2021-01-27 18:15:00+00:00,GME
http://www.orlandosentinel.com/business/ct-biz-reddit-wall-street-bets-gamestop-melvin-capital-20210127-qk6uwmw5bze35dmvpx7xbgsyf4-story.html,https://www.orlandosentinel.com/business/ct-biz-reddit-wall-street-bets-gamestop-melvin-capital-20210127-qk6uwmw5bze35dmvpx7xbgsyf4-story.html?outputType=amp,Reddit bludgeons hedge fund Melvin Capital and puts Wall Street kingpins on notice,20210127T181500Z,https://www.orlandosentinel.com/resizer/IqzLmKsGKWXxios_nNKiZxRzHWQ=/1200x0/top/cloudfront-us-east-1.images.arcpublishing.com/tronc/6JKRHCDQ2STBWFFI2EBSXX4JK4.jpg,orlandosentinel.com,English,United States,2021-01-27 18:15:00+00:00,GME
http://www.baltimoresun.com/business/ct-biz-reddit-wall-street-bets-gamestop-melvin-capital-20210127-qk6uwmw5bze35dmvpx7xbgsyf4-story.html,https://www.baltimoresun.com/business/ct-biz-reddit-wall-street-bets-gamestop-melvin-capital-20210127-qk6uwmw5bze35dmvpx7xbgsyf4-story.html?outputType=amp,Reddit bludgeons hedge fund Melvin Capital and puts Wall Street kingpins on notice,20210127T181500Z,https://www.baltimoresun.com/resizer/IqzLmKsGKWXxios_nNKiZxRzHWQ=/1200x0/top/cloudfront-us-east-1.images.arcpublishing.com/tronc/6JKRHCDQ2STBWFFI2EBSXX4JK4.jpg,baltimoresun.com,English,United States,2021-01-27 18:15:00+00:00,GME
https://marker.medium.com/gamestop-proves-were-in-a-meme-stock-bubble-b3f39163a77f?source=home---------0---------------------c414a948_70ed_4420_8f49_86965647f1a6-------7&gi=sd,https://marker.medium.com/amp/p/b3f39163a77f,The Reddit GameStop Boom Proves Were in a  Meme Stock  Bubble,20210127T183000Z,https://miro.medium.com/focal/1200/632/49/25/1*3MN6QX978zrXE_iflM45Bg.jpeg,marker.medium.com,English,United States,2021-01-27 18:30:00+00:00,GME
https://twitchy.com/greg-3534/2021/01/27/do-you-need-a-tissue-nasdaq-ceo-responds-to-the-reddit-gamestop-trading-boom/,https://twitchy.com/gregp-3534/2021/01/27/do-you-need-a-tissue-nasdaq-ceo-responds-to-the-reddit-gamestop-trading-boom/amp/,Do you need a tissue ? NASDAQ CEO responds to the Reddit - GameStop trading boom,20210127T184500Z,https://twitchy.com/wp-content/uploads/2021/01/reddit-559b30e7-0cae-415d-a032-dfd0bf4ee970.jpg,twitchy.com,English,United States,2021-01-27 18:45:00+00:00,GME
https://marker.medium.com/gamestop-proves-were-in-a-meme-stock-bubble-b3f39163a77f?source=home---------0---------------------1a751eab_0296_4ae0_b6a3_7fb447e914f4-------7&gi=sd,https://marker.medium.com/amp/p/b3f39163a77f,The Reddit GameStop Boom Proves Were in a  Meme Stock  Bubble,20210127T184500Z,https://miro.medium.com/focal/1200/632/49/25/1*3MN6QX978zrXE_iflM45Bg.jpeg,marker.medium.com,English,United States,2021-01-27 18:45:00+00:00,GME
http://www.msn.com/en-us/money/topstocks/gamestop-amc-trading-is-now-being-restricted-at-td-ameritrade-schwab/ar-BB1d9dmv,,"GameStop , AMC trading is now being restricted at TD Ameritrade , Schwab",20210127T190000Z,,msn.com,English,United States,2021-01-27 19:00:00+00:00,GME
https://marker.medium.com/gamestop-proves-were-in-a-meme-stock-bubble-b3f39163a77f?source=home---------0---------------------f4afe2b0_32ed_4ab9_96e7_22519c8d24c8-------7&gi=sd,https://marker.medium.com/amp/p/b3f39163a77f,The Reddit GameStop Boom Proves Were in a  Meme Stock  Bubble,20210127T190000Z,https://miro.medium.com/focal/1200/632/49/25/1*3MN6QX978zrXE_iflM45Bg.jpeg,marker.medium.com,English,United States,2021-01-27 19:00:00+00:00,GME
https://marker.medium.com/gamestop-proves-were-in-a-meme-stock-bubble-b3f39163a77f?source=home---------0---------------------694503f4_aa57_4600_acb4_5ae1c6c80c86-------7&gi=sd,https://marker.medium.com/amp/p/b3f39163a77f,The Reddit GameStop Boom Proves Were in a  Meme Stock  Bubble,20210127T191500Z,https://miro.medium.com/focal/1200/632/49/25/1*3MN6QX978zrXE_iflM45Bg.jpeg,marker.medium.com,English,United States,2021-01-27 19:15:00+00:00,GME
https://marker.medium.com/gamestop-proves-were-in-a-meme-stock-bubble-b3f39163a77f?source=home---------0---------------------d671d508_1875_41c1_8a62_3532c545d80a-------7&gi=sd,https://marker.medium.com/amp/p/b3f39163a77f,The Reddit GameStop Boom Proves Were in a  Meme Stock  Bubble,20210127T193000Z,https://miro.medium.com/focal/1200/632/49/25/1*3MN6QX978zrXE_iflM45Bg.jpeg,marker.medium.com,English,United States,2021-01-27 19:30:00+00:00,GME
https://www.cnn.com/2021/01/27/investing/gamestop-reddit-stock/,https://amp.cnn.com/cnn/2021/01/27/investing/gamestop-reddit-stock/index.html,How a Reddit group blew up GameStop stock,20210127T194500Z,https://cdn.cnn.com/cnnnext/dam/assets/191211090720-gamestop-0916-super-tease.jpg,cnn.com,English,United States,2021-01-27 19:45:00+00:00,GME
https://marker.medium.com/gamestop-proves-were-in-a-meme-stock-bubble-b3f39163a77f?source=home---------0---------------------378ebeee_f561_491e_b075_4ebecedf6d22-------7&gi=sd,https://marker.medium.com/amp/p/b3f39163a77f,The Reddit GameStop Boom Proves Were in a  Meme Stock  Bubble,20210127T194500Z,https://miro.medium.com/focal/1200/632/49/25/1*3MN6QX978zrXE_iflM45Bg.jpeg,marker.medium.com,English,United States,2021-01-27 19:45:00+00:00,GME
https://www.aljazeera.com/economy/2021/1/27/bbgamestop-how-day-trader-reddit-bros-burned-a-wall-street-pro,https://www.aljazeera.com/amp/economy/2021/1/27/bbgamestop-how-day-trader-reddit-bros-burned-a-wall-street-pro,GameStop : How day trader Reddit bros burned a Wall Street pro,20210127T194500Z,https://www.aljazeera.com/wp-content/uploads/2021/01/367588720.jpg,aljazeera.com,English,United States,2021-01-27 19:45:00+00:00,GME
https://www.ai-cio.com/news/next-five-meme-stocks-gamestop/,,What Are the Next Five Meme Stocks After GameStop ? | Chief Investment Officer,20210127T200000Z,https://si-interactive.s3.amazonaws.com/prod/ai-cio-com/wp-content/uploads/2021/01/27105726/CIO-012721-Gamestop-458989115-web.jpg,ai-cio.com,English,United States,2021-01-27 20:00:00+00:00,GME
http://www.proactiveinvestors.com/companies/news/939623/wall-street-on-the-back-foot-as-investors-await-tech-earnings-gamestop-surge-grabs-attention-939623.html,https://www.proactiveinvestors.com/companies/amp/news/939623,Wall Street on the back foot as investors await tech earnings ; GameStop surge grabs attention,20210127T200000Z,https://www.proactiveinvestors.com/thumbs/upload/News/Image/2021_01/1200z630_1611766848_shutterstock_557354707.jpg,proactiveinvestors.com,English,United States,2021-01-27 20:00:00+00:00,GME
https://marker.medium.com/gamestop-proves-were-in-a-meme-stock-bubble-b3f39163a77f?source=home---------0---------------------7a58f903_8da9_412d_9769_b112c03bfb75-------7&gi=sd,https://marker.medium.com/amp/p/b3f39163a77f,The Reddit GameStop Boom Proves Were in a  Meme Stock  Bubble,20210127T200000Z,https://miro.medium.com/focal/1200/632/49/25/1*3MN6QX978zrXE_iflM45Bg.jpeg,marker.medium.com,English,United States,2021-01-27 20:00:00+00:00,GME
http://www.msn.com/en-us/money/topstocks/gamestop-mania-reveals-power-shift-on-wall-street-and-the-pros-are-reeling/ar-BB1d9jfz,,GameStop Mania Reveals Power Shift on Wall Street --- and the Pros Are Reeling,20210127T200000Z,,msn.com,English,United States,2021-01-27 20:00:00+00:00,GME
https://marker.medium.com/gamestop-proves-were-in-a-meme-stock-bubble-b3f39163a77f?source=home---------0---------------------e1079336_21e7_4534_afdb_4562ba074663-------7&gi=sd,https://marker.medium.com/amp/p/b3f39163a77f,The Reddit GameStop Boom Proves Were in a  Meme Stock  Bubble,20210127T201500Z,https://miro.medium.com/focal/1200/632/49/25/1*3MN6QX978zrXE_iflM45Bg.jpeg,marker.medium.com,English,United States,2021-01-27 20:15:00+00:00,GME
https://www.pcmag.com/news/what-is-going-on-with-gamestop-meme-stocks-explained,https://www.pcmag.com/news/what-is-going-on-with-gamestop-meme-stocks-explained?amp=true,What Is Going on With GameStop ? Meme Stocks Explained,20210127T201500Z,https://i.pcmag.com/imagery/articles/04eu2fbdaFVF6DVY3R86oCj-3.1611770779.fit_lim.size_1200x630.jpg,pcmag.com,English,United States,2021-01-27 20:15:00+00:00,GME
https://twitchy.com/gregp-3534/2021/01/27/do-you-need-a-tissue-nasdaq-ceo-responds-to-the-reddit-gamestop-trading-boom/,https://twitchy.com/gregp-3534/2021/01/27/do-you-need-a-tissue-nasdaq-ceo-responds-to-the-reddit-gamestop-trading-boom/amp/,Do you need a tissue ? NASDAQ CEO responds to the Reddit - GameStop trading boom,20210127T201500Z,https://twitchy.com/wp-content/uploads/2021/01/reddit-559b30e7-0cae-415d-a032-dfd0bf4ee970.jpg,twitchy.com,English,United States,2021-01-27 20:15:00+00:00,GME
https://www.thestreet.com/etffocus/trade-ideas/gamestop-robinhood-reddit-lethal-combination,https://www.thestreet.com/etffocus/.amp/trade-ideas/gamestop-robinhood-reddit-lethal-combination,"GameStop , Robinhood And Reddit Are A Lethal Combination , And It Probably Going To Get Worse",20210127T201500Z,,thestreet.com,English,United States,2021-01-27 20:15:00+00:00,GME
https://newrepublic.com/article/161082/gamestop-saga-shows-casino-capitalism-eating-world,,The GameStop Saga Shows How Casino Capitalism Is Eating the World,20210127T201500Z,https://images.newrepublic.com/36de8af6371a5d2c34d164f183f6fae7a0413a2f.jpeg?&crop=faces&fit=crop&fm=jpg,newrepublic.com,English,United States,2021-01-27 20:15:00+00:00,GME
https://techcrunch.com/2021/01/27/could-meme-stocks-like-gamestop-kill-bitcoins-rise/,https://techcrunch.com/2021/01/27/could-meme-stocks-like-gamestop-kill-bitcoins-rise/amp/,Could meme stocks like GameStop kill bitcoin rise ? – TechCrunch,20210127T203000Z,https://techcrunch.com/wp-content/uploads/2017/08/bitcoin-split-2017a.jpg,techcrunch.com,English,United States,2021-01-27 20:30:00+00:00,GME
https://www.fool.co.uk/investing/2021/01/27/blackberry-stock-rallying-further-on-back-of-gme-share-price-rise-should-i-buy-this-us-stock/,,BlackBerry stock rallies further on back of GME share price rise . Should I buy this US stock ? ,20210127T203000Z,https://1gb82h2px4rr3s7tp94g0nt1-wpengine.netdna-ssl.com/wp-content/uploads/2018/01/StockMarketChart.jpg,fool.co.uk,English,United Kingdom,2021-01-27 20:30:00+00:00,GME
https://marker.medium.com/gamestop-proves-were-in-a-meme-stock-bubble-b3f39163a77f?source=home---------0---------------------d1bc29d1_8088_48dc_bae2_ad9317b55c5a-------7&gi=sd,https://marker.medium.com/amp/p/b3f39163a77f,The Reddit GameStop Boom Proves Were in a  Meme Stock  Bubble,20210127T203000Z,https://miro.medium.com/focal/1200/632/49/25/1*3MN6QX978zrXE_iflM45Bg.jpeg,marker.medium.com,English,United States,2021-01-27 20:30:00+00:00,GME
https://www.telegraph.co.uk/business/2021/01/27/reddit-fever-hits-london-market-short-sellers-feel-squeeze/,https://www.telegraph.co.uk/business/2021/01/27/reddit-fever-hits-london-market-short-sellers-feel-squeeze/amp/,Reddit fever hits London market as short - sellers feel the squeeze,20210127T203000Z,,telegraph.co.uk,English,United Kingdom,2021-01-27 20:30:00+00:00,GME
https://www.businessinsider.com/why-gamestop-stock-reddit-wallstreetbets-2021-1,https://www.businessinsider.com/why-gamestop-stock-reddit-wallstreetbets-2021-1?amp,Why GameStop stock became the big bet for WallStreetBets Reddit forum,20210127T204500Z,https://i.insider.com/6011b7696dfbe10018e004de?&format=jpeg,businessinsider.com,English,United States,2021-01-27 20:45:00+00:00,GME
https://finance.yahoo.com/news/could-meme-stocks-gamestop-kill-192432290.html,https://finance.yahoo.com/amphtml/news/could-meme-stocks-gamestop-kill-192432290.html,Could meme stocks like GameStop kill bitcoin rise ? ,20210127T204500Z,https://s.yimg.com/ny/api/res/1.2/cjmIxXV..MEmBnnVE3ZILw--/YXBwaWQ9aGlnaGxhbmRlcjt3PTIwMDA7aD0xMTI1/https://s.yimg.com/uu/api/res/1.2/0Sr6yEq.OcumdgOKcoF99Q--~B/aD0xNDQwO3c9MjU2MDthcHBpZD15dGFjaHlvbg--/https://media.zenfs.com/en/techcrunch_350/9e278e8ce0ba3d9ef5b436ba0e1579e1,finance.yahoo.com,English,United States,2021-01-27 20:45:00+00:00,GME
https://www.ibtimes.com/amc-new-gamestop-how-social-media-driving-market-3131756,https://www.ibtimes.com/amc-new-gamestop-how-social-media-driving-market-3131756?amp=1,Is AMC The New Gamestop ? How Social Media Is Driving The Market,20210127T204500Z,https://s1.ibtimes.com/sites/www.ibtimes.com/files/styles/full/public/2021/01/25/amc-is-the-largest-movie-theater-in-the.jpg,ibtimes.com,English,United States,2021-01-27 20:45:00+00:00,GME
https://marker.medium.com/gamestop-proves-were-in-a-meme-stock-bubble-b3f39163a77f?source=home---------0---------------------019ad553_5315_4fc6_8da0_aebcaa3cf5e4-------7&gi=sd,https://marker.medium.com/amp/p/b3f39163a77f,The Reddit GameStop Boom Proves Were in a  Meme Stock  Bubble,20210127T204500Z,https://miro.medium.com/focal/1200/632/49/25/1*3MN6QX978zrXE_iflM45Bg.jpeg,marker.medium.com,English,United States,2021-01-27 20:45:00+00:00,GME
https://marker.medium.com/gamestop-proves-were-in-a-meme-stock-bubble-b3f39163a77f?source=home---------0---------------------2cd11744_d948_41b1_b1c0_4b4ad1aab92c-------7&gi=sd,https://marker.medium.com/amp/p/b3f39163a77f,The Reddit GameStop Boom Proves Were in a  Meme Stock  Bubble,20210127T210000Z,https://miro.medium.com/focal/1200/632/49/25/1*3MN6QX978zrXE_iflM45Bg.jpeg,marker.medium.com,English,United States,2021-01-27 21:00:00+00:00,GME
http://www.msn.com/en-us/money/markets/dow-skids-more-than-500-points-as-powell-stresses-long-road-to-recovery-short-squeeze-in-focus/ar-BB1d8PIZ,,"Dow skids more than 500 points as Powell stresses long road to recovery , short squeeze in focus",20210127T210000Z,,msn.com,English,United States,2021-01-27 21:00:00+00:00,GME
https://www.tmz.com/2021/01/27/gamestop-stock-price-soars-reddit-hedge-funds/,https://amp.tmz.com/2021/01/27/gamestop-stock-price-soars-reddit-hedge-funds/,"GameStop Stock Price Soars Thanks to Reddit Traders , Hedge Funds Hurting",20210127T210000Z,https://imagez.tmz.com/image/96/16by9/2021/01/27/963a00b5b3904f6da5990d74580a5002_xl.jpg,tmz.com,English,United States,2021-01-27 21:00:00+00:00,GME
https://www.businessinsider.in/stock-market/news/these-10-highly-shorted-stocks-are-soaring-as-reddit-traders-wage-war-against-top-wall-street-hedge-funds/articleshow/80487222.cms,https://www.businessinsider.in/stock-market/news/these-10-highly-shorted-stocks-are-soaring-as-reddit-traders-wage-war-against-top-wall-street-hedge-funds/amp_articleshow/80487222.cms,These 10 highly - shorted stocks are soaring as Reddit traders wage war against top Wall Street hedge funds,20210127T210000Z,https://www.businessinsider.in/photo/80487222/these-10-highly-shorted-stocks-are-soaring-as-reddit-traders-wage-war-against-top-wall-street-hedge-funds.jpg?imgsize=201476,businessinsider.in,English,India,2021-01-27 21:00:00+00:00,GME
https://www.tvanouvelles.ca/2021/01/27/ascension-de-gamestop-une-revolte-contre-les-barons-de-wall-street,,Ascension de GameStop : une révolte contre les barons de Wall Street ? ,20210127T211500Z,https://m1.quebecormedia.com/emp/emp/54e00250-60c6-11eb-89a7-dd341cbaa054_ORIGINAL.jpg?impolicy=crop-resize&x=0&y=62,tvanouvelles.ca,French,Canada,2021-01-27 21:15:00+00:00,GME
https://marker.medium.com/gamestop-proves-were-in-a-meme-stock-bubble-b3f39163a77f?source=home---------0---------------------9f078a3f_78ff_4f8e_81fc_367733c319e3-------7&gi=sd,https://marker.medium.com/amp/p/b3f39163a77f,The Reddit GameStop Boom Proves Were in a  Meme Stock  Bubble,20210127T211500Z,https://miro.medium.com/focal/1200/632/49/25/1*3MN6QX978zrXE_iflM45Bg.jpeg,marker.medium.com,English,United States,2021-01-27 21:15:00+00:00,GME
https://www.polygon.com/2021/1/27/22252600/gamestop-stock-gme-why-whats-happening-explain,https://www.polygon.com/platform/amp/2021/1/27/22252600/gamestop-stock-gme-why-whats-happening-explain,GameStop Reddit - fueled stock market situation explained,20210127T211500Z,https://cdn.vox-cdn.com/thumbor/zvDAj5Z5WsdgtB3iWFngE-0V9Jo=/0x0:7892x4132/fit-in/1200x630/cdn.vox-cdn.com/uploads/chorus_asset/file/22263450/GettyImages_1298961483.jpg,polygon.com,English,United States,2021-01-27 21:15:00+00:00,GME
http://www.msn.com/en-us/money/markets/dow-tumbles-700-points-as-powell-stresses-long-road-to-recovery-short-squeeze-in-focus/ar-BB1d8PIZ,,"Dow tumbles 700 points as Powell stresses long road to recovery , short squeeze in focus",20210127T211500Z,,msn.com,English,United States,2021-01-27 21:15:00+00:00,GME
https://marker.medium.com/gamestop-proves-were-in-a-meme-stock-bubble-b3f39163a77f?source=home---------0---------------------1247747b_d65e_4574_b14f_de5317b9b881-------7&gi=sd,https://marker.medium.com/amp/p/b3f39163a77f,The Reddit GameStop Boom Proves Were in a  Meme Stock  Bubble,20210127T213000Z,https://miro.medium.com/focal/1200/632/49/25/1*3MN6QX978zrXE_iflM45Bg.jpeg,marker.medium.com,English,United States,2021-01-27 21:30:00+00:00,GME
https://marker.medium.com/gamestop-proves-were-in-a-meme-stock-bubble-b3f39163a77f?source=home---------0---------------------45281198_816e_4a0d_8cc7_bdc58ccdb66c-------7&gi=sd,https://marker.medium.com/amp/p/b3f39163a77f,The Reddit GameStop Boom Proves Were in a  Meme Stock  Bubble,20210127T214500Z,https://miro.medium.com/focal/1200/632/49/25/1*3MN6QX978zrXE_iflM45Bg.jpeg,marker.medium.com,English,United States,2021-01-27 21:45:00+00:00,GME
https://www.gobankingrates.com/investing/stocks/pass-popcorn-retail-traders-expect-movie-revival-post-pandemic/,https://www.gobankingrates.com/investing/stocks/pass-popcorn-retail-traders-expect-movie-revival-post-pandemic/amp/,Pass the Popcorn Retail Traders Expect a Movie Revival Post Pandemic,20210127T214500Z,https://cdn.gobankingrates.com/wp-content/uploads/2020/12/movie-theater-shutterstock_editorial_11034901a-1024x576.jpg,gobankingrates.com,English,United States,2021-01-27 21:45:00+00:00,GME
https://www.gizmodo.com.au/2021/01/current-status-of-wallstreetbetss-gamestop-run/,https://www.gizmodo.com.au/2021/01/current-status-of-wallstreetbetss-gamestop-run/amp/,Current Status of WallStreetBets GameStop Run : ???????? ,20210127T214500Z,https://imgix.gizmodo.com.au/content/uploads/sites/2/2021/01/28/oap6ba10y0qn3jntemlw-scaled.jpg?ar=16%3A9&auto=format&fit=crop&q=65,gizmodo.com.au,English,Australia,2021-01-27 21:45:00+00:00,GME
https://www.leparisien.fr/economie/wall-street-comment-des-boursicoteurs-font-flamber-gamestop-au-nez-des-investisseurs-27-01-2021-8421633.php,https://www.leparisien.fr/amp/economie/wall-street-comment-des-boursicoteurs-font-flamber-gamestop-au-nez-des-investisseurs-27-01-2021-8421633.php,Wall Street : comment des « boursicoteurs » font flamber GameStop au nez des « investisseurs » ,20210127T220000Z,https://cloudfront-eu-central-1.images.arcpublishing.com/leparisien/RE3BYTZQ7ZW2MDI3URHHXZ7VI4.jpg,leparisien.fr,French,France,2021-01-27 22:00:00+00:00,GME
https://www.etftrends.com/semantic-density-algos-gamestop-this-time-its-different/,https://www.etftrends.com/semantic-density-algos-gamestop-this-time-its-different/amp/,"Semantic Density , Algos & Gamestop : This Time It Different",20210127T220000Z,https://www.etftrends.com/wp-content/uploads/2021/01/51QCOdodw9L._SX331_BO1204203200_-2.jpg,etftrends.com,English,China,2021-01-27 22:00:00+00:00,GME
https://marker.medium.com/gamestop-proves-were-in-a-meme-stock-bubble-b3f39163a77f?source=home---------0---------------------08b22a87_5a06_4871_b96d_812e53e1743b-------7&gi=sd,https://marker.medium.com/amp/p/b3f39163a77f,The Reddit GameStop Boom Proves Were in a  Meme Stock  Bubble,20210127T220000Z,https://miro.medium.com/focal/1200/632/49/25/1*3MN6QX978zrXE_iflM45Bg.jpeg,marker.medium.com,English,United States,2021-01-27 22:00:00+00:00,GME
https://www.etftrends.com/equity-etf-channel/feeding-frenzy-gamestop-pulling-these-etfs/,https://www.etftrends.com/equity-etf-channel/feeding-frenzy-gamestop-pulling-these-etfs/amp/,A Feeding Frenzy : GameStop Pulling These ETFs Along for the Ride,20210127T220000Z,https://www.etftrends.com/wp-content/uploads/2021/01/A-Feeding-Frenzy-GameStop-Pulling-These-ETFs-Along-for-the-Ride.jpg,etftrends.com,English,China,2021-01-27 22:00:00+00:00,GME
https://marker.medium.com/gamestop-proves-were-in-a-meme-stock-bubble-b3f39163a77f?source=home---------0---------------------76f86533_631a_441c_9f5a_2171b5d8ecc8-------7&gi=sd,https://marker.medium.com/amp/p/b3f39163a77f,The Reddit GameStop Boom Proves Were in a  Meme Stock  Bubble,20210127T221500Z,https://miro.medium.com/focal/1200/632/49/25/1*3MN6QX978zrXE_iflM45Bg.jpeg,marker.medium.com,English,United States,2021-01-27 22:15:00+00:00,GME
https://finance.townhall.com/columnists/charlespayne/2021/01/27/draft-n2583805,https://finance.townhall.com/columnists/charlespayne/2021/01/27/draft-n2583805?amp=true,Market Stalls And Reddit Trolls,20210127T223000Z,https://media.townhall.com/townhall/reu/s1280x720/2016/109/42d4fd11-8546-4044-a928-de09a1d2f665.jpg,finance.townhall.com,English,United States,2021-01-27 22:30:00+00:00,GME
https://marker.medium.com/gamestop-proves-were-in-a-meme-stock-bubble-b3f39163a77f?source=home---------0---------------------09c66296_c630_43c2_9cbb_a9687e95392b-------7&gi=sd,https://marker.medium.com/amp/p/b3f39163a77f,The Reddit GameStop Boom Proves Were in a  Meme Stock  Bubble,20210127T223000Z,https://miro.medium.com/focal/1200/632/49/25/1*3MN6QX978zrXE_iflM45Bg.jpeg,marker.medium.com,English,United States,2021-01-27 22:30:00+00:00,GME
https://www.themarysue.com/what-is-going-on-with-gamestop-reddit-stock-market/,https://www.themarysue.com/what-is-going-on-with-gamestop-reddit-stock-market/amp/,"What Is Going on With GameStop , Reddit , and the Stock Market ? – The Mary Sue",20210127T224500Z,https://www.themarysue.com/wp-content/uploads/2021/01/game_stop_stonks-1.jpg,themarysue.com,English,United States,2021-01-27 22:45:00+00:00,GME
https://marker.medium.com/gamestop-proves-were-in-a-meme-stock-bubble-b3f39163a77f?source=home---------0---------------------a5c81aa0_c002_4275_a8e2_79f0d4e027e3-------7&gi=sd,https://marker.medium.com/amp/p/b3f39163a77f,The Reddit GameStop Boom Proves Were in a  Meme Stock  Bubble,20210127T224500Z,https://miro.medium.com/focal/1200/632/49/25/1*3MN6QX978zrXE_iflM45Bg.jpeg,marker.medium.com,English,United States,2021-01-27 22:45:00+00:00,GME
http://www.proactiveinvestors.com/companies/news/939623/eleventh-hour-selloff-torpedoes-dow-to-worst-day-since-october-939623.html,https://www.proactiveinvestors.com/companies/amp/news/939623,Eleventh hour selloff torpedoes Dow to worst day since October,20210127T230000Z,https://www.proactiveinvestors.com/thumbs/upload/News/Image/2021_01/1200z630_1611782138_shutterstock_256962580.jpg,proactiveinvestors.com,English,United States,2021-01-27 23:00:00+00:00,GME
https://marker.medium.com/gamestop-proves-were-in-a-meme-stock-bubble-b3f39163a77f?source=home---------0---------------------7094fde0_66ba_4f95_8b06_1c75c592bdb9-------7&gi=sd,https://marker.medium.com/amp/p/b3f39163a77f,The Reddit GameStop Boom Proves Were in a  Meme Stock  Bubble,20210127T230000Z,https://miro.medium.com/focal/1200/632/49/25/1*3MN6QX978zrXE_iflM45Bg.jpeg,marker.medium.com,English,United States,2021-01-27 23:00:00+00:00,GME
https://www.nbcnews.com/business/business-news/gamestop-reddit-explainer-what-s-happening-stock-market-n1255922,https://www.nbcnews.com/news/amp/ncna1255922,GameStop ? Reddit ? An explainer on what happening in the stock market,20210127T231500Z,https://media1.s-nbcnews.com/j/newscms/2021_04/3445532/210127-gamestop-ew-532p_8715ffa5ca1561dd7295a86e05d9472a.nbcnews-fp-1200-630.jpg,nbcnews.com,English,United States,2021-01-27 23:15:00+00:00,GME
https://www.chicagobusiness.com/finance-banking/how-did-ken-griffin-get-middle-massive-reddit-fueled-trading-scrum,,Reddit trading forum trouble leads Ken Griffin to invest $2 billion in hedge fund,20210127T231500Z,https://s3-prod.chicagobusiness.com/styles/800x600/s3/40777520133_03f4335111_o.jpg,chicagobusiness.com,English,United States,2021-01-27 23:15:00+00:00,GME
https://www.lefigaro.fr/flash-eco/ascension-de-gamestop-la-revolte-des-boursicoteurs-contre-les-barons-de-wall-street-20210127,https://amp.lefigaro.fr/flash-eco/ascension-de-gamestop-la-revolte-des-boursicoteurs-contre-les-barons-de-wall-street-20210127,Ascension de GameStop : la révolte des boursicoteurs contre les barons de Wall Street ? ,20210127T231500Z,https://i.f1g.fr/media/cms/704x396_cropupscale/2021/01/27/e54d53fb50de1dba13a34d0dfb3379f73cba9164795e639ab785d94d6c6dca9e.jpg,lefigaro.fr,French,France,2021-01-27 23:15:00+00:00,GME
https://marker.medium.com/gamestop-proves-were-in-a-meme-stock-bubble-b3f39163a77f?source=home---------0---------------------85498031_6a9b_49dd_9026_5a4c31eaaaf2-------7&gi=sd,https://marker.medium.com/amp/p/b3f39163a77f,The Reddit GameStop Boom Proves Were in a  Meme Stock  Bubble,20210127T231500Z,https://miro.medium.com/focal/1200/632/49/25/1*3MN6QX978zrXE_iflM45Bg.jpeg,marker.medium.com,English,United States,2021-01-27 23:15:00+00:00,GME
https://marker.medium.com/gamestop-proves-were-in-a-meme-stock-bubble-b3f39163a77f?source=home---------0---------------------bc3a7d42_80e2_4fc6_809d_4a38409e2190-------7&gi=sd,https://marker.medium.com/amp/p/b3f39163a77f,The Reddit GameStop Boom Proves Were in a  Meme Stock  Bubble,20210127T233000Z,https://miro.medium.com/focal/1200/632/49/25/1*3MN6QX978zrXE_iflM45Bg.jpeg,marker.medium.com,English,United States,2021-01-27 23:30:00+00:00,GME
https://www.newsweek.com/wall-street-bets-reddit-gamestop-stock-market-boom-1564931,https://www.newsweek.com/wall-street-bets-reddit-gamestop-stock-market-boom-1564931?amp=1,A Look Inside the  WallStreetBet Subreddit Behind the GameStop Stock Boom,20210127T233000Z,https://d.newsweek.com/en/full/1718426/gamestop-stock-market-reddit.jpg,newsweek.com,English,United States,2021-01-27 23:30:00+00:00,GME
https://marker.medium.com/gamestop-proves-were-in-a-meme-stock-bubble-b3f39163a77f?source=home---------0---------------------7adca84a_4023_4ee1_a217_bacfbfc670be-------7&gi=sd,https://marker.medium.com/amp/p/b3f39163a77f,The Reddit GameStop Boom Proves Were in a  Meme Stock  Bubble,20210127T234500Z,https://miro.medium.com/focal/1200/632/49/25/1*3MN6QX978zrXE_iflM45Bg.jpeg,marker.medium.com,English,United States,2021-01-27 23:45:00+00:00,GME
https://www.morningstar.com/articles/1019249/what-the-heck-is-going-on-with-gamestop,,What the Heck is Going on With GameStop ? ,20210128T000000Z,,morningstar.com,English,China,2021-01-28 00:00:00+00:00,GME
https://www.lanacion.com.ar/economia/short-squeeze-la-jugada-robin-hood-acciones-nid2584524,https://www.lanacion.com.ar/economia/short-squeeze-la-jugada-robin-hood-acciones-nid2584524/amp,Short squeeze . La jugada de los Robin Hood de las acciones que les hacen perder millones a grandes fondos,20210128T000000Z,https://bucket3.glanacion.com/anexos/fotos/08/3596108.jpg,lanacion.com.ar,Spanish,Argentina,2021-01-28 00:00:00+00:00,GME
https://marker.medium.com/gamestop-proves-were-in-a-meme-stock-bubble-b3f39163a77f?source=home---------0---------------------05157be2_0116_4870_a888_7a4a8db8c44b-------7&gi=sd,https://marker.medium.com/amp/p/b3f39163a77f,The Reddit GameStop Boom Proves Were in a  Meme Stock  Bubble,20210128T000000Z,https://miro.medium.com/focal/1200/632/49/25/1*3MN6QX978zrXE_iflM45Bg.jpeg,marker.medium.com,English,United States,2021-01-28 00:00:00+00:00,GME
https://www.afr.com/markets/equity-markets/reddit-traders-bludgeon-melvin-capital-in-warning-to-wall-street-20210128-p56xdf,,Reddit traders bludgeon hedge fund wunderkind Gabe Plotkin Melvin Capital in warning to Wall Street,20210128T000000Z,https://static.ffx.io/images/$zoom_1.0605%2C$multiply_0.7554%2C$ratio_1.777778%2C$width_1059%2C$x_0%2C$y_0/t_crop_custom/e_sharpen:25%2Cq_85%2Cf_jpg/t_afr_no_label_no_age_social_wm/a7a1153698140a0b1d019a6206f0227c3e36dd92,afr.com,English,Australia,2021-01-28 00:00:00+00:00,GME
https://www.forbes.com.mx/negocios-inversionista-que-exploto-el-valor-de-gamestop-4800-ahora-alerta-de-antinatural-y-peligroso/,https://www.forbes.com.mx/negocios-inversionista-que-exploto-el-valor-de-gamestop-4800-ahora-alerta-de-antinatural-y-peligroso/amp/,"Inversionista que explotó el valor de GameStop 4 , 800 % ahora lo llama  antinatural y peligroso  ",20210128T000000Z,https://cdn.forbes.com.mx/2021/01/Game-Stop.jpg,forbes.com.mx,Spanish,Mexico,2021-01-28 00:00:00+00:00,GME
https://www.fool.com/investing/2021/01/27/gamestop-trading-ought-to-be-halted-for-30-days-on/,https://www.fool.com/amp/investing/2021/01/27/gamestop-trading-ought-to-be-halted-for-30-days-on/,"GameStop Trading Ought To Be Halted for 30 Days , One Regulator Says",20210128T000000Z,https://g.foolcdn.com/editorial/images/610137/dominoes-stop.jpg,fool.com,English,United States,2021-01-28 00:00:00+00:00,GME
https://www.forbes.com/sites/vineerbhansali/2021/01/27/why-the-gamestop-phenomenon-is-not-surprising/,https://www.forbes.com/sites/vineerbhansali/2021/01/27/why-the-gamestop-phenomenon-is-not-surprising/amp/,Why The GameStop Phenomenon Is Not Surprising,20210128T001500Z,,forbes.com,English,United States,2021-01-28 00:15:00+00:00,GME
https://marker.medium.com/gamestop-proves-were-in-a-meme-stock-bubble-b3f39163a77f?source=home---------0---------------------55325b23_0359_4355_a5da_c38e80e666df-------7&gi=sd,https://marker.medium.com/amp/p/b3f39163a77f,The Reddit GameStop Boom Proves Were in a  Meme Stock  Bubble,20210128T001500Z,https://miro.medium.com/focal/1200/632/49/25/1*3MN6QX978zrXE_iflM45Bg.jpeg,marker.medium.com,English,United States,2021-01-28 00:15:00+00:00,GME
https://marker.medium.com/gamestop-proves-were-in-a-meme-stock-bubble-b3f39163a77f?source=home---------0---------------------28236e03_c9f3_4063_b7bc_d1bffc179000-------7&gi=sd,https://marker.medium.com/amp/p/b3f39163a77f,The Reddit GameStop Boom Proves Were in a  Meme Stock  Bubble,20210128T003000Z,https://miro.medium.com/focal/1200/632/49/25/1*3MN6QX978zrXE_iflM45Bg.jpeg,marker.medium.com,English,United States,2021-01-28 00:30:00+00:00,GME
https://www.businessinsider.com.au/why-gamestop-stock-reddit-wallstreetbets-2021-1,https://www.businessinsider.com.au/why-gamestop-stock-reddit-wallstreetbets-2021-1/amp,The 4 main reasons that GameStop stock became the target of a Reddit forum with more than 2 million members,20210128T003000Z,https://i.insider.com/60119db91d2df20018b7121d,businessinsider.com.au,English,Australia,2021-01-28 00:30:00+00:00,GME
https://www.marketwatch.com/articles/reddits-wallstbets-goes-private-shortly-after-discord-shuts-down-server-51611792059,,Reddit WallStreetBets Goes Private Shortly After Discord Shuts Down Server,20210128T003000Z,https://images.barrons.com/im-291485/social,marketwatch.com,English,United States,2021-01-28 00:30:00+00:00,GME
https://www.lematin.ch/story/ascension-de-gamestop-revolte-des-boursicoteurs-contre-wall-street-350950283406,https://amp.lematin.ch/story/ascension-de-gamestop-revolte-des-boursicoteurs-contre-wall-street-350950283406,Bourse : Ascension de GameStop : révolte des boursicoteurs contre Wall Street ? ,20210128T003000Z,"https://cdn.unitycms.io/image/ocroped/1200,1200,1000,1000,0,0/euyF3z7jioo/2yOArw0iqM3AWczIBp7EAv.jpg",lematin.ch,French,Switzerland,2021-01-28 00:30:00+00:00,GME
https://www.tdg.ch/ascension-de-gamestop-revolte-des-boursicoteurs-contre-wall-street-350950283406,https://amp.tdg.ch/ascension-de-gamestop-revolte-des-boursicoteurs-contre-wall-street-350950283406,Bourse – Ascension de GameStop : révolte des boursicoteurs contre Wall Street ? ,20210128T003000Z,"https://cdn.unitycms.io/image/ocroped/1200,1200,1000,1000,0,0/euyF3z7jioo/2yOArw0iqM3AWczIBp7EAv.jpg",tdg.ch,French,Switzerland,2021-01-28 00:30:00+00:00,GME
https://www.theglobeandmail.com/investing/markets/inside-the-market/article-gamestop-shares-rally-for-another-day-as-total-volume-exceeds-number/,,"GameStop shares rally for another day , as total volume exceeds number of tradeable shares",20210128T003000Z,https://www.theglobeandmail.com/resizer/791KNFsWNHAlpUydAyUfQo8I1DU=/1200x0/filters:quality(80)/cloudfront-us-east-1.images.arcpublishing.com/tgam/VSRZ6LIBKJISFK6OSPX5MIMGCU.JPG,theglobeandmail.com,English,Canada,2021-01-28 00:30:00+00:00,GME
https://www.windowscentral.com/gamestop-stock-fiasco-getting-out-hand,https://www.windowscentral.com/gamestop-stock-fiasco-getting-out-hand?amp,This GameStop stock fiasco is getting out of hand,20210128T003000Z,https://www.windowscentral.com/sites/wpcentral.com/files/styles/large/public/article_images/2019/08/gamestop-used-video-games-main-d6su.jpg,windowscentral.com,English,United States,2021-01-28 00:30:00+00:00,GME
https://marker.medium.com/gamestop-proves-were-in-a-meme-stock-bubble-b3f39163a77f?source=home---------0---------------------97e16a19_fb3e_4337_80d2_40d91c0dbc20-------7&gi=sd,https://marker.medium.com/amp/p/b3f39163a77f,The Reddit GameStop Boom Proves Were in a  Meme Stock  Bubble,20210128T004500Z,https://miro.medium.com/focal/1200/632/49/25/1*3MN6QX978zrXE_iflM45Bg.jpeg,marker.medium.com,English,United States,2021-01-28 00:45:00+00:00,GME
https://www.24heures.ch/ascension-de-gamestop-revolte-des-boursicoteurs-contre-wall-street-350950283406,https://amp.24heures.ch/ascension-de-gamestop-revolte-des-boursicoteurs-contre-wall-street-350950283406,Bourse – Ascension de GameStop : révolte des boursicoteurs contre Wall Street ? ,20210128T004500Z,"https://cdn.unitycms.io/image/ocroped/1200,1200,1000,1000,0,0/euyF3z7jioo/2yOArw0iqM3AWczIBp7EAv.jpg",24heures.ch,French,Switzerland,2021-01-28 00:45:00+00:00,GME
https://www.businessinsider.in/tech/news/the-4-main-reasons-that-gamestop-stock-became-the-target-of-a-reddit-forum-with-more-than-2-million-members/slidelist/80489720.cms,https://www.businessinsider.in/tech/news/the-4-main-reasons-that-gamestop-stock-became-the-target-of-a-reddit-forum-with-more-than-2-million-members/amp_slidelist/80489720.cms,The 4 main reasons that GameStop stock became the target of a Reddit forum with more than 2 million members,20210128T004500Z,https://www.businessinsider.in/photo/80489720/The-4-main-reasons-that-GameStop-stock-became-the-target-of-a-Reddit-forum-with-more-than-2-million-members.jpg,businessinsider.in,English,India,2021-01-28 00:45:00+00:00,GME
https://www.abcbourse.com/marches/ascension-de-gamestop-la-revolte-des-boursicoteurs-contre-les-barons-de-wall-st_524659,https://www.abcbourse.com/marches/amp/ascension-de-gamestop-la-revolte-des-boursicoteurs-contre-les-barons-de-wall-st_524659,Ascension de GameStop : la révolte des boursicoteurs contre les barons de Wall Street ? ,20210128T010000Z,https://www.abcbourse.com/img/6e4bd536bbeb8b96d6933d72438614b5c36e7ce8.jpg,abcbourse.com,French,France,2021-01-28 01:00:00+00:00,GME
https://www.benzinga.com/topic/wallstreetbets,,wallstreetbets,20210128T010000Z,,benzinga.com,English,United States,2021-01-28 01:00:00+00:00,GME
https://www.medias24.com/filafp/afp-184016-ascension-de-gamestop-la-revolte-des-boursicoteurs-contre-les-barons-de-wall-street.html,,Ascension de GameStop : la révolte des boursicoteurs contre les barons de Wall Street ? ,20210128T010000Z,https://www.medias24.com/imagesafp/photosafp/big/6e4bd536bbeb8b96d6933d72438614b5c36e7ce8.jpg,medias24.com,French,Morocco,2021-01-28 01:00:00+00:00,GME
https://www.benzinga.com/news/21/01/19354020/the-penny-stock-behind-blockbuster-surges-1-400-rise-from-the-dead-or-mistaken-identity,https://amp.benzinga.com/amp/content/19354020," ( BLIAQ ), BlackBerry ( NASDAQ : BB ) - The Penny Stock Behind Blockbuster Surges 1 , 400 %: Rise From The Dead Or Mistaken Identity ? ",20210128T010000Z,,benzinga.com,English,United States,2021-01-28 01:00:00+00:00,GME
https://thehill.com/policy/finance/536212-reddit-traders-cause-wall-street-havoc-by-buying-gamestop,https://thehill.com/policy/finance/536212-reddit-traders-cause-wall-street-havoc-by-buying-gamestop?amp,Reddit traders cause Wall Street havoc by buying GameStop,20210128T010000Z,https://thehill.com/sites/default/files/gamestop_012721getty_reddit.jpg,thehill.com,English,United States,2021-01-28 01:00:00+00:00,GME
https://marker.medium.com/gamestop-proves-were-in-a-meme-stock-bubble-b3f39163a77f?source=home---------0---------------------c8290446_6130_4827_84c3_05531659ee86-------7&gi=sd,https://marker.medium.com/amp/p/b3f39163a77f,The Reddit GameStop Boom Proves Were in a  Meme Stock  Bubble,20210128T010000Z,https://miro.medium.com/focal/1200/632/49/25/1*3MN6QX978zrXE_iflM45Bg.jpeg,marker.medium.com,English,United States,2021-01-28 01:00:00+00:00,GME
https://www.msn.com/en-us/money/personalfinance/gamestop-and-amc-trading-now-restricted-by-td-ameritrade-and-schwab/ar-BB1d9dmv,,GameStop and AMC trading now restricted by TD Ameritrade and Schwab,20210128T010000Z,,msn.com,English,United States,2021-01-28 01:00:00+00:00,GME
http://www.msn.com/en-us/money/savingandinvesting/gamestop-and-amc-trading-now-restricted-by-td-ameritrade-and-schwab/ar-BB1d9dmv,,GameStop and AMC trading now restricted by TD Ameritrade and Schwab,20210128T011500Z,,msn.com,English,United States,2021-01-28 01:15:00+00:00,GME
https://marker.medium.com/gamestop-proves-were-in-a-meme-stock-bubble-b3f39163a77f?source=home---------0---------------------1b94a809_fb93_4846_b4cd_0a750fdb964b-------7&gi=sd,https://marker.medium.com/amp/p/b3f39163a77f,The Reddit GameStop Boom Proves Were in a  Meme Stock  Bubble,20210128T011500Z,https://miro.medium.com/focal/1200/632/49/25/1*3MN6QX978zrXE_iflM45Bg.jpeg,marker.medium.com,English,United States,2021-01-28 01:15:00+00:00,GME
https://marker.medium.com/gamestop-proves-were-in-a-meme-stock-bubble-b3f39163a77f?source=home---------1---------------------79322e36_428b_4dc5_82ff_95d1a6302da3-------7&gi=sd,https://marker.medium.com/amp/p/b3f39163a77f,The Reddit GameStop Boom Proves Were in a  Meme Stock  Bubble,20210128T013000Z,https://miro.medium.com/focal/1200/632/49/25/1*3MN6QX978zrXE_iflM45Bg.jpeg,marker.medium.com,English,United States,2021-01-28 01:30:00+00:00,GME
https://www.france24.com/fr/info-en-continu/20210127-ascension-de-gamestop-la-r%C3%A9volte-des-boursicoteurs-contre-les-barons-de-wall-street,https://amp.france24.com/fr/info-en-continu/20210127-ascension-de-gamestop-la-révolte-des-boursicoteurs-contre-les-barons-de-wall-street,Ascension de GameStop : la révolte des boursicoteurs contre les barons de Wall Street ? ,20210128T014500Z,https://s.france24.com/media/display/9400fa4e-60f2-11eb-9eaf-005056a964fe/w:1280/p:16x9/Part-GTY-1175099093-1-1-0.jpg,france24.com,French,France,2021-01-28 01:45:00+00:00,GME
https://marker.medium.com/gamestop-proves-were-in-a-meme-stock-bubble-b3f39163a77f?source=home---------1---------------------2687229a_4317_4c31_9374_39854bf1e59e-------7&gi=sd,https://marker.medium.com/amp/p/b3f39163a77f,The Reddit GameStop Boom Proves Were in a  Meme Stock  Bubble,20210128T014500Z,https://miro.medium.com/focal/1200/632/49/25/1*3MN6QX978zrXE_iflM45Bg.jpeg,marker.medium.com,English,United States,2021-01-28 01:45:00+00:00,GME
https://www.vladtv.com/article/269106/reddit-message-board-causes-gamestop-amc-stocks-to-surge,,"Reddit Message Board Causes GameStop , AMC Stocks to Surge",20210128T014500Z,https://www.vladtv.com/images/size_fs/video-269106.jpg,vladtv.com,English,United States,2021-01-28 01:45:00+00:00,GME
https://sputniknews.com/business/202101281081899693-french-revolution-in-finance-independent-investors-boost-gamestop-stocks-stiff-short-sellers/,https://sputniknews.com/amp/business/202101281081899693-french-revolution-in-finance-independent-investors-boost-gamestop-stocks-stiff-short-sellers/,"  French Revolution in Finance : Independent Investors Boost GameStop Stocks , Stiff Short - Sellers",20210128T020000Z,https://cdn1.img.sputniknews.com/images/07e5/01/1c/1081900250.jpg,sputniknews.com,English,Russia,2021-01-28 02:00:00+00:00,GME
https://marker.medium.com/gamestop-proves-were-in-a-meme-stock-bubble-b3f39163a77f?source=home---------1---------------------317b1107_b967_4145_8cfd_2d08cf563e35-------7&gi=sd,https://marker.medium.com/amp/p/b3f39163a77f,The Reddit GameStop Boom Proves Were in a  Meme Stock  Bubble,20210128T020000Z,https://miro.medium.com/focal/1200/632/49/25/1*3MN6QX978zrXE_iflM45Bg.jpeg,marker.medium.com,English,United States,2021-01-28 02:00:00+00:00,GME
https://www.foxbusiness.com/markets/could-american-airlines-become-the-next-gamestop-reddits-wallstreetbets-says-its-possible,https://www.foxbusiness.com/markets/could-american-airlines-become-the-next-gamestop-reddits-wallstreetbets-says-its-possible.amp,Is American Airlines the next GameStop ? Reddit WallStreetBets says maybe,20210128T020000Z,https://a57.foxnews.com/static.foxbusiness.com/foxbusiness.com/content/uploads/2020/10/0/0/AmericanAirlinesBoeing737MaxPatrick-T.-FallonBloomberg-via-Getty-Images.jpg?ve=1&tl=1,foxbusiness.com,English,United States,2021-01-28 02:00:00+00:00,GME
https://home.nzcity.co.nz/news/article.aspx?id=326383,,GameStop stock has surged thanks to enthusiastic WallStreetBets Reddit users . Here what you need to know - 28 - Jan - 2021,20210128T021500Z,,home.nzcity.co.nz,English,New Zealand,2021-01-28 02:15:00+00:00,GME
https://marker.medium.com/gamestop-proves-were-in-a-meme-stock-bubble-b3f39163a77f,https://marker.medium.com/amp/p/b3f39163a77f,The Reddit GameStop Boom Proves Were in a  Meme Stock  Bubble,20210128T021500Z,https://miro.medium.com/focal/1200/632/49/25/1*3MN6QX978zrXE_iflM45Bg.jpeg,marker.medium.com,English,United States,2021-01-28 02:15:00+00:00,GME
https://www.ambito.com/opiniones/acciones/reddit-accion-gamestop-volo-1500-quien-esta-detras-la-suba-realmente-n5165834,,"Reddit : acción de GameStop voló 1 . 500 %, ¿ Quién está detrás de la suba realmente ? ",20210128T021500Z,https://media.ambito.com/p/904727e4627739645ed59c78876a39cd/adjuntos/239/imagenes/038/489/0038489556/gamestop-forbesjpg.jpg,ambito.com,Spanish,Argentina,2021-01-28 02:15:00+00:00,GME
https://marker.medium.com/gamestop-proves-were-in-a-meme-stock-bubble-b3f39163a77f?source=home---------1---------------------108d96ef_5bcd_4017_aee7_422ada5a96e9-------7&gi=sd,https://marker.medium.com/amp/p/b3f39163a77f,The Reddit GameStop Boom Proves Were in a  Meme Stock  Bubble,20210128T023000Z,https://miro.medium.com/focal/1200/632/49/25/1*3MN6QX978zrXE_iflM45Bg.jpeg,marker.medium.com,English,United States,2021-01-28 02:30:00+00:00,GME
"https://home.nzcity.co.nz/news/article.aspx?id=326383&fm=psp,tst",,GameStop stock has surged thanks to enthusiastic WallStreetBets Reddit users . Here what you need to know - 28 - Jan - 2021,20210128T024500Z,,home.nzcity.co.nz,English,New Zealand,2021-01-28 02:45:00+00:00,GME
"https://home.nzcity.co.nz/news/article.aspx?id=326383&fm=psp,tsf",,GameStop stock has surged thanks to enthusiastic WallStreetBets Reddit users . Here what you need to know - 28 - Jan - 2021,20210128T024500Z,,home.nzcity.co.nz,English,New Zealand,2021-01-28 02:45:00+00:00,GME
https://www.fool.com/investing/2021/01/27/gamestop-trading-ought-to-be-halted-for-30-days-on/?source=iedfolrf0000001,https://www.fool.com/amp/investing/2021/01/27/gamestop-trading-ought-to-be-halted-for-30-days-on/,"GameStop Trading Ought To Be Halted for 30 Days , One Regulator Says",20210128T024500Z,https://g.foolcdn.com/editorial/images/610137/dominoes-stop.jpg,fool.com,English,United States,2021-01-28 02:45:00+00:00,GME
https://marker.medium.com/gamestop-proves-were-in-a-meme-stock-bubble-b3f39163a77f?source=home---------1---------------------09eeed4d_64c1_4060_b4a3_7647b9223cce-------7&gi=sd,https://marker.medium.com/amp/p/b3f39163a77f,The Reddit GameStop Boom Proves Were in a  Meme Stock  Bubble,20210128T024500Z,https://miro.medium.com/focal/1200/632/49/25/1*3MN6QX978zrXE_iflM45Bg.jpeg,marker.medium.com,English,United States,2021-01-28 02:45:00+00:00,GME
https://www.abc.net.au/news/2021-01-28/gamestop-reddit-users-on-wallstreetbets-explained/13097982,https://amp.abc.net.au/article/13097982,GameStop stock has surged thanks to enthusiastic WallStreetBets Reddit users . Here what you need to know,20210128T030000Z,https://www.abc.net.au/cm/rimage/13098160-16x9-large.jpg?v=2,abc.net.au,English,Australia,2021-01-28 03:00:00+00:00,GME
https://marker.medium.com/gamestop-proves-were-in-a-meme-stock-bubble-b3f39163a77f?source=home---------1---------------------f5474cec_1f52_4a13_b8b0_2199ad48dc01-------7&gi=sd,https://marker.medium.com/amp/p/b3f39163a77f,The Reddit GameStop Boom Proves Were in a  Meme Stock  Bubble,20210128T030000Z,https://miro.medium.com/focal/1200/632/49/25/1*3MN6QX978zrXE_iflM45Bg.jpeg,marker.medium.com,English,United States,2021-01-28 03:00:00+00:00,GME
https://marker.medium.com/gamestop-proves-were-in-a-meme-stock-bubble-b3f39163a77f?source=home---------1---------------------49d3f580_39e0_44c9_8c15_5410bd8f83da-------7&gi=sd,https://marker.medium.com/amp/p/b3f39163a77f,The Reddit GameStop Boom Proves Were in a  Meme Stock  Bubble,20210128T031500Z,https://miro.medium.com/focal/1200/632/49/25/1*3MN6QX978zrXE_iflM45Bg.jpeg,marker.medium.com,English,United States,2021-01-28 03:15:00+00:00,GME
https://www.theage.com.au/business/companies/stunned-gamestop-trading-frenzy-causes-local-mining-company-shares-to-soar-20210128-p56xh4.html,https://amp.theage.com.au/business/companies/stunned-gamestop-trading-frenzy-causes-local-mining-company-shares-to-soar-20210128-p56xh4.html,  Stunned : GameStop trading frenzy causes local mining company shares to soar,20210128T031500Z,https://static.ffx.io/images/$zoom_0.2648%2C$multiply_0.7554%2C$ratio_1.777778%2C$width_1059%2C$x_0%2C$y_26/t_crop_custom/q_86%2Cf_auto/t_theage_no_label_no_age_social_wm/22b0fffc9b50bf7a2e3f08de0ff949e5786f5a6b,theage.com.au,English,Australia,2021-01-28 03:15:00+00:00,GME
https://www.watoday.com.au/business/companies/stunned-gamestop-trading-frenzy-causes-local-mining-company-shares-to-soar-20210128-p56xh4.html,https://amp.watoday.com.au/business/companies/stunned-gamestop-trading-frenzy-causes-local-mining-company-shares-to-soar-20210128-p56xh4.html,  Stunned : GameStop trading frenzy causes local mining company shares to soar,20210128T031500Z,https://static.ffx.io/images/$zoom_0.2648%2C$multiply_0.7554%2C$ratio_1.777778%2C$width_1059%2C$x_0%2C$y_26/t_crop_custom/q_86%2Cf_auto/t_watoday_no_label_no_age_social_wm/22b0fffc9b50bf7a2e3f08de0ff949e5786f5a6b,watoday.com.au,English,Australia,2021-01-28 03:15:00+00:00,GME
https://news.yahoo.com/discord-bans-r-wallstreetbets-server-020812466.html,https://news.yahoo.com/amphtml/discord-bans-r-wallstreetbets-server-020812466.html,Discord bans r / WallStreetBets server over hate speech amid the group driving GameStop shares through the roof,20210128T031500Z,https://s.yimg.com/uu/api/res/1.2/W5fEPk6HSf4yBfdawqOlfg--~B/aD0zNzc7dz01MDM7YXBwaWQ9eXRhY2h5b24-/https://media.zenfs.com/en/business_insider_articles_888/1a9122a3968ee1167b4d3a184a80d962,news.yahoo.com,English,United States,2021-01-28 03:15:00+00:00,GME
https://marker.medium.com/gamestop-proves-were-in-a-meme-stock-bubble-b3f39163a77f?source=home---------1---------------------2b3ab2d1_8ab5_47ef_8de4_8749c8dfa5e8-------7&gi=sd,https://marker.medium.com/amp/p/b3f39163a77f,The Reddit GameStop Boom Proves Were in a  Meme Stock  Bubble,20210128T033000Z,https://miro.medium.com/focal/1200/632/49/25/1*3MN6QX978zrXE_iflM45Bg.jpeg,marker.medium.com,English,United States,2021-01-28 03:30:00+00:00,GME
https://marker.medium.com/gamestop-proves-were-in-a-meme-stock-bubble-b3f39163a77f?source=home---------1---------------------7ae2d3fd_72a9_47a3_b146_133714c67862-------7&gi=sd,https://marker.medium.com/amp/p/b3f39163a77f,The Reddit GameStop Boom Proves Were in a  Meme Stock  Bubble,20210128T034500Z,https://miro.medium.com/focal/1200/632/49/25/1*3MN6QX978zrXE_iflM45Bg.jpeg,marker.medium.com,English,United States,2021-01-28 03:45:00+00:00,GME
https://marker.medium.com/gamestop-proves-were-in-a-meme-stock-bubble-b3f39163a77f?source=home---------1---------------------59f53cc0_569f_4709_b3e0_6d6c650abc5e-------7&gi=sd,https://marker.medium.com/amp/p/b3f39163a77f,The Reddit GameStop Boom Proves Were in a  Meme Stock  Bubble,20210128T040000Z,https://miro.medium.com/focal/1200/632/49/25/1*3MN6QX978zrXE_iflM45Bg.jpeg,marker.medium.com,English,United States,2021-01-28 04:00:00+00:00,GME
https://www.businessinsider.in/stock-market/news/discord-bans-r/wallstreetbets-server-over-hate-speech-amid-the-group-driving-gamestop-shares-through-the-roof/articleshow/80491392.cms,https://www.businessinsider.in/stock-market/news/discord-bans-r/wallstreetbets-server-over-hate-speech-amid-the-group-driving-gamestop-shares-through-the-roof/amp_articleshow/80491392.cms,Discord bans r / WallStreetBets server over hate speech amid the group driving GameStop shares through the roof,20210128T040000Z,,businessinsider.in,English,India,2021-01-28 04:00:00+00:00,GME
https://marker.medium.com/gamestop-proves-were-in-a-meme-stock-bubble-b3f39163a77f?source=home---------1---------------------80fcbd1a_e141_4c7d_98cc_4cd589632df4-------7&gi=sd,https://marker.medium.com/amp/p/b3f39163a77f,The Reddit GameStop Boom Proves Were in a  Meme Stock  Bubble,20210128T041500Z,https://miro.medium.com/focal/1200/632/49/25/1*3MN6QX978zrXE_iflM45Bg.jpeg,marker.medium.com,English,United States,2021-01-28 04:15:00+00:00,GME
https://www.smh.com.au/business/companies/stunned-gamestop-trading-frenzy-causes-local-mining-company-shares-to-soar-20210128-p56xh4.html,https://amp.smh.com.au/business/companies/stunned-gamestop-trading-frenzy-causes-local-mining-company-shares-to-soar-20210128-p56xh4.html,GameStop - Reddit frenzy causes Australian mining company GME shares to soar,20210128T041500Z,https://static.ffx.io/images/$zoom_0.2648%2C$multiply_0.7554%2C$ratio_1.777778%2C$width_1059%2C$x_0%2C$y_26/t_crop_custom/q_86%2Cf_auto/t_smh_no_label_no_age_social_wm/22b0fffc9b50bf7a2e3f08de0ff949e5786f5a6b,smh.com.au,English,Australia,2021-01-28 04:15:00+00:00,GME
https://www.brisbanetimes.com.au/business/companies/stunned-gamestop-trading-frenzy-causes-local-mining-company-shares-to-soar-20210128-p56xh4.html,https://amp.brisbanetimes.com.au/business/companies/stunned-gamestop-trading-frenzy-causes-local-mining-company-shares-to-soar-20210128-p56xh4.html,GameStop - Reddit frenzy causes Australian mining company GME shares to soar,20210128T043000Z,https://static.ffx.io/images/$zoom_0.2648%2C$multiply_0.7554%2C$ratio_1.777778%2C$width_1059%2C$x_0%2C$y_26/t_crop_custom/q_86%2Cf_auto/t_brisbanetimes_no_label_no_age_social_wm/22b0fffc9b50bf7a2e3f08de0ff949e5786f5a6b,brisbanetimes.com.au,English,Australia,2021-01-28 04:30:00+00:00,GME
https://marker.medium.com/gamestop-proves-were-in-a-meme-stock-bubble-b3f39163a77f?source=home---------1---------------------2603b9ed_adcd_424b_a313_1b09daef0488-------7&gi=sd,https://marker.medium.com/amp/p/b3f39163a77f,The Reddit GameStop Boom Proves Were in a  Meme Stock  Bubble,20210128T043000Z,https://miro.medium.com/focal/1200/632/49/25/1*3MN6QX978zrXE_iflM45Bg.jpeg,marker.medium.com,English,United States,2021-01-28 04:30:00+00:00,GME
https://marker.medium.com/gamestop-proves-were-in-a-meme-stock-bubble-b3f39163a77f?source=home---------1---------------------17292a41_86ff_4b43_84f2_56d982fd9567-------7&gi=sd,https://marker.medium.com/amp/p/b3f39163a77f,The Reddit GameStop Boom Proves Were in a  Meme Stock  Bubble,20210128T044500Z,https://miro.medium.com/focal/1200/632/49/25/1*3MN6QX978zrXE_iflM45Bg.jpeg,marker.medium.com,English,United States,2021-01-28 04:45:00+00:00,GME
https://www.benzinga.com/news/21/01/19361017/elon-musk-says-discord-gone-corpo-after-it-takes-down-wallstreetbets,https://amp.benzinga.com/amp/content/19361017,"Gamestop Corporation ( NYSE : GME ), ( AMC ) - Elon Musk Says Discord Gone  Corpo  After It Takes Down WallStreetBets",20210128T050000Z,,benzinga.com,English,United States,2021-01-28 05:00:00+00:00,GME
https://marker.medium.com/gamestop-proves-were-in-a-meme-stock-bubble-b3f39163a77f?source=home---------1---------------------36849e50_47e5_4197_b661_a3b806d7e9dd-------7&gi=sd,https://marker.medium.com/amp/p/b3f39163a77f,The Reddit GameStop Boom Proves Were in a  Meme Stock  Bubble,20210128T050000Z,https://miro.medium.com/focal/1200/632/49/25/1*3MN6QX978zrXE_iflM45Bg.jpeg,marker.medium.com,English,United States,2021-01-28 05:00:00+00:00,GME
https://www.pedestrian.tv/online/gamestop-reddit-meme-stocks-explained/,https://www.pedestrian.tv/online/gamestop-reddit-meme-stocks-explained/amp/,Gamestop Shares Have Gone Up 1700 % This Year & Here Why,20210128T050000Z,https://imgix.pedestrian.tv/content/uploads/2021/01/28/maxresdefault-4-1.jpg?ar=16%3A9&auto=format&crop=focal&fit=crop&q=65,pedestrian.tv,English,Australia,2021-01-28 05:00:00+00:00,GME
https://cointelegraph.com/news/gamestop-short-squeeze-highlights-the-power-of-decentralization,https://cointelegraph.com/news/gamestop-short-squeeze-highlights-the-power-of-decentralization/amp,GameStop short squeeze highlights the power of decentralization,20210128T051500Z,https://images.cointelegraph.com/images/1200_aHR0cHM6Ly9zMy5jb2ludGVsZWdyYXBoLmNvbS91cGxvYWRzLzIwMjEtMDEvOTBhZjNhNTUtNThhZS00Y2UwLTgwN2EtYmVmMDIxNzg1ZTQzLmpwZw==.jpg,cointelegraph.com,English,China,2021-01-28 05:15:00+00:00,GME
https://marker.medium.com/gamestop-proves-were-in-a-meme-stock-bubble-b3f39163a77f?source=home---------1---------------------64fd1882_a6db_46e8_9614_eea2f15813f3-------7&gi=sd,https://marker.medium.com/amp/p/b3f39163a77f,The Reddit GameStop Boom Proves Were in a  Meme Stock  Bubble,20210128T051500Z,https://miro.medium.com/focal/1200/632/49/25/1*3MN6QX978zrXE_iflM45Bg.jpeg,marker.medium.com,English,United States,2021-01-28 05:15:00+00:00,GME
https://marker.medium.com/gamestop-proves-were-in-a-meme-stock-bubble-b3f39163a77f?source=home---------1---------------------f464bd44_024b_4923_9c12_7ed0a6746a1a-------7&gi=sd,https://marker.medium.com/amp/p/b3f39163a77f,The Reddit GameStop Boom Proves Were in a  Meme Stock  Bubble,20210128T053000Z,https://miro.medium.com/focal/1200/632/49/25/1*3MN6QX978zrXE_iflM45Bg.jpeg,marker.medium.com,English,United States,2021-01-28 05:30:00+00:00,GME
https://www.swfinstitute.org/news/84098/empire-strikes-back-wallstreetbets-forum-is-goes-members-only,https://www.swfinstitute.org/news/84098/empire-strikes-back-wallstreetbets-forum-is-goes-members-only/amp,EMPIRE STRIKES BACK : WallStreetBets Forum Goes Members Only,20210128T053000Z,,swfinstitute.org,English,United States,2021-01-28 05:30:00+00:00,GME
https://marker.medium.com/gamestop-proves-were-in-a-meme-stock-bubble-b3f39163a77f?source=home---------1---------------------d34eafc1_7438_4a6a_8196_30de4879b7d4-------7&gi=sd,https://marker.medium.com/amp/p/b3f39163a77f,The Reddit GameStop Boom Proves Were in a  Meme Stock  Bubble,20210128T054500Z,https://miro.medium.com/focal/1200/632/49/25/1*3MN6QX978zrXE_iflM45Bg.jpeg,marker.medium.com,English,United States,2021-01-28 05:45:00+00:00,GME
https://marker.medium.com/gamestop-proves-were-in-a-meme-stock-bubble-b3f39163a77f?source=home---------1---------------------866790be_d74e_487b_a840_0fa7899763f8-------7&gi=sd,https://marker.medium.com/amp/p/b3f39163a77f,The Reddit GameStop Boom Proves Were in a  Meme Stock  Bubble,20210128T060000Z,https://miro.medium.com/focal/1200/632/49/25/1*3MN6QX978zrXE_iflM45Bg.jpeg,marker.medium.com,English,United States,2021-01-28 06:00:00+00:00,GME
https://www.aljazeera.com/economy/2021/1/28/gamestop-why-social-media-based-traders-are-beating-wall-street,https://www.aljazeera.com/amp/economy/2021/1/28/gamestop-why-social-media-based-traders-are-beating-wall-street,GameStop : Why social media - driven traders are beating Wall Street,20210128T060000Z,https://www.aljazeera.com/wp-content/uploads/2021/01/2021-01-27T202509Z_891102824_RC2KGL9LR8SI_RTRMADP_3_MARKETS-RETAIL-TRADING-REDDIT.jpg,aljazeera.com,English,United States,2021-01-28 06:00:00+00:00,GME
https://www.news18.com/news/buzz/how-a-reddit-forum-led-to-300-surge-in-gamestop-stock-and-then-full-drama-in-wall-street-3352739.html,https://www.news18.com/amp/news/buzz/how-a-reddit-forum-led-to-300-surge-in-gamestop-stock-and-then-full-drama-in-wall-street-3352739.html,How a Reddit Forum Led to 300 % Surge in GameStop Stock and Then Full Drama in Wall Street,20210128T060000Z,https://images.news18.com/ibnlive/uploads/2021/01/1611805878_untitled-design-1.jpg,news18.com,English,India,2021-01-28 06:00:00+00:00,GME
https://marker.medium.com/gamestop-proves-were-in-a-meme-stock-bubble-b3f39163a77f?source=home---------1---------------------9544b637_3549_422e_a697_5b3bbaf233cc-------7&gi=sd,https://marker.medium.com/amp/p/b3f39163a77f,The Reddit GameStop Boom Proves Were in a  Meme Stock  Bubble,20210128T061500Z,https://miro.medium.com/focal/1200/632/49/25/1*3MN6QX978zrXE_iflM45Bg.jpeg,marker.medium.com,English,United States,2021-01-28 06:15:00+00:00,GME
https://marker.medium.com/gamestop-proves-were-in-a-meme-stock-bubble-b3f39163a77f?source=home---------1---------------------7a09bb52_234b_4be4_b23d_728a6486c119-------7&gi=sd,https://marker.medium.com/amp/p/b3f39163a77f,The Reddit GameStop Boom Proves Were in a  Meme Stock  Bubble,20210128T063000Z,https://miro.medium.com/focal/1200/632/49/25/1*3MN6QX978zrXE_iflM45Bg.jpeg,marker.medium.com,English,United States,2021-01-28 06:30:00+00:00,GME
https://www.benzinga.com/news/21/01/19361231/wallstreetbets-gets-shoutouts-from-cuban-portnoy-musk-aoc-whos-saying-what,https://amp.benzinga.com/amp/content/19361231,"Gamestop Corporation ( NYSE : GME ), Nokia Corporation ( NYSE : NOK ) - WallStreetBets Gets Shoutouts From Cuban , Portnoy , Musk , AOC : Who Saying What",20210128T063000Z,,benzinga.com,English,United States,2021-01-28 06:30:00+00:00,GME
https://www.dailymail.co.uk/money/diyinvesting/article-9194053/Gamestonk-Caveat-emptor-Gamestop-saga-FOMO-bubble.html,,Gamestonk !! Caveat emptor : The Gamestop saga and the FOMO bubble,20210128T064500Z,https://i.dailymail.co.uk/1s/2021/01/27/18/36604970-0-Spending_money_Tesla_which_is_run_by_Elon_Musk_pictured_wants_to-a-6_1611772418632.jpg,dailymail.co.uk,English,United Kingdom,2021-01-28 06:45:00+00:00,GME
https://marker.medium.com/gamestop-proves-were-in-a-meme-stock-bubble-b3f39163a77f?source=home---------1---------------------661b1dd6_81a3_42fe_9e57_77d35d375a03-------7&gi=sd,https://marker.medium.com/amp/p/b3f39163a77f,The Reddit GameStop Boom Proves Were in a  Meme Stock  Bubble,20210128T064500Z,https://miro.medium.com/focal/1200/632/49/25/1*3MN6QX978zrXE_iflM45Bg.jpeg,marker.medium.com,English,United States,2021-01-28 06:45:00+00:00,GME
https://marker.medium.com/gamestop-proves-were-in-a-meme-stock-bubble-b3f39163a77f?source=home---------1---------------------84c54308_1177_4f39_b375_f6d912f5e79a-------7&gi=sd,https://marker.medium.com/amp/p/b3f39163a77f,The Reddit GameStop Boom Proves Were in a  Meme Stock  Bubble,20210128T070000Z,https://miro.medium.com/focal/1200/632/49/25/1*3MN6QX978zrXE_iflM45Bg.jpeg,marker.medium.com,English,United States,2021-01-28 07:00:00+00:00,GME
https://www.bnnbloomberg.ca/gamestop-mania-prompts-surge-in-australia-s-most-shorted-stocks-1.1555255,https://www.bnnbloomberg.ca/gamestop-mania-prompts-surge-in-australia-s-most-shorted-stocks-1.1555255.amp.html,GameStop Mania Prompts Surge in Australia Most - Shorted Stocks,20210128T071500Z,http://www.bnnbloomberg.ca/polopoly_fs/1.1555256!/fileimage/httpImage/image.jpg_gen/derivatives/landscape_620/microsoft-corp-xbox-games-and-accessories-inside-a-gamestop-corp-store-in-san-diego-california-u-s-on-monday-jan-25-2021-california-a-recent-epicenter-of-the-coronavirus-pandemic-has-lifted-its-regional-stay-at-home-orders-as-the-outbreak-slows-across-the-state-and-hospitalizations-ease-photographer-bing-guan-bloomberg.jpg,bnnbloomberg.ca,English,Canada,2021-01-28 07:15:00+00:00,GME
https://marker.medium.com/gamestop-proves-were-in-a-meme-stock-bubble-b3f39163a77f?source=home---------1---------------------123aa6ca_437e_4114_93d2_27ef173c5f90-------7&gi=sd,https://marker.medium.com/amp/p/b3f39163a77f,The Reddit GameStop Boom Proves Were in a  Meme Stock  Bubble,20210128T071500Z,https://miro.medium.com/focal/1200/632/49/25/1*3MN6QX978zrXE_iflM45Bg.jpeg,marker.medium.com,English,United States,2021-01-28 07:15:00+00:00,GME
https://www.gizmodo.com.au/2021/01/australian-mining-company-with-the-same-stock-ticker-as-gamestop-has-seen-its-share-price-surge-today/,https://www.gizmodo.com.au/2021/01/australian-mining-company-with-the-same-stock-ticker-as-gamestop-has-seen-its-share-price-surge-today/amp/,Australian Mining Company With the Same Stock Ticker as GameStop Has Seen its Share Price Surge Today,20210128T071500Z,https://imgix.gizmodo.com.au/content/uploads/sites/2/2021/01/28/gme-resource-limited.jpg?ar=16%3A9&auto=format&fit=crop&q=65,gizmodo.com.au,English,Australia,2021-01-28 07:15:00+00:00,GME
https://www.msn.com/en-us/news/world/gamestop-mania-goes-global-as-retail-traders-gang-up-on-shorts/ar-BB1d9EPh,,GameStop Mania Goes Global as Retail Traders Gang Up on Shorts,20210128T071500Z,,msn.com,English,United States,2021-01-28 07:15:00+00:00,GME
https://marker.medium.com/gamestop-proves-were-in-a-meme-stock-bubble-b3f39163a77f?source=home---------1---------------------02de9af1_25a7_4cb0_8cbb_b83ede818db1-------7&gi=sd,https://marker.medium.com/amp/p/b3f39163a77f,The Reddit GameStop Boom Proves Were in a  Meme Stock  Bubble,20210128T073000Z,https://miro.medium.com/focal/1200/632/49/25/1*3MN6QX978zrXE_iflM45Bg.jpeg,marker.medium.com,English,United States,2021-01-28 07:30:00+00:00,GME
https://www.today.com/tmrw/gamestop-reddit-explainer-what-s-happening-stock-market-t207246,https://www.today.com/today/amp/tdna207246,GameStop ? Reddit ? An explainer on what happening in the stock market,20210128T073000Z,,today.com,English,United States,2021-01-28 07:30:00+00:00,GME
https://marker.medium.com/gamestop-proves-were-in-a-meme-stock-bubble-b3f39163a77f?source=home---------1---------------------c7f03001_364a_4b62_bf9d_f0358c4902bb-------7&gi=sd,https://marker.medium.com/amp/p/b3f39163a77f,The Reddit GameStop Boom Proves Were in a  Meme Stock  Bubble,20210128T074500Z,https://miro.medium.com/focal/1200/632/49/25/1*3MN6QX978zrXE_iflM45Bg.jpeg,marker.medium.com,English,United States,2021-01-28 07:45:00+00:00,GME
https://www.thestar.com.my/business/business-news/2021/01/28/explainer-how-retail-traders-squeezed-wall-street-for-bets-against-gamestop,,EXPLAINER - How retail traders squeezed Wall Street for bets against GameStop,20210128T074500Z,https://apicms.thestar.com.my/uploads/images/2021/01/28/1023871.jpg,thestar.com.my,English,Malaysia,2021-01-28 07:45:00+00:00,GME
https://www.benzinga.com/news/21/01/19361531/gamestop-fever-goes-global-what-you-need-to-know,https://amp.benzinga.com/amp/content/19361531,"Gamestop Corporation ( NYSE : GME ), ( AMC ) - GameStop Fever Goes Global : What You Need To Know",20210128T080000Z,,benzinga.com,English,United States,2021-01-28 08:00:00+00:00,GME
https://marker.medium.com/gamestop-proves-were-in-a-meme-stock-bubble-b3f39163a77f?source=home---------1---------------------399f7db5_4182_4daa_b31d_e0eaf890c381-------7&gi=sd,https://marker.medium.com/amp/p/b3f39163a77f,The Reddit GameStop Boom Proves Were in a  Meme Stock  Bubble,20210128T080000Z,https://miro.medium.com/focal/1200/632/49/25/1*3MN6QX978zrXE_iflM45Bg.jpeg,marker.medium.com,English,United States,2021-01-28 08:00:00+00:00,GME
http://econintersect.com/pages/investing/investing.php?post=202101280056,,Looking For The Next Gamestop ? ,20210128T081500Z,,econintersect.com,English,United States,2021-01-28 08:15:00+00:00,GME
https://marker.medium.com/gamestop-proves-were-in-a-meme-stock-bubble-b3f39163a77f?source=home---------1---------------------38a8fcad_3aa5_4804_92ce_45186bfbbcc3-------7&gi=sd,https://marker.medium.com/amp/p/b3f39163a77f,The Reddit GameStop Boom Proves Were in a  Meme Stock  Bubble,20210128T081500Z,https://miro.medium.com/focal/1200/632/49/25/1*3MN6QX978zrXE_iflM45Bg.jpeg,marker.medium.com,English,United States,2021-01-28 08:15:00+00:00,GME
https://www.thisismoney.co.uk/money/diyinvesting/article-9194053/Gamestonk-Caveat-emptor-Gamestop-saga-FOMO-bubble.html,https://www.thisismoney.co.uk/money/diyinvesting/article-9194053/amp/Gamestonk-Caveat-emptor-Gamestop-saga-FOMO-bubble.html,Gamestonk !! Caveat emptor : The Gamestop saga and the FOMO bubble,20210128T083000Z,https://i.dailymail.co.uk/1s/2021/01/28/07/38569706-0-FILE_In_this_May_7_2020_file_photo_a_GameStop_store_is_seen_in_S-a-4_1611818085985.jpg,thisismoney.co.uk,English,United Kingdom,2021-01-28 08:30:00+00:00,GME
https://marker.medium.com/gamestop-proves-were-in-a-meme-stock-bubble-b3f39163a77f?source=home---------1---------------------990d01e6_f89c_4d1e_a23b_f60a6b5f1f4c-------7&gi=sd,https://marker.medium.com/amp/p/b3f39163a77f,The Reddit GameStop Boom Proves Were in a  Meme Stock  Bubble,20210128T083000Z,https://miro.medium.com/focal/1200/632/49/25/1*3MN6QX978zrXE_iflM45Bg.jpeg,marker.medium.com,English,United States,2021-01-28 08:30:00+00:00,GME
https://marker.medium.com/gamestop-proves-were-in-a-meme-stock-bubble-b3f39163a77f?source=home---------1---------------------54503eda_2625_41a3_98bd_d15735670c72-------7&gi=sd,https://marker.medium.com/amp/p/b3f39163a77f,The Reddit GameStop Boom Proves Were in a  Meme Stock  Bubble,20210128T084500Z,https://miro.medium.com/focal/1200/632/49/25/1*3MN6QX978zrXE_iflM45Bg.jpeg,marker.medium.com,English,United States,2021-01-28 08:45:00+00:00,GME
https://www.theedgemarkets.com/article/gamestop-mania-goes-global-retail-traders-gang-shorts,,GameStop mania goes global as retail traders gang up on shorts,20210128T084500Z,https://assets.theedgemarkets.com/gamestop-94513_reuters.JPG?t8ARQJR.qlSMTCfXpkal5SsJ2Fu23OZk,theedgemarkets.com,English,Malaysia,2021-01-28 08:45:00+00:00,GME
https://www.news18.com/news/buzz/gamestop-memes-surge-on-internet-as-freakish-stock-rise-by-reddit-baffles-wall-street-3353489.html,https://www.news18.com/amp/news/buzz/gamestop-memes-surge-on-internet-as-freakish-stock-rise-by-reddit-baffles-wall-street-3353489.html,GameStop Memes Surge on Internet as Freakish Stock Rise by Reddit Baffles Wall Street,20210128T084500Z,https://images.news18.com/ibnlive/uploads/2021/01/1611814203_untitled-design-2021-01-28t113726.009.png,news18.com,English,India,2021-01-28 08:45:00+00:00,GME
https://marker.medium.com/gamestop-proves-were-in-a-meme-stock-bubble-b3f39163a77f?source=home---------1---------------------fe1914b5_d8df_4c35_82e8_43e605d77e60-------7&gi=sd,https://marker.medium.com/amp/p/b3f39163a77f,The Reddit GameStop Boom Proves Were in a  Meme Stock  Bubble,20210128T090000Z,https://miro.medium.com/focal/1200/632/49/25/1*3MN6QX978zrXE_iflM45Bg.jpeg,marker.medium.com,English,United States,2021-01-28 09:00:00+00:00,GME
https://marker.medium.com/gamestop-proves-were-in-a-meme-stock-bubble-b3f39163a77f?source=home---------1---------------------523c3ee6_e4f4_4a02_866e_ec16c02faad0-------7&gi=sd,https://marker.medium.com/amp/p/b3f39163a77f,The Reddit GameStop Boom Proves Were in a  Meme Stock  Bubble,20210128T091500Z,https://miro.medium.com/focal/1200/632/49/25/1*3MN6QX978zrXE_iflM45Bg.jpeg,marker.medium.com,English,United States,2021-01-28 09:15:00+00:00,GME
https://www.benzinga.com/news/21/01/19361970/melvin-backer-point72-suffers-15-loss-over-gamestop-short-squeeze-nyt,https://amp.benzinga.com/amp/content/19361970,"Gamestop Corporation ( NYSE : GME ), ( AMC ) - Melvin Backer Point72 Suffers 15 % Loss Over GameStop Short Squeeze : NYT",20210128T093000Z,,benzinga.com,English,United States,2021-01-28 09:30:00+00:00,GME
https://marker.medium.com/gamestop-proves-were-in-a-meme-stock-bubble-b3f39163a77f?source=home---------1---------------------941118b8_c03e_420f_a5b8_dc31623eca0f-------7&gi=sd,https://marker.medium.com/amp/p/b3f39163a77f,The Reddit GameStop Boom Proves Were in a  Meme Stock  Bubble,20210128T093000Z,https://miro.medium.com/focal/1200/632/49/25/1*3MN6QX978zrXE_iflM45Bg.jpeg,marker.medium.com,English,United States,2021-01-28 09:30:00+00:00,GME
https://finance.yahoo.com/news/elon-musk-says-discord-gone-034729459.html,https://finance.yahoo.com/amphtml/news/elon-musk-says-discord-gone-034729459.html,Elon Musk Says Discord Gone  Corpo  After It Takes Down WallStreetBets,20210128T093000Z,https://s.yimg.com/uu/api/res/1.2/z_etiEaOlGWJQH6bCzmFNQ--~B/aD00MDA7dz02MDA7YXBwaWQ9eXRhY2h5b24-/https://media.zenfs.com/en/Benzinga/61d0898610f16f2085ed9625edad3198,finance.yahoo.com,English,United States,2021-01-28 09:30:00+00:00,GME
https://www.afr.com/markets/equity-markets/day-trader-raid-rattles-world-stocks-20210128-p56xdg,,GameStop shares : The day trade raid that rattled world stocks,20210128T094500Z,https://static.ffx.io/images/$zoom_0.5298%2C$multiply_0.7554%2C$ratio_1.777778%2C$width_1059%2C$x_0%2C$y_95/t_crop_custom/e_sharpen:25%2Cq_85%2Cf_jpg/t_afr_no_label_no_age_social_wm/e90021b83b8e9df1d8a6b31e278253fbd6daa829,afr.com,English,Australia,2021-01-28 09:45:00+00:00,GME
https://marker.medium.com/gamestop-proves-were-in-a-meme-stock-bubble-b3f39163a77f?source=home---------1---------------------e8901a6d_1699_46f7_a905_739953cd11e4-------7&gi=sd,https://marker.medium.com/amp/p/b3f39163a77f,The Reddit GameStop Boom Proves Were in a  Meme Stock  Bubble,20210128T094500Z,https://miro.medium.com/focal/1200/632/49/25/1*3MN6QX978zrXE_iflM45Bg.jpeg,marker.medium.com,English,United States,2021-01-28 09:45:00+00:00,GME
https://meaww.com/game-stop-owners-founders-george-sherman-history-shares-cost-worth-roaring-kitty-reddit-elon-musk,https://meaww.com/amp/game-stop-owners-founders-george-sherman-history-shares-cost-worth-roaring-kitty-reddit-elon-musk,Who owns GameStop now ? Here how CEO George Sherman 2 . 3 million shares skyrocketed from $7M to $745M,20210128T100000Z,https://cheesecake.articleassets.meaww.com/519162/uploads/7f037f40-6147-11eb-8126-95b6e8b820c9_1200_630.png,meaww.com,English,United States,2021-01-28 10:00:00+00:00,GME
https://marker.medium.com/gamestop-proves-were-in-a-meme-stock-bubble-b3f39163a77f?source=home---------1---------------------7b748d80_6909_45f2_b3c2_85937bc94634-------7&gi=sd,https://marker.medium.com/amp/p/b3f39163a77f,The Reddit GameStop Boom Proves Were in a  Meme Stock  Bubble,20210128T100000Z,https://miro.medium.com/focal/1200/632/49/25/1*3MN6QX978zrXE_iflM45Bg.jpeg,marker.medium.com,English,United States,2021-01-28 10:00:00+00:00,GME
https://forbes.cz/gamestonk-jak-se-zrodilo-akciove-silenstvi-ve-kterem-wall-street-dostava-ochutnat-svou-medicinu-a-elon-musk-se-bavi/,,"Gamestonk ! Jak se zrodilo akciové šílenství , ve kterém Wall Street dostává ochutnat svou medicínu a Elon Musk se baví",20210128T100000Z,https://cdn.forbesmedia.cz/images/eyJ1IjoiXC91cGxvYWRzXC8yMDIxXC8wMVwvd2FsbC1zdHJlZXQuanBnIiwidyI6MjQ2MCwidiI6IjEuMCJ9.jpg,forbes.cz,Czech,,2021-01-28 10:00:00+00:00,GME
https://marker.medium.com/gamestop-proves-were-in-a-meme-stock-bubble-b3f39163a77f?source=home---------1---------------------ecc4c571_35af_46af_95fe_59f41cefd448-------7&gi=sd,https://marker.medium.com/amp/p/b3f39163a77f,The Reddit GameStop Boom Proves Were in a  Meme Stock  Bubble,20210128T101500Z,https://miro.medium.com/focal/1200/632/49/25/1*3MN6QX978zrXE_iflM45Bg.jpeg,marker.medium.com,English,United States,2021-01-28 10:15:00+00:00,GME
https://www.albawaba.com/business/how-reddit-users-managed-take-wall-street-1407780,https://www.albawaba.com/amp/business/how-reddit-users-managed-take-wall-street-1407780,How Reddit Users Managed to Take On Wall Street,20210128T103000Z,https://www.albawaba.com/sites/default/files/styles/default/public/im_new/areej/Gamestop_shutterstock_28Jan21.jpg?itok=Sj7zPQCH,albawaba.com,English,Israel,2021-01-28 10:30:00+00:00,GME
https://marker.medium.com/gamestop-proves-were-in-a-meme-stock-bubble-b3f39163a77f?source=home---------1---------------------d1d77eeb_03e9_4f1a_ba12_b5397413b852-------7&gi=sd,https://marker.medium.com/amp/p/b3f39163a77f,The Reddit GameStop Boom Proves Were in a  Meme Stock  Bubble,20210128T103000Z,https://miro.medium.com/focal/1200/632/49/25/1*3MN6QX978zrXE_iflM45Bg.jpeg,marker.medium.com,English,United States,2021-01-28 10:30:00+00:00,GME
https://marker.medium.com/gamestop-proves-were-in-a-meme-stock-bubble-b3f39163a77f?source=home---------1---------------------53e60275_4288_4269_9acb_ca8e235895e8-------7&gi=sd,https://marker.medium.com/amp/p/b3f39163a77f,The Reddit GameStop Boom Proves Were in a  Meme Stock  Bubble,20210128T104500Z,https://miro.medium.com/focal/1200/632/49/25/1*3MN6QX978zrXE_iflM45Bg.jpeg,marker.medium.com,English,United States,2021-01-28 10:45:00+00:00,GME
https://www.msn.com/en-gb/money/other/what-to-watch-easyjet-and-wizz-air-revenues-plummet-global-stocks-sell-off-and-diageo-hikes-divi/ar-BB1dafXv,,"What to watch : EasyJet and Wizz air revenues plummet , global stocks sell - off , and Diageo hikes divi",20210128T104500Z,,msn.com,English,United States,2021-01-28 10:45:00+00:00,GME
https://www.techtimes.com/articles/256409/20210127/gamestop-elon-musk-robinhood-reddit-up-app.htm,https://www.techtimes.com/amp/articles/256409/20210127/gamestop-elon-musk-robinhood-reddit-up-app.htm,"GameStop ,  King Maker  Elon Musk Push Robinhood and Reddit Up the App Store Charts",20210128T110000Z,https://1734811051.rsc.cdn77.org/data/images/full/379532/gamestop-and-king-maker-elon-musk-push-robinhood-and-reddit-up-the-app-store-charts.jpg,techtimes.com,English,United States,2021-01-28 11:00:00+00:00,GME
https://www.msn.com/en-us/money/savingandinvesting/big-short-investor-michael-burry-says-tesla-isnt-gamestop-and-wall-street-bets-shouldnt-be-taken-down/ar-BB1daus0,,  Big Short  investor Michael Burry says Tesla isnt GameStop - and Wall Street Bets shouldnt be taken down,20210128T110000Z,,msn.com,English,United States,2021-01-28 11:00:00+00:00,GME
https://www.albawaba.com/business/reddits-traders-battle-against-wall-street-bets-spills-over-europe-1407799,https://www.albawaba.com/amp/business/reddits-traders-battle-against-wall-street-bets-spills-over-europe-1407799,Reddit Traders Battle Against Wall Street Bets Spills Over Into Europe,20210128T110000Z,https://www.albawaba.com/sites/default/files/styles/default/public/im_new/areej/Wall%20street_shutterstock_28Jan21.jpg?itok=hGzJ1sCT,albawaba.com,English,Israel,2021-01-28 11:00:00+00:00,GME
https://marker.medium.com/gamestop-proves-were-in-a-meme-stock-bubble-b3f39163a77f?source=home---------1---------------------ed255f41_a000_4bdf_895f_f965763bd8e6-------7&gi=sd,https://marker.medium.com/amp/p/b3f39163a77f,The Reddit GameStop Boom Proves Were in a  Meme Stock  Bubble,20210128T110000Z,https://miro.medium.com/focal/1200/632/49/25/1*3MN6QX978zrXE_iflM45Bg.jpeg,marker.medium.com,English,United States,2021-01-28 11:00:00+00:00,GME
https://www.sudouest.fr/2021/01/28/hausse-de-l-action-gamestop-comment-des-boursicoteurs-ont-fait-vaciller-wall-street-8339599-705.php,https://www.sudouest.fr/2021/01/28/hausse-de-l-action-gamestop-comment-des-boursicoteurs-ont-fait-vaciller-wall-street-8339599-705.amp.html,Hausse de laction GameStop : comment des boursicoteurs ont fait vaciller Wall Street ? ,20210128T111500Z,https://images.sudouest.fr/2021/01/28/60128a9966a4bd2e43392e5f/golden/gamestop-est-monte-de.jpg,sudouest.fr,French,France,2021-01-28 11:15:00+00:00,GME
https://www.msn.com/en-gb/money/other/what-to-watch-easyjet-and-wizz-air-revenues-plummet-global-stocks-sell-off-and-diageo-hikes-divi/ar-BB1dafXv?MSCC=1605820176,,"What to watch : EasyJet and Wizz air revenues plummet , global stocks sell - off , and Diageo hikes divi",20210128T111500Z,,msn.com,English,United States,2021-01-28 11:15:00+00:00,GME
https://www.nordeclair.fr/926716/article/2021-01-28/gamestop-comment-des-boursicoteurs-sur-reddit-ont-declenche-une-revolte,,GameStop : comment des boursicoteurs sur Reddit ont déclenché une révolte boursière mondiale,20210128T111500Z,https://lvdneng.rosselcdn.net/sites/default/files/dpistyles_v2/ena_16_9_extra_big/2021/01/28/node_926716/50307802/public/2021/01/28/B9725956440Z.1_20210128093733_000%2BGMQHG8GS3.1-0.jpg?itok=Jx-m8quQ1611825395,nordeclair.fr,French,France,2021-01-28 11:15:00+00:00,GME
https://www.benzinga.com/news/21/01/19362380/top-10-stocks-wallstreetbets-users-are-talking-about-today,https://amp.benzinga.com/amp/content/19362380,"First Majestic Silver Corp . ( NYSE : AG ), ( AMC ) - Top 10 Stocks WallStreetBets Users Are Talking About Today",20210128T111500Z,,benzinga.com,English,United States,2021-01-28 11:15:00+00:00,GME
https://marker.medium.com/gamestop-proves-were-in-a-meme-stock-bubble-b3f39163a77f?source=home---------1---------------------0f6f389b_5598_4d40_804d_fd60325fb778-------7&gi=sd,https://marker.medium.com/amp/p/b3f39163a77f,The Reddit GameStop Boom Proves Were in a  Meme Stock  Bubble,20210128T111500Z,https://miro.medium.com/focal/1200/632/49/25/1*3MN6QX978zrXE_iflM45Bg.jpeg,marker.medium.com,English,United States,2021-01-28 11:15:00+00:00,GME
https://www.lavoixdunord.fr/926716/article/2021-01-28/gamestop-comment-des-boursicoteurs-sur-reddit-ont-declenche-une-revolte,https://www.lavoixdunord.fr/926716/article/2021-01-28/gamestop-comment-des-boursicoteurs-sur-reddit-ont-declenche-une-revolte?amp,GameStop : comment des boursicoteurs sur Reddit ont déclenché une révolte boursière mondiale,20210128T111500Z,https://lvdneng.rosselcdn.net/sites/default/files/dpistyles_v2/ena_16_9_extra_big/2021/01/28/node_926716/50307802/public/2021/01/28/B9725956440Z.1_20210128093733_000%2BGMQHG8GS3.1-0.jpg?itok=Jx-m8quQ1611825395,lavoixdunord.fr,French,France,2021-01-28 11:15:00+00:00,GME
https://www.msn.com/en-gb/money/other/what-to-watch-easyjet-and-wizz-air-revenues-plummet-global-stocks-sell-off-and-diageo-hikes-divi/ar-BB1dafXv?MSCC=1603918949,,"What to watch : EasyJet and Wizz air revenues plummet , global stocks sell - off , and Diageo hikes divi",20210128T113000Z,,msn.com,English,United States,2021-01-28 11:30:00+00:00,GME
https://marker.medium.com/gamestop-proves-were-in-a-meme-stock-bubble-b3f39163a77f?source=home---------1---------------------db5e54b5_8c23_4b0b_b29a_624ae7c08f07-------7&gi=sd,https://marker.medium.com/amp/p/b3f39163a77f,The Reddit GameStop Boom Proves Were in a  Meme Stock  Bubble,20210128T113000Z,https://miro.medium.com/focal/1200/632/49/25/1*3MN6QX978zrXE_iflM45Bg.jpeg,marker.medium.com,English,United States,2021-01-28 11:30:00+00:00,GME
https://www.dailymail.co.uk/news/article-9196923/Reddit-group-planning-drive-American-Airlines-stock-sending-GameStop-shares-up.html,https://www.dailymail.co.uk/news/article-9196923/amp/Reddit-group-planning-drive-American-Airlines-stock-sending-GameStop-shares-up.html,Reddit group now planning to drive up American Airlines stock after sending GameStop shares up,20210128T114500Z,https://i.dailymail.co.uk/1s/2021/01/27/22/38559408-0-image-a-63_1611786199061.jpg,dailymail.co.uk,English,United Kingdom,2021-01-28 11:45:00+00:00,GME
https://www.fool.co.uk/investing/2021/01/28/should-i-buy-gamestop-and-amc-stock-for-my-isa/,,Should I buy GameStop and AMC stock for my ISA ? ,20210128T114500Z,https://1gb82h2px4rr3s7tp94g0nt1-wpengine.netdna-ssl.com/wp-content/uploads/2018/01/SellSignal.jpg,fool.co.uk,English,United Kingdom,2021-01-28 11:45:00+00:00,GME
https://marker.medium.com/gamestop-proves-were-in-a-meme-stock-bubble-b3f39163a77f?source=home---------1---------------------b4c209b6_be9c_4646_b732_187130a96b43-------7&gi=sd,https://marker.medium.com/amp/p/b3f39163a77f,The Reddit GameStop Boom Proves Were in a  Meme Stock  Bubble,20210128T114500Z,https://miro.medium.com/focal/1200/632/49/25/1*3MN6QX978zrXE_iflM45Bg.jpeg,marker.medium.com,English,United States,2021-01-28 11:45:00+00:00,GME
https://marker.medium.com/gamestop-proves-were-in-a-meme-stock-bubble-b3f39163a77f?source=home---------1---------------------f0e9a94c_5e6c_4dac_85b8_dd3229ae4dc7-------7&gi=sd,https://marker.medium.com/amp/p/b3f39163a77f,The Reddit GameStop Boom Proves Were in a  Meme Stock  Bubble,20210128T120000Z,https://miro.medium.com/focal/1200/632/49/25/1*3MN6QX978zrXE_iflM45Bg.jpeg,marker.medium.com,English,United States,2021-01-28 12:00:00+00:00,GME
https://marker.medium.com/gamestop-proves-were-in-a-meme-stock-bubble-b3f39163a77f?source=home---------1---------------------2c5a2792_f9d0_4ef5_ab39_cd43379d6a05-------7&gi=sd,https://marker.medium.com/amp/p/b3f39163a77f,The Reddit GameStop Boom Proves Were in a  Meme Stock  Bubble,20210128T121500Z,https://miro.medium.com/focal/1200/632/49/25/1*3MN6QX978zrXE_iflM45Bg.jpeg,marker.medium.com,English,United States,2021-01-28 12:15:00+00:00,GME
https://www.newsweek.com/small-investors-vow-hold-line-against-wall-street-jokes-memes-1565054,https://www.newsweek.com/small-investors-vow-hold-line-against-wall-street-jokes-memes-1565054?amp=1,"Small Investors Vow To  Hold the Line  Against Wall Street , Share Memes and Jokes",20210128T123000Z,https://d.newsweek.com/en/full/1718921/gamestop.jpg,newsweek.com,English,United States,2021-01-28 12:30:00+00:00,GME
https://marker.medium.com/gamestop-proves-were-in-a-meme-stock-bubble-b3f39163a77f?source=home---------1---------------------7ebde102_d235_47ec_804d_a57239abec88-------7&gi=sd,https://marker.medium.com/amp/p/b3f39163a77f,The Reddit GameStop Boom Proves Were in a  Meme Stock  Bubble,20210128T123000Z,https://miro.medium.com/focal/1200/632/49/25/1*3MN6QX978zrXE_iflM45Bg.jpeg,marker.medium.com,English,United States,2021-01-28 12:30:00+00:00,GME
https://thetab.com/uk/2021/01/28/gamestop-stocks-reddit-192472,,GameStop stocks : Why everyone talking about Reddit and Wall Street,20210128T124500Z,https://media.thetab.com/blogs.dir/90/files/2021/01/screenshot-2021-01-28-at-114926.png,thetab.com,English,United Kingdom,2021-01-28 12:45:00+00:00,GME
https://www.gamerevolution.com/tech/672905-how-to-fix-trading-212-couldnt-load-data-error,https://www.gamerevolution.com/tech/672905-how-to-fix-trading-212-couldnt-load-data-error?amp,How to fix Trading 212  Couldnt Load Data  error,20210128T124500Z,https://www.gamerevolution.com/assets/uploads/2021/01/trading-212-couldnt-load-data.jpg,gamerevolution.com,English,Japan,2021-01-28 12:45:00+00:00,GME
https://marker.medium.com/gamestop-proves-were-in-a-meme-stock-bubble-b3f39163a77f?source=home---------1---------------------541b5ad7_2333_4e14_9ca6_6a978747938b-------7&gi=sd,https://marker.medium.com/amp/p/b3f39163a77f,The Reddit GameStop Boom Proves Were in a  Meme Stock  Bubble,20210128T124500Z,https://miro.medium.com/focal/1200/632/49/25/1*3MN6QX978zrXE_iflM45Bg.jpeg,marker.medium.com,English,United States,2021-01-28 12:45:00+00:00,GME
https://www.forbes.com/sites/roberthart/2021/01/28/its-doge-time-dogecoin-surges-as-reddit-traders-push-to-make-it-the-crypto-gamestop/,https://www.forbes.com/sites/roberthart/2021/01/28/its-doge-time-dogecoin-surges-as-reddit-traders-push-to-make-it-the-crypto-gamestop/amp/,  It Doge Time : Dogecoin Surges As Reddit Traders Push To Make It The Crypto GameStop,20210128T130000Z,https://thumbor.forbes.com/thumbor/fit-in/1200x0/filters%3Aformat%28jpg%29/https%3A%2F%2Fspecials-images.forbesimg.com%2Fimageserve%2F6012afcfb3c66bbb252c3580%2F0x0.jpg%3FcropX1%3D0%26cropX2%3D9355%26cropY1%3D0%26cropY2%3D6240,forbes.com,English,United States,2021-01-28 13:00:00+00:00,GME
https://marker.medium.com/gamestop-proves-were-in-a-meme-stock-bubble-b3f39163a77f?source=home---------1---------------------1ed3d516_8b9b_4a8f_87b7_d596d201c604-------7&gi=sd,https://marker.medium.com/amp/p/b3f39163a77f,The Reddit GameStop Boom Proves Were in a  Meme Stock  Bubble,20210128T130000Z,https://miro.medium.com/focal/1200/632/49/25/1*3MN6QX978zrXE_iflM45Bg.jpeg,marker.medium.com,English,United States,2021-01-28 13:00:00+00:00,GME
https://www.marketwatch.com/story/amc-entertainment-to-issue-444-million-shares-as-investors-opt-to-convert-600-million-of-convertible-debt-2021-01-28,https://www.marketwatch.com/amp/story/amc-entertainment-to-issue-444-million-shares-as-investors-opt-to-convert-600-million-of-convertible-debt-2021-01-28,AMC Entertainment to issue 44 . 4 million shares as investors opt to convert $600 million of convertible debt,20210128T131500Z,https://s.wsj.net/public/resources/MWimages/MW-GP644_MicroS_ZG_20180906154215.jpg,marketwatch.com,English,United States,2021-01-28 13:15:00+00:00,GME
https://www.newsweek.com/gamestop-stock-update-price-surge-reddit-wallstreetbets-citron-melvin-capital-close-1565074,https://www.newsweek.com/gamestop-stock-update-price-surge-reddit-wallstreetbets-citron-melvin-capital-close-1565074?amp=1,Gamestop Stock Update as Reddit Investors Continue War With Wall Street,20210128T131500Z,https://d.newsweek.com/en/full/1718934/gamestop-store-nyc-january-2021.jpg,newsweek.com,English,United States,2021-01-28 13:15:00+00:00,GME
https://marker.medium.com/gamestop-proves-were-in-a-meme-stock-bubble-b3f39163a77f?source=home---------1---------------------775add12_4001_4394_ab5e_54b94e398a19-------7&gi=sd,https://marker.medium.com/amp/p/b3f39163a77f,The Reddit GameStop Boom Proves Were in a  Meme Stock  Bubble,20210128T131500Z,https://miro.medium.com/focal/1200/632/49/25/1*3MN6QX978zrXE_iflM45Bg.jpeg,marker.medium.com,English,United States,2021-01-28 13:15:00+00:00,GME
https://www.theglobeandmail.com/investing/investment-ideas/article-we-love-this-stock-gamestop-continues-to-rise-as-its-impact-grows/,,  We love this stock : GameStop continues to rise as its impact grows,20210128T133000Z,https://www.theglobeandmail.com/resizer/O0x1Mvn5NRKuE_JewmKQby3Noyo=/1200x0/filters:quality(80)/cloudfront-us-east-1.images.arcpublishing.com/tgam/VKW3DONVRBPXHJ6OPVAB26HECI.jpg,theglobeandmail.com,English,Canada,2021-01-28 13:30:00+00:00,GME
https://insidebitcoins.com/news/need-for-decentralization-highlighted-through-gamestop-short-squeeze,,Need For Decentralization Highlighted Through Gamestop Short Squeeze,20210128T133000Z,https://insidebitcoins.com/wp-content/uploads/2021/01/Need-For-Decentralization-Highlighted-Through-Gamestop-Short-Squeeze.jpg,insidebitcoins.com,English,United States,2021-01-28 13:30:00+00:00,GME
https://www.24con.com/nota/204232-el-caso-de-gamestop-unico-en-la-historia-y-que-hace-temblar-a-wall-street/,https://www.24con.com/amp/204232-el-caso-de-gamestop-unico-en-la-historia-y-hace-temblar-a-wall-street/,El caso de  GameStop : único en la historia y hace temblar a Wall Street,20210128T133000Z,https://www.24con.com/files/image/289/289675/6012af774b0d4_600_315!.jpg?s=76ac97c7b4065f5da37ce9400da81ded&d=1611839605,24con.com,Spanish,Argentina,2021-01-28 13:30:00+00:00,GME
https://marker.medium.com/gamestop-proves-were-in-a-meme-stock-bubble-b3f39163a77f?source=home---------1---------------------d57f4008_a672_4b52_ac33_b5fc51c070f6-------7&gi=sd,https://marker.medium.com/amp/p/b3f39163a77f,The Reddit GameStop Boom Proves Were in a  Meme Stock  Bubble,20210128T133000Z,https://miro.medium.com/focal/1200/632/49/25/1*3MN6QX978zrXE_iflM45Bg.jpeg,marker.medium.com,English,United States,2021-01-28 13:30:00+00:00,GME
https://www.zerohedge.com/markets/gamestop-soars-500-most-shorted-stocks-resume-surge,,Gamestop Soars To $500 As Most - Shorted Stocks Resume Surge,20210128T134500Z,https://zh-prod-1cc738ca-7d3b-4a72-b792-20bd8d8fa069.storage.googleapis.com/s3fs-public/styles/16_9_max_700/public/2021-01/GME%201.28.jpg?itok=6kRqorWU,zerohedge.com,English,United States,2021-01-28 13:45:00+00:00,GME
https://www.bizpacreview.com/2021/01/28/payne-on-wall-st-spectacle-little-guys-turned-the-tables-taking-down-billionaires-who-play-the-same-game-1022430/,,"Payne on Wall St spectacle : Little guys turned the tables , taking down billionaires who play the same game",20210128T134500Z,https://www.bizpacreview.com/wp-content/uploads/2021/01/SG-SG-Tucker-Carlson-Charles-Payne-split-1200x630.jpg,bizpacreview.com,English,United States,2021-01-28 13:45:00+00:00,GME
https://marker.medium.com/gamestop-proves-were-in-a-meme-stock-bubble-b3f39163a77f?source=home---------1---------------------c56241a3_8aed_4387_8c9c_3c63bc30aec3-------7&gi=sd,https://marker.medium.com/amp/p/b3f39163a77f,The Reddit GameStop Boom Proves Were in a  Meme Stock  Bubble,20210128T134500Z,https://miro.medium.com/focal/1200/632/49/25/1*3MN6QX978zrXE_iflM45Bg.jpeg,marker.medium.com,English,United States,2021-01-28 13:45:00+00:00,GME
https://mrtopstep.com/bloomberg-5-things-to-start-your-day-69/,https://mrtopstep.com/bloomberg-5-things-to-start-your-day-69/amp/,Bloomberg : 5 things to start your day | MrTopStep . com LLC,20210128T134500Z,https://mrtopstep.com/wp-content/uploads/2021/01/1x-1-26.png,mrtopstep.com,English,United States,2021-01-28 13:45:00+00:00,GME
https://www.newsweek.com/dogecoin-satoshistreetbets-crypoturrency-price-rise-wallstreetbets-reddit-short-sellers-1565082,https://www.newsweek.com/dogecoin-satoshistreetbets-crypoturrency-price-rise-wallstreetbets-reddit-short-sellers-1565082?amp=1,Dogecoin Joke Cryptocurrency Spikes As r / WallStreetBets Redditors Troll Hedge Funds,20210128T134500Z,https://d.newsweek.com/en/full/1718970/dogecoin.jpg,newsweek.com,English,United States,2021-01-28 13:45:00+00:00,GME
https://marker.medium.com/gamestop-proves-were-in-a-meme-stock-bubble-b3f39163a77f?source=home---------1---------------------b3b9f224_6d60_43d3_92bf_20851d5f1392-------7&gi=sd,https://marker.medium.com/amp/p/b3f39163a77f,The Reddit GameStop Boom Proves Were in a  Meme Stock  Bubble,20210128T140000Z,https://miro.medium.com/focal/1200/632/49/25/1*3MN6QX978zrXE_iflM45Bg.jpeg,marker.medium.com,English,United States,2021-01-28 14:00:00+00:00,GME
https://www.msn.com/en-us/news/technology/dogecoin-joke-cryptocurrency-spikes-as-rwallstreetbets-redditors-troll-hedge-funds/ar-BB1daV6k,,Dogecoin Joke Cryptocurrency Spikes As r / WallStreetBets Redditors Troll Hedge Funds,20210128T140000Z,,msn.com,English,United States,2021-01-28 14:00:00+00:00,GME
https://www.dailymail.co.uk/news/article-9197571/GameStop-rises-40-Robinhood-limits-buying.html,https://www.dailymail.co.uk/news/article-9197571/amp/GameStop-rises-40-Robinhood-limits-buying.html,GameStop rises ANOTHER 40 % and Robinhood limits buying,20210128T141500Z,https://i.dailymail.co.uk/1s/2021/01/28/11/38587626-0-image-a-4_1611834040489.jpg,dailymail.co.uk,English,United Kingdom,2021-01-28 14:15:00+00:00,GME
https://marker.medium.com/gamestop-proves-were-in-a-meme-stock-bubble-b3f39163a77f?source=home---------1---------------------e1f84c08_830f_464e_b28c_d22869e1885a-------7&gi=sd,https://marker.medium.com/amp/p/b3f39163a77f,The Reddit GameStop Boom Proves Were in a  Meme Stock  Bubble,20210128T141500Z,https://miro.medium.com/focal/1200/632/49/25/1*3MN6QX978zrXE_iflM45Bg.jpeg,marker.medium.com,English,United States,2021-01-28 14:15:00+00:00,GME
https://marker.medium.com/gamestop-proves-were-in-a-meme-stock-bubble-b3f39163a77f?source=home---------1---------------------4e777715_b287_412e_8bef_b8019dacd904-------7&gi=sd,https://marker.medium.com/amp/p/b3f39163a77f,The Reddit GameStop Boom Proves Were in a  Meme Stock  Bubble,20210128T143000Z,https://miro.medium.com/focal/1200/632/49/25/1*3MN6QX978zrXE_iflM45Bg.jpeg,marker.medium.com,English,United States,2021-01-28 14:30:00+00:00,GME
https://marker.medium.com/gamestop-proves-were-in-a-meme-stock-bubble-b3f39163a77f?source=home---------1---------------------dd62a617_0e08_451e_8b09_74644f486396-------7&gi=sd,https://marker.medium.com/amp/p/b3f39163a77f,The Reddit GameStop Boom Proves Were in a  Meme Stock  Bubble,20210128T144500Z,https://miro.medium.com/focal/1200/632/49/25/1*3MN6QX978zrXE_iflM45Bg.jpeg,marker.medium.com,English,United States,2021-01-28 14:45:00+00:00,GME
https://www.newsweek.com/robinhood-stops-gamestop-amc-stock-trading-1565122,https://www.newsweek.com/robinhood-stops-gamestop-amc-stock-trading-1565122?amp=1,"Robinhood Stops GME and AMC Stock Trading , Outraging Investors",20210128T144500Z,https://d.newsweek.com/en/full/1719000/gamestop-hollywood.jpg,newsweek.com,English,United States,2021-01-28 14:45:00+00:00,GME
https://www.telegraph.co.uk/technology/2021/01/28/reddit-trader-reveals-wall-street-hedge-funds-ruined-childhood/,https://www.telegraph.co.uk/technology/2021/01/28/reddit-trader-reveals-wall-street-hedge-funds-ruined-childhood/amp/,Reddit trader reveals how Wall Street hedge funds ruined his childhood,20210128T144500Z,,telegraph.co.uk,English,United Kingdom,2021-01-28 14:45:00+00:00,GME
https://www.fxstreet.com/news/gamestop-gme-tumbles-over-25-as-robinhood-puts-shares-on-reduce-only-mode-202101281424,https://www.fxstreet.com/amp/news/gamestop-gme-tumbles-over-25-as-robinhood-puts-shares-on-reduce-only-mode-202101281424,Gamestop ( GME ) tumbles over 25 % as Robinhood puts shares on  reduce only  mode,20210128T144500Z,https://editorial.fxstreet.com/images/Markets/Equities/iStock_000017292947_Large_Large.jpg,fxstreet.com,English,China,2021-01-28 14:45:00+00:00,GME
https://www.theverge.com/2021/1/28/22254102/robinhood-gamestop-bloc-stock-purchase-amc-reddit-wsb,https://www.theverge.com/platform/amp/2021/1/28/22254102/robinhood-gamestop-bloc-stock-purchase-amc-reddit-wsb,"Robinhood blocks purchase of GameStop , AMC , and BlackBerry stock",20210128T144500Z,https://cdn.vox-cdn.com/thumbor/2CaVxQnIHH1tHWCF-NmJdG44k5g=/0x81:1024x617/fit-in/1200x630/cdn.vox-cdn.com/assets/2403029/nyse_5.jpg,theverge.com,English,United States,2021-01-28 14:45:00+00:00,GME
https://realmoney.thestreet.com/investing/stocks/a-yippee-ki-yay-spirit-suddenly-has-risen-to-rattle-the-markets-in-2021-15551378,,A  Yippee Ki Yay  Spirit Suddenly Has Risen to Rattle the Markets in 2021,20210128T144500Z,http://s.thestreet.com/files/tsc/v2008/photos/contrib/uploads/17ac8471-6172-11eb-85e5-81670413a902.jpg,realmoney.thestreet.com,English,United States,2021-01-28 14:45:00+00:00,GME
https://www.commercialappeal.com/story/tech/news/2021/01/27/gamestop-amc-shares-jump-traders-reddit-band-together/4275566001/,https://amp.commercialappeal.com/amp/4275566001,"GameStop , AMC shares jump as traders on Reddit band together",20210128T150000Z,https://www.gannett-cdn.com/-mm-/d8d0774057d19139d16e6ede624d76e89947662d/c=1-0-1365-767/local/-/media/2021/01/25/USATODAY/usatsports/247WallSt.com-247WS-832901-imageforentry7-wdm.jpg?&fit=crop,commercialappeal.com,English,United States,2021-01-28 15:00:00+00:00,GME
https://marker.medium.com/gamestop-proves-were-in-a-meme-stock-bubble-b3f39163a77f?source=home---------1---------------------1217f1ea_38b7_4d0f_9443_d447b9d5a024-------7&gi=sd,https://marker.medium.com/amp/p/b3f39163a77f,The Reddit GameStop Boom Proves Were in a  Meme Stock  Bubble,20210128T150000Z,https://miro.medium.com/focal/1200/632/49/25/1*3MN6QX978zrXE_iflM45Bg.jpeg,marker.medium.com,English,United States,2021-01-28 15:00:00+00:00,GME
https://www.theglobeandmail.com/investing/markets/inside-the-market/article-market-movers-stocks-seeing-action-on-thursday-and-why-80/,,Market movers : Stocks seeing action on Thursday - and why,20210128T151500Z,https://www.theglobeandmail.com/resizer/_6Ip5WiZyPBCBIxe4vpAnya4oXg=/1200x0/filters:quality(80)/cloudfront-us-east-1.images.arcpublishing.com/tgam/RXLXHDMHI5KWNCNGKBRPDGAILI.JPG,theglobeandmail.com,English,Canada,2021-01-28 15:15:00+00:00,GME
https://www.cnn.com/business/live-news/wallstreetbets-reddit-vs-wall-street/,https://amp.cnn.com/cnn/business/live-news/wallstreetbets-reddit-vs-wall-street/index.html,Live updates : Wallstreetbets Reddit thread takes on Wall Street hedge funds,20210128T151500Z,https://cdn.cnn.com/cnnnext/dam/assets/210128072939-03-gamestop-store-file-2020-restricted-super-tease.jpg,cnn.com,English,United States,2021-01-28 15:15:00+00:00,GME
https://abc7ny.com/finance/robinhood-limits-trades-of-gamestop-other-companies/10086792/,https://abc7ny.com/amp/gamestop-stock-hedge-funds-save-amc-meme/10086792,GameStop Stock : Robinhood limits trades amid market volatility,20210128T151500Z,https://cdn.abcotvs.com/dip/images/10087570_012821-wpvi-gamestop-stock-4am-vid.jpg,abc7ny.com,English,United States,2021-01-28 15:15:00+00:00,GME
https://abc11.com/finance/robinhood-limits-trades-of-gamestop-other-companies/10086792/,https://abc11.com/amp/gamestop-stock-hedge-funds-save-amc-meme/10086792,GameStop Stock : Robinhood limits trades amid market volatility,20210128T151500Z,https://cdn.abcotvs.com/dip/images/10087570_012821-wpvi-gamestop-stock-4am-vid.jpg,abc11.com,English,United States,2021-01-28 15:15:00+00:00,GME
https://www.slashgear.com/robinhood-block-purchases-gamestop-amc-blackberry-nokia-volatile-stock-28657199/,https://www.slashgear.com/robinhood-block-purchases-gamestop-amc-blackberry-nokia-volatile-stock-28657199/amp/,Robinhood GameStop purchase block includes AMC and other  volatile  stock,20210128T151500Z,,slashgear.com,English,United States,2021-01-28 15:15:00+00:00,GME
https://marker.medium.com/gamestop-proves-were-in-a-meme-stock-bubble-b3f39163a77f?source=home---------1---------------------559b1f98_ebfc_4a1f_b086_ffbaa149d994-------7&gi=sd,https://marker.medium.com/amp/p/b3f39163a77f,The Reddit GameStop Boom Proves Were in a  Meme Stock  Bubble,20210128T151500Z,https://miro.medium.com/focal/1200/632/49/25/1*3MN6QX978zrXE_iflM45Bg.jpeg,marker.medium.com,English,United States,2021-01-28 15:15:00+00:00,GME
https://www.malaymail.com/news/malaysia/2021/01/28/inspired-by-gamestop-surge-bursabets-starts-drive-for-local-glovemakers-sha/1944916,https://www.malaymail.com/amp/news/malaysia/2021/01/28/inspired-by-gamestop-surge-bursabets-starts-drive-for-local-glovemakers-sha/1944916,"Inspired by GameStop surge ,  BursaBet starts drive for local glovemaker shares in a country where short - selling is regulated | Malaysia",20210128T151500Z,https://media2.malaymail.com/resize_cache/uploads/articles/2021/2021-01/bursabets_280121-seo.jpg,malaymail.com,English,United States,2021-01-28 15:15:00+00:00,GME
https://marker.medium.com/gamestop-proves-were-in-a-meme-stock-bubble-b3f39163a77f?source=home---------1---------------------b532a028_8785_4313_abd2_6073b2767c61-------7&gi=sd,https://marker.medium.com/amp/p/b3f39163a77f,The Reddit GameStop Boom Proves Were in a  Meme Stock  Bubble,20210128T153000Z,https://miro.medium.com/focal/1200/632/49/25/1*3MN6QX978zrXE_iflM45Bg.jpeg,marker.medium.com,English,United States,2021-01-28 15:30:00+00:00,GME
https://www.parismatch.com/Actu/Economie/Operation-GameStop-des-geeks-mettent-les-barons-de-Wall-Street-a-genoux-1722475,https://amp.parismatch.com/Actu/Economie/Operation-GameStop-des-geeks-mettent-les-barons-de-Wall-Street-a-genoux-1722475,Opération GameStop : des geeks mettent les barons de Wall Street à genoux,20210128T153000Z,"https://resize-parismatch.lanmedia.fr/r/940,628/img/var/news/storage/images/paris-match/actu/economie/operation-gamestop-des-geeks-mettent-les-barons-de-wall-street-a-genoux-1722475/28401703-1-fre-FR/Operation-GameStop-des-geeks-mettent-les-barons-de-Wall-Street-a-genoux.jpg",parismatch.com,French,France,2021-01-28 15:30:00+00:00,GME
https://www.clickondetroit.com/tech/2021/01/28/robinhood-appears-to-halt-support-on-reddit-driven-gamestop-amc-stocks/,https://www.clickondetroit.com/tech/2021/01/28/robinhood-appears-to-halt-support-on-reddit-driven-gamestop-amc-stocks/?outputType=amp,"Robinhood restricts Reddit - driven GameStop , AMC , Nokia stocks , cites  market volatility  ",20210128T153000Z,https://www.clickondetroit.com/resizer/CBhxdUbaywDRDvXddxn4rA8ilrU=/1600x1066/smart/filters:format(jpeg):strip_exif(true):strip_icc(true):no_upscale(true):quality(65)/cloudfront-us-east-1.images.arcpublishing.com/gmg/6NJFIQVELJGCXNR6IWJK2AKG4A.jpg,clickondetroit.com,English,United States,2021-01-28 15:30:00+00:00,GME
https://twitchy.com/sarahd-313035/2021/01/28/how-is-this-legal-investment-companies-like-robinhood-are-blocking-purchases-of-gamestop-et-al-effectively-using-a-hammer-on-free-markets/,https://twitchy.com/sarahd-313035/2021/01/28/how-is-this-legal-investment-companies-like-robinhood-are-blocking-purchases-of-gamestop-et-al-effectively-using-a-hammer-on-free-markets/amp/,"  How is this legal ? Investment companies like Robinhood are blocking purchases of GameStop et al ., effectively  using a hammer on free markets  ",20210128T153000Z,https://twitchy.com/wp-content/uploads/2021/01/what-the-hell-is-going-on_new.jpg,twitchy.com,English,United States,2021-01-28 15:30:00+00:00,GME
https://www.fool.ca/2021/01/28/beware-of-reddit-pumped-blackberry-stock-gme-and-amc/,https://www.fool.ca/2021/01/28/beware-of-reddit-pumped-blackberry-stock-gme-and-amc/amp/,"Beware of Reddit - Pumped BlackBerry Stock , GME and AMC ! ",20210128T154500Z,https://yw553ftvhw1iqegz29fycoyw-wpengine.netdna-ssl.com/wp-content/uploads/2018/05/RiskWarning1.jpg,fool.ca,English,Canada,2021-01-28 15:45:00+00:00,GME
https://triblive.com/news/wire-stories/robinhood-restricting-transactions-for-gamestop-amc-nokia-stock/,,"Robinhood app  restricting transaction for GameStop , AMC , Nokia stocks",20210128T154500Z,,triblive.com,English,United States,2021-01-28 15:45:00+00:00,GME
https://www.cityam.com/redditors-vow-to-burn-robinhood-to-the-ground-as-broker-restricts-gamestop-trading/,https://www.cityam.com/redditors-vow-to-burn-robinhood-to-the-ground-as-broker-restricts-gamestop-trading/amp/,Redditors vow to  burn Robinhood to the ground  as broker restricts GameStop trading,20210128T154500Z,https://www.cityam.com/wp-content/uploads/2021/01/Trading-Platform-Robinhood-Fined-65-Million-By-Securities-And-Exchange-Commission-1291817081.jpg,cityam.com,English,United Kingdom,2021-01-28 15:45:00+00:00,GME
https://gcaptain.com/shipping-stonks-rig-transocean/,,Shipping Stonks Like RIG Get Lifted In Rising Tide Of Troubled Companies Like Gamestop – gCaptain,20210128T154500Z,https://gcaptain.com/wp-content/uploads/2021/01/ship-stonks.jpg,gcaptain.com,English,United States,2021-01-28 15:45:00+00:00,GME
https://www.theguardian.com/business/2021/jan/28/reddit-investor-army-taking-battle-global-ailing-stocks-hedge-funds,https://amp.theguardian.com/business/2021/jan/28/reddit-investor-army-taking-battle-global-ailing-stocks-hedge-funds,The next GameStop ? Reddit investor army takes battle global,20210128T154500Z,https://i.guim.co.uk/img/media/c4bcb74f8e0363ebb9c733cd7ae0c23ec940bb77/0_29_4517_2710/master/4517.jpg?&quality=85&auto=format&fit=crop&overlay-align=bottom%2Cleft&overlay-width=100p&overlay-base64=L2ltZy9zdGF0aWMvb3ZlcmxheXMvdGctZGVmYXVsdC5wbmc&enable=upscale&s=0f4feda83d6e7c9e644f0b403cc0c5ef,theguardian.com,English,United Kingdom,2021-01-28 15:45:00+00:00,GME
https://www.fxstreet.com/news/gamestop-gme-stock-news-gme-shares-break-500-in-thursdays-pre-market-202101281515,https://www.fxstreet.com/amp/news/gamestop-gme-stock-news-gme-shares-break-500-in-thursdays-pre-market-202101281515,Gamestop ( GME ) Stock News : GME shares break $500 in Thursday pre - market,20210128T154500Z,https://editorial.fxstreet.com/images/Markets/Equities/display-stock-market-charts-23026797_Large.jpg,fxstreet.com,English,China,2021-01-28 15:45:00+00:00,GME
https://www.ibtimes.com/why-gamestop-surge-good-bitcoin-according-anthony-scaramucci-3132540,https://www.ibtimes.com/why-gamestop-surge-good-bitcoin-according-anthony-scaramucci-3132540?amp=1,"Why GameStop Surge Is Good For Bitcoin , According To Anthony Scaramucci",20210128T154500Z,,ibtimes.com,English,United States,2021-01-28 15:45:00+00:00,GME
https://www.theepochtimes.com/robinhood-interactive-brokers-restrict-trading-in-gamestop-stock-backlash-ensues_3675367.html,https://www.theepochtimes.com/robinhood-interactive-brokers-restrict-trading-in-gamestop-stock-backlash-ensues_3675367.html/amp,"Backlash After Robinhood , Interactive Brokers Restrict Trading in GameStop Stock",20210128T154500Z,https://img.theepochtimes.com/assets/uploads/2021/01/28/GettyImages-1212845523-1200x762.jpg,theepochtimes.com,English,United States,2021-01-28 15:45:00+00:00,GME
https://marker.medium.com/gamestop-proves-were-in-a-meme-stock-bubble-b3f39163a77f?source=home---------1---------------------c5a5510e_39f7_48d8_9f9a_46ac732211c4-------7&gi=sd,https://marker.medium.com/amp/p/b3f39163a77f,The Reddit GameStop Boom Proves Were in a  Meme Stock  Bubble,20210128T154500Z,https://miro.medium.com/focal/1200/632/49/25/1*3MN6QX978zrXE_iflM45Bg.jpeg,marker.medium.com,English,United States,2021-01-28 15:45:00+00:00,GME
https://www.telegraph.co.uk/business/2021/01/28/hope-wallstreetbets-revolution-doesnt-eat-children/,https://www.telegraph.co.uk/business/2021/01/28/hope-wallstreetbets-revolution-doesnt-eat-children/amp/,The danger is that the WallStreetBets revolution eats its own children,20210128T160000Z,,telegraph.co.uk,English,United Kingdom,2021-01-28 16:00:00+00:00,GME
https://edition.cnn.com/business/live-news/wallstreetbets-reddit-vs-wall-street/,https://amp.cnn.com/cnn/business/live-news/wallstreetbets-reddit-vs-wall-street/index.html,Live updates : Wallstreetbets Reddit thread shakes up Wall Street hedge funds,20210128T160000Z,https://cdn.cnn.com/cnnnext/dam/assets/210128072939-03-gamestop-store-file-2020-restricted-super-tease.jpg,edition.cnn.com,English,United States,2021-01-28 16:00:00+00:00,GME
https://www.nbcwashington.com/news/business/money-report/robinhood-interactive-brokers-restrict-trading-in-gamestop-stocks-and-options/2554147/,https://www.nbcwashington.com/news/business/money-report/robinhood-interactive-brokers-restrict-trading-in-gamestop-stocks-and-options/2554147/?amp,"Robinhood Restricts Trading in GameStop , Other Names Involved in Frenzy",20210128T160000Z,https://media.nbcwashington.com/2021/01/106830231-1611686939964DNZ-U-Photo-20210126-Press-4.jpg,nbcwashington.com,English,United States,2021-01-28 16:00:00+00:00,GME
https://marker.medium.com/gamestop-proves-were-in-a-meme-stock-bubble-b3f39163a77f?source=home---------1---------------------eeb2ee34_7284_4563_832e_3c44a586cdef-------7&gi=sd,https://marker.medium.com/amp/p/b3f39163a77f,The Reddit GameStop Boom Proves Were in a  Meme Stock  Bubble,20210128T160000Z,https://miro.medium.com/focal/1200/632/49/25/1*3MN6QX978zrXE_iflM45Bg.jpeg,marker.medium.com,English,United States,2021-01-28 16:00:00+00:00,GME
https://www.gamespot.com/articles/robinhood-riding-high-on-app-store-halts-gamestop-and-amc-trades/1100-6486841/,https://www.gamespot.com/amp-articles/robinhood-riding-high-on-app-store-halts-gamestop-and-amc-trades/1100-6486841/,"Robinhood , Riding High On App Store , Halts GameStop And AMC Trades",20210128T161500Z,https://gamespot1.cbsistatic.com/uploads/screen_kubrick/1585/15855271/3788065-3309508-screenshot2017-10-31at9.46.15am.png,gamespot.com,English,United States,2021-01-28 16:15:00+00:00,GME
https://www.thelondoneconomic.com/business-economics/traders-in-meltdown-as-reddit-forum-leaves-hedge-fund-on-the-brink-of-bankruptcy/28/01/,https://www.thelondoneconomic.com/business-economics/traders-in-meltdown-as-reddit-forum-leaves-hedge-fund-on-the-brink-of-bankruptcy/28/01/amp/,Traders in meltdown as Reddit forum leaves hedge fund on the brink of bankruptcy,20210128T161500Z,https://storage.googleapis.com/cdn.thelondoneconomic.com/wp-content/uploads/2021/01/1e20963e-0e4eb5a4-c760-4645-ba37-83b32ffd9188.jpeg,thelondoneconomic.com,English,United Kingdom,2021-01-28 16:15:00+00:00,GME
https://quote.rbc.ru/news/article/6012c6a69a7947e59b78852c,https://quote.rbc.ru/amp/news/6012c6a69a7947e59b78852c,Акции American Airlines подорожали на 31 % после обсуждения на Reddit,20210128T161500Z,https://s0.rbk.ru/v6_top_pics/media/img/4/78/756118437124784.jpg,quote.rbc.ru,Russian,Russia,2021-01-28 16:15:00+00:00,GME
https://www.benzinga.com/general/education/21/01/19352115/how-the-gamestop-pop-compares-to-tilray-volkswagen-other-historical-short-squeezes,https://amp.benzinga.com/amp/content/19352115,"Gamestop Corporation ( NYSE : GME ), ( HGEN ) - How The GameStop Pop Compares To Tilray , Volkswagen , Other Historical Short Squeezes",20210128T161500Z,,benzinga.com,English,United States,2021-01-28 16:15:00+00:00,GME
https://marker.medium.com/gamestop-proves-were-in-a-meme-stock-bubble-b3f39163a77f?source=home---------1---------------------e7ef9f95_1b01_4b21_997f_90caed3e12f7-------7&gi=sd,https://marker.medium.com/amp/p/b3f39163a77f,The Reddit GameStop Boom Proves Were in a  Meme Stock  Bubble,20210128T161500Z,https://miro.medium.com/focal/1200/632/49/25/1*3MN6QX978zrXE_iflM45Bg.jpeg,marker.medium.com,English,United States,2021-01-28 16:15:00+00:00,GME
https://marker.medium.com/gamestop-proves-were-in-a-meme-stock-bubble-b3f39163a77f?source=home---------1---------------------b47b0109_02f3_40e8_9a79_1d4f9104cb8c-------7&gi=sd,https://marker.medium.com/amp/p/b3f39163a77f,The Reddit GameStop Boom Proves Were in a  Meme Stock  Bubble,20210128T163000Z,https://miro.medium.com/focal/1200/632/49/25/1*3MN6QX978zrXE_iflM45Bg.jpeg,marker.medium.com,English,United States,2021-01-28 16:30:00+00:00,GME
https://abcnews.go.com/Business/robinhood-abruptly-restricts-transactions-gamestop-stock/story?id=75537922,https://abcnews.go.com/amp/Business/robinhood-abruptly-restricts-transactions-gamestop-stock/story?id=75537922,Robinhood abruptly restricts transactions for GameStop stock,20210128T163000Z,https://s.abcnews.com/images/Business/gamestop-sh-ml-210128_1611846069847_hpMain_16x9_992.jpg,abcnews.go.com,English,United States,2021-01-28 16:30:00+00:00,GME
https://www.investingdaily.com/61170/get-ready-for-the-roaring-2020s/,,Get Ready for the Roaring 2020s - Investing Daily,20210128T163000Z,https://cdn1.investingdaily.com/uploads/2021/01/shutterstock_361756505-1024x684.jpg,investingdaily.com,English,United States,2021-01-28 16:30:00+00:00,GME
https://www.nbcchicago.com/news/business/money-report/robinhood-interactive-brokers-restrict-trading-in-gamestop-stocks-and-options/2423625/,https://www.nbcchicago.com/news/business/money-report/robinhood-interactive-brokers-restrict-trading-in-gamestop-stocks-and-options/2423625/?amp,"Robinhood Restricts Trading in GameStop , Other Names Involved in Frenzy",20210128T163000Z,https://media.nbcchicago.com/2021/01/106830231-1611686939964DNZ-U-Photo-20210126-Press-4.jpg,nbcchicago.com,English,United States,2021-01-28 16:30:00+00:00,GME
https://www.investors.com/research/options/gme-stock-options-trading-volume-exploded/,,GME Stock Options Trading Volume Exploded| Investor Business Daily,20210128T164500Z,https://www.investors.com/wp-content/uploads/2016/01/Click02-GME-011316-company.jpg,investors.com,English,United States,2021-01-28 16:45:00+00:00,GME
https://marker.medium.com/gamestop-proves-were-in-a-meme-stock-bubble-b3f39163a77f?source=home---------1---------------------d1e63d79_f099_45d2_ac24_36cda58c601b-------7&gi=sd,https://marker.medium.com/amp/p/b3f39163a77f,The Reddit GameStop Boom Proves Were in a  Meme Stock  Bubble,20210128T164500Z,https://miro.medium.com/focal/1200/632/49/25/1*3MN6QX978zrXE_iflM45Bg.jpeg,marker.medium.com,English,United States,2021-01-28 16:45:00+00:00,GME
https://www.dailymail.co.uk/news/article-9197665/How-GameStop-shares-mania-swept-world-huge-expense-investors.html,https://www.dailymail.co.uk/news/article-9197665/amp/How-GameStop-shares-mania-swept-world-huge-expense-investors.html,How GameStop shares mania swept the world at huge expense to investors,20210128T170000Z,https://i.dailymail.co.uk/1s/2021/01/28/16/38595852-0-image-a-81_1611851471924.jpg,dailymail.co.uk,English,United Kingdom,2021-01-28 17:00:00+00:00,GME
https://comicbook.com/gaming/news/robinhood-gamestop-gme-amc-halt-trades/,https://comicbook.com/gaming/amp/news/robinhood-gamestop-gme-amc-halt-trades/,"Popular Stock App Robinhood Restricts Trading of GameStop , AMC , Other  Meme Stocks  ",20210128T170000Z,https://media.comicbook.com/2021/01/robinhood-app-1254393-1280x0.jpeg,comicbook.com,English,United States,2021-01-28 17:00:00+00:00,GME
https://www.marketwatch.com/articles/gamestop-overlooks-stock-rally-in-first-public-comments-since-shares-went-parabolic-51611851695,,GameStop Overlooks Stock Rally in First Public Comments Since Shares Went Parabolic,20210128T170000Z,https://images.barrons.com/im-291674/social,marketwatch.com,English,United States,2021-01-28 17:00:00+00:00,GME
https://marker.medium.com/gamestop-proves-were-in-a-meme-stock-bubble-b3f39163a77f?source=home---------1---------------------d2012df2_0645_4893_b55b_c1030f63a3e7-------7&gi=sd,https://marker.medium.com/amp/p/b3f39163a77f,The Reddit GameStop Boom Proves Were in a  Meme Stock  Bubble,20210128T170000Z,https://miro.medium.com/focal/1200/632/49/25/1*3MN6QX978zrXE_iflM45Bg.jpeg,marker.medium.com,English,United States,2021-01-28 17:00:00+00:00,GME
https://www.wandtv.com/news/gamestop-reddit-explaining-whats-happening-in-the-stock-market/article_3d68aca2-6185-11eb-bd0f-e3eca949a2a0.html,,GameStop ? Reddit ? Explaining what happening in the stock market,20210128T171500Z,https://bloximages.newyork1.vip.townnews.com/wandtv.com/content/tncms/assets/v3/editorial/9/91/991b598c-6185-11eb-be68-1b0be37d859e/6012e5d6367df.image.jpg,wandtv.com,English,United States,2021-01-28 17:15:00+00:00,GME
https://investorplace.com/2021/01/nakd-stock-naked-brand-flirts-with-3-after-reddit-fueled-rally/,https://investorplace.com/2021/01/nakd-stock-naked-brand-flirts-with-3-after-reddit-fueled-rally/amp/,NAKD Stock : Naked Brand Flirts With $3 After Reddit - Fueled Rally,20210128T171500Z,https://investorplace.com/wp-content/uploads/2019/11/nakd1600.jpg,investorplace.com,English,United States,2021-01-28 17:15:00+00:00,GME
https://investorplace.com/stock-market-live-updates-thursday-stock-market-today-news-01282021/,https://investorplace.com/stock-market-live-updates-thursday-stock-market-today-news-01282021/amp/,Stock Market Live Updates Thursday : A New Era for Wall Street ? ,20210128T171500Z,https://investorplace.com/wp-content/uploads/2019/07/wall-street-sign-broadway-sign.jpg,investorplace.com,English,United States,2021-01-28 17:15:00+00:00,GME
https://marker.medium.com/gamestop-proves-were-in-a-meme-stock-bubble-b3f39163a77f?source=home---------1---------------------543fb4a8_9668_47cc_8789_68399a48d2dd-------7&gi=sd,https://marker.medium.com/amp/p/b3f39163a77f,The Reddit GameStop Boom Proves Were in a  Meme Stock  Bubble,20210128T171500Z,https://miro.medium.com/focal/1200/632/49/25/1*3MN6QX978zrXE_iflM45Bg.jpeg,marker.medium.com,English,United States,2021-01-28 17:15:00+00:00,GME
https://www.gamerevolution.com/news/672931-robinhood-class-action-lawsuit-gamestop-gme-stock,https://www.gamerevolution.com/news/672931-robinhood-class-action-lawsuit-gamestop-gme-stock?amp,GameStop stock buyers call for  class action lawsuit  after Robinhood prohibits trading,20210128T173000Z,https://www.gamerevolution.com/assets/uploads/2021/01/robinhood-class-action-lawsuit-gamestop-2.jpg,gamerevolution.com,English,Japan,2021-01-28 17:30:00+00:00,GME
http://econintersect.com/pages/market/market.php?post=202101280747,,"28Jan2021 Pre - Market Commentary : Wall Street Futures Mixed , Europe Tumbles Amid Fears Reflation Trade Is Dead , Short Squeeze Turmoil , DOW Up 65 Points , Nasdaq Down - 0 . 6 %, WTI Crude Climbs 53 . 07",20210128T173000Z,,econintersect.com,English,United States,2021-01-28 17:30:00+00:00,GME
https://www.foxbusiness.com/markets/gamestop-stock-frenzy-what-to-know,https://www.foxbusiness.com/markets/gamestop-stock-frenzy-what-to-know.amp,GameStop stock price frenzy : What to know,20210128T173000Z,https://a57.foxnews.com/static.foxbusiness.com/foxbusiness.com/content/uploads/2021/01/0/0/game-stop-iStock.jpg?ve=1&tl=1,foxbusiness.com,English,United States,2021-01-28 17:30:00+00:00,GME
https://www.nme.com/news/gaming-news/gamestop-reddit-wall-street-what-is-happening-2866949,,"GameStop stock , Reddit and WallStreetBets : what you need to know",20210128T173000Z,https://www.nme.com/wp-content/uploads/2021/01/012821-GameStop-Stocks-Reddit-WallStreetBets.jpg,nme.com,English,United Kingdom,2021-01-28 17:30:00+00:00,GME
https://www.nbcconnecticut.com/news/business/money-report/robinhood-interactive-brokers-restrict-trading-in-gamestop-stocks-and-options/2409767/,https://www.nbcconnecticut.com/news/business/money-report/robinhood-interactive-brokers-restrict-trading-in-gamestop-stocks-and-options/2409767/?amp,"Robinhood Restricts Trading in GameStop , Other Names Involved in Frenzy",20210128T173000Z,https://media.nbcconnecticut.com/2021/01/106830231-1611686939964DNZ-U-Photo-20210126-Press-4.jpg,nbcconnecticut.com,English,United States,2021-01-28 17:30:00+00:00,GME
https://marker.medium.com/gamestop-proves-were-in-a-meme-stock-bubble-b3f39163a77f?source=home---------1---------------------408e4346_da34_463f_b7ec_c2b8a5bd82b1-------7&gi=sd,https://marker.medium.com/amp/p/b3f39163a77f,The Reddit GameStop Boom Proves Were in a  Meme Stock  Bubble,20210128T173000Z,https://miro.medium.com/focal/1200/632/49/25/1*3MN6QX978zrXE_iflM45Bg.jpeg,marker.medium.com,English,United States,2021-01-28 17:30:00+00:00,GME
https://www.newsweek.com/robinhood-app-one-star-reviews-gamestop-stock-trading-announcement-1565171,https://www.newsweek.com/robinhood-app-one-star-reviews-gamestop-stock-trading-announcement-1565171?amp=1,"Robinhood App Blocks GME Stock Trading , Is Flooded With 1 - Star Reviews",20210128T174500Z,https://d.newsweek.com/en/full/1719352/robinhood.jpg,newsweek.com,English,United States,2021-01-28 17:45:00+00:00,GME
https://www.lmtonline.com/politics/article/gamestop-stock-white-house-joe-biden-response-15905155.php,,Legitimate real - life gamer Joe Biden knows what happening with GameStop,20210128T174500Z,https://s.hdnux.com/photos/01/16/30/00/20545577/3/rawImage.jpg,lmtonline.com,English,United States,2021-01-28 17:45:00+00:00,GME
https://www.lesaffaires.com/bourse/nouvelles-economiques/ascension-de-gamestop-la-revolte-des-boursicoteurs-contre-les-barons-de-wall-street/622704,,Ascension de GameStop : la révolte des boursicoteurs contre les barons de Wall Street,20210128T174500Z,http://www.lesaffaires.com/uploads/images/normal/87ef1248a3e4785b6f3c04c23243813e.jpg,lesaffaires.com,French,Canada,2021-01-28 17:45:00+00:00,GME
https://www.940wfaw.com/news/robinhood-abruptly-restricts-transactions-for-gamestop-stock/,,Robinhood abruptly restricts transactions for GameStop stock,20210128T174500Z,,940wfaw.com,English,United States,2021-01-28 17:45:00+00:00,GME
http://www.proactiveinvestors.com/companies/news/939740/wall-street-moves-higher-following-fall-in-jobless-claims-gamestop-takes-a-hit-after-robinhood-intervenes-939740.html,https://www.proactiveinvestors.com/companies/amp/news/939740,Wall Street moves higher following fall in jobless claims ; GameStop takes a hit after Robinhood intervenes,20210128T174500Z,https://www.proactiveinvestors.com/thumbs/upload/News/Image/2021_01/1200z630_1611845200_2021-01-28-09-46-40_63d0a0f578dfd84abed8ab7120ff47d7.jpg,proactiveinvestors.com,English,United States,2021-01-28 17:45:00+00:00,GME
https://www.newsweek.com/american-airlines-shares-gamestop-reddit-investing-price-increase-1565134,https://www.newsweek.com/american-airlines-shares-gamestop-reddit-investing-price-increase-1565134?amp=1,American Airlines Stock Surges as Reddit Investors Hope to Replicate GameStop Success,20210128T174500Z,https://d.newsweek.com/en/full/1719014/american-airlines-plane-above-los-angeles-airport.jpg,newsweek.com,English,United States,2021-01-28 17:45:00+00:00,GME
https://www.highsnobiety.com/p/gamestop-streetwear/,https://www.highsnobiety.com/p/gamestop-streetwear/?format=amp,The GameStop Revolution Is a Streetwear State of Mind,20210128T174500Z,https://static.highsnobiety.com/thumbor/mX1ykYJDkoTQSbYifkoXw7RFcjY=/1200x720/static.highsnobiety.com/wp-content/uploads/2021/01/28135342/the-gamestop-revolution-is-a-streetwear-state-of-mind-feature02.jpg,highsnobiety.com,English,United States,2021-01-28 17:45:00+00:00,GME
https://www.newsweek.com/wallstreetbets-subreddit-gains-2-million-members-day-wall-street-1565145,https://www.newsweek.com/wallstreetbets-subreddit-gains-2-million-members-day-wall-street-1565145?amp=1,WallStreetBets Subreddit Gains 2 Million Members in a Day Amid Wall Street Siege,20210128T174500Z,https://d.newsweek.com/en/full/1568014/reddit.jpg,newsweek.com,English,United States,2021-01-28 17:45:00+00:00,GME
https://www.newsnow.co.uk/h/Hot+Topics/AMC,,AMC News | Live Feed & Top Stories,20210128T174500Z,,newsnow.co.uk,English,United Kingdom,2021-01-28 17:45:00+00:00,GME
https://gizmodo.com/democratized-finance-app-robinhood-halts-purchases-of-1846149789,https://gizmodo.com/democratized-finance-app-robinhood-halts-purchases-of-1846149789/amp,"WallStreetBets : Robinhood Stops Purchase of GameStop , AMC Stock",20210128T174500Z,"https://i.kinja-img.com/gawker-media/image/upload/c_fill,f_auto,fl_progressive,g_center,h_675,pg_1,q_80,w_1200/s9vu1lvhzphmyjez9sds.jpg",gizmodo.com,English,United States,2021-01-28 17:45:00+00:00,GME
https://marker.medium.com/gamestop-proves-were-in-a-meme-stock-bubble-b3f39163a77f?source=home---------1---------------------9d72cc02_4596_4dd3_8155_a963e936ddbf-------7&gi=sd,https://marker.medium.com/amp/p/b3f39163a77f,The Reddit GameStop Boom Proves Were in a  Meme Stock  Bubble,20210128T174500Z,https://miro.medium.com/focal/1200/632/49/25/1*3MN6QX978zrXE_iflM45Bg.jpeg,marker.medium.com,English,United States,2021-01-28 17:45:00+00:00,GME
https://www.infowars.com/posts/gamestop-saga-proves-us-financial-market-is-detached-from-reality/,,GameStop Saga Proves US Financial Market Is Detached From Reality,20210128T174500Z,https://api-assets.infowars.com/2021/01/wallflag.jpg,infowars.com,English,United States,2021-01-28 17:45:00+00:00,GME
https://www.msn.com/en-us/money/news/70-stocks-moving-in-thursdays-mid-day-session/ar-BB1dbfXb,,70 Stocks Moving In Thursday Mid - Day Session,20210128T180000Z,,msn.com,English,United States,2021-01-28 18:00:00+00:00,GME
https://marker.medium.com/gamestop-proves-were-in-a-meme-stock-bubble-b3f39163a77f?source=home---------1---------------------8d412338_172f_424c_a5ba_ef443dc16691-------7&gi=sd,https://marker.medium.com/amp/p/b3f39163a77f,The Reddit GameStop Boom Proves Were in a  Meme Stock  Bubble,20210128T180000Z,https://miro.medium.com/focal/1200/632/49/25/1*3MN6QX978zrXE_iflM45Bg.jpeg,marker.medium.com,English,United States,2021-01-28 18:00:00+00:00,GME
https://www.inquisitr.com/6464100/wall-street-halt-gme/,https://www.inquisitr.com/6464100/wall-street-halt-gme/amp/,"Ja Rule , Alexandria Ocasio - Cortez , And Donald Trump Jr . Unite In Slamming Wall Street For Halting GME Sales",20210128T180000Z,https://cdn.inquisitr.com/wp-content/uploads/2021/01/GameStop-2.jpg,inquisitr.com,English,United States,2021-01-28 18:00:00+00:00,GME
https://www.dailymail.co.uk/news/article-9198113/Elon-Musk-accuses-Discord-going-corporate-bans-Reddit-group-boosting-Gamestop-stock.html,https://www.dailymail.co.uk/news/article-9198113/amp/Elon-Musk-accuses-Discord-going-corporate-bans-Reddit-group-boosting-Gamestop-stock.html,Elon Musk accuses Discord of  going corporate  after it bans Reddit group boosting Gamestop stock,20210128T180000Z,https://i.dailymail.co.uk/1s/2021/01/28/17/38597616-0-image-a-2_1611853719792.jpg,dailymail.co.uk,English,United Kingdom,2021-01-28 18:00:00+00:00,GME
https://www.huffpost.com/entry/robinhood-gamestop-stocks-investing_n_6012c6b4c5b67848ee7e72bb,https://m.huffpost.com/us/entry/us_6012c6b4c5b67848ee7e72bb/amp,Robinhood Slammed After Halting Users From Buying Surging Stocks,20210128T180000Z,https://img.huffingtonpost.com/asset/6012d07e2500002a191d615b.jpeg?ops=1778_1000,huffpost.com,English,,2021-01-28 18:00:00+00:00,GME
https://news.yahoo.com/robinhood-app-hit-lawsuit-trying-172304118.html,https://news.yahoo.com/amphtml/robinhood-app-hit-lawsuit-trying-172304118.html,Robinhood App Hit With Lawsuit After Trying to Shut Down GameStop Uprising,20210128T180000Z,https://s.yimg.com/uu/api/res/1.2/rfhrCrHzJpFkBBfN73bO3w--~B/aD02NTg7dz0xMTcwO2FwcGlkPXl0YWNoeW9u/https://media.zenfs.com/en/thedailybeast.com/da06b3f3db0cb2aeeab854091a1989c7,news.yahoo.com,English,United States,2021-01-28 18:00:00+00:00,GME
https://pjmedia.com/uncategorized/megan-fox/2021/01/28/robinhood-protecting-the-rich-gamestop-buys-halted-in-massive-game-of-high-stakes-chicken-n1415268,https://pjmedia.com/uncategorized/megan-fox/2021/01/28/robinhood-protecting-the-rich-gamestop-buys-halted-in-massive-game-of-high-stakes-chicken-n1415268/amp,Robinhood Protecting the Rich ? GameStop Buys Halted in Massive Game Of High - Stakes Chicken,20210128T181500Z,https://media.townhall.com/townhall/reu/o/2021/28/f67eda19-bded-4c23-9613-47e07f8d37f0-1110x740.jpg,pjmedia.com,English,United States,2021-01-28 18:15:00+00:00,GME
https://www.washingtonexaminer.com/news/major-brokers-restrict-trading-gamestop,https://www.washingtonexaminer.com/news/major-brokers-restrict-trading-gamestop?_amp=true,Major brokers restrict trading on GameStop and AMC amid  short squeeze  ,20210128T181500Z,https://mediadc.brightspotcdn.com/96/a3/506923c64ecb83e567b2f2f28937/ap21027509559258.jpg,washingtonexaminer.com,English,United States,2021-01-28 18:15:00+00:00,GME
https://www.bostonglobe.com/2021/01/28/business/gamestop-shares-surge-other-stocks-targeted-by-reddit-users-plummet/,https://www.bostonglobe.com/2021/01/28/business/gamestop-shares-surge-other-stocks-targeted-by-reddit-users-plummet/?outputType=amp,GameStop shares surge as other stocks targeted by Reddit users plummet,20210128T181500Z,https://bostonglobe-prod.cdn.arcpublishing.com/resizer/w9IQynUssveqG84vN7X12N6Hyu4=/506x0/cloudfront-us-east-1.images.arcpublishing.com/bostonglobe/7JT6S5OMODM5WLUJZZ4UYAEJPY.jpg,bostonglobe.com,English,United States,2021-01-28 18:15:00+00:00,GME
https://www.marketwatch.com/story/mark-cuban-dave-portnoy-aoc-and-others-react-to-robinhood-restricting-trades-on-gamestop-and-amc-11611855658,https://www.marketwatch.com/amp/story/mark-cuban-dave-portnoy-aoc-and-others-react-to-robinhood-restricting-trades-on-gamestop-and-amc-11611855658,"Mark Cuban , Dave Portnoy , AOC and others react to Robinhood restricting trades on GameStop and AMC",20210128T181500Z,https://images.mktw.net/im-241319/social,marketwatch.com,English,United States,2021-01-28 18:15:00+00:00,GME
https://www.breitbart.com/politics/2021/01/28/donald-trump-jr-blasts-rigged-system-after-robinhood-blocks-gamestop-trades/,https://www.breitbart.com/politics/2021/01/28/donald-trump-jr-blasts-rigged-system-after-robinhood-blocks-gamestop-trades/amp/,Donald Trump Jr . Blasts  Rigged  System as Robinhood Blocks Gamestop Trades,20210128T181500Z,https://media.breitbart.com/media/2019/12/Trump-Jr.-640x335.jpg,breitbart.com,English,United States,2021-01-28 18:15:00+00:00,GME
https://www.wickedlocal.com/story/tech/news/2021/01/27/gamestop-amc-shares-jump-traders-reddit-band-together/4275566001/,,"GameStop , AMC shares jump as traders on Reddit band together",20210128T181500Z,https://www.gannett-cdn.com/-mm-/d8d0774057d19139d16e6ede624d76e89947662d/c=1-0-1365-767/local/-/media/2021/01/25/USATODAY/usatsports/247WallSt.com-247WS-832901-imageforentry7-wdm.jpg?auto=webp&format=pjpg,wickedlocal.com,English,United States,2021-01-28 18:15:00+00:00,GME
https://www.businessinsider.com/robinhood-class-action-lawsuit-restricting-removed-gamestop-trading-wallstreetbets-2021-1,,Robinhood is being sued for restricting GameStop trading,20210128T181500Z,https://i.insider.com/6012f2b96dfbe10018e00860?&format=jpeg,businessinsider.com,English,United States,2021-01-28 18:15:00+00:00,GME
https://marker.medium.com/gamestop-proves-were-in-a-meme-stock-bubble-b3f39163a77f?source=home---------1---------------------97331187_4f1a_470b_86f9_0bc44dbcb286-------7&gi=sd,https://marker.medium.com/amp/p/b3f39163a77f,The Reddit GameStop Boom Proves Were in a  Meme Stock  Bubble,20210128T181500Z,https://miro.medium.com/focal/1200/632/49/25/1*3MN6QX978zrXE_iflM45Bg.jpeg,marker.medium.com,English,United States,2021-01-28 18:15:00+00:00,GME
https://www.businessinsider.com/stop-with-stupid-gamestop-reddit-wallstreetbets-stock-market-punditry-2021-1,https://www.businessinsider.com/stop-with-stupid-gamestop-reddit-wallstreetbets-stock-market-punditry-2021-1?amp,"Stop the stupid , terrible GameStop , Reddit wallstreetbets punditry",20210128T183000Z,https://i.insider.com/6012ef6b6dfbe10018e00846?&format=jpeg,businessinsider.com,English,United States,2021-01-28 18:30:00+00:00,GME
https://www.businessinsider.com/gamestop-stock-trading-robinhood-users-critics-revolt-2021-1,https://www.businessinsider.com/gamestop-stock-trading-robinhood-users-critics-revolt-2021-1?amp,Robinhood users revolt after it stopped trades of GameStop stock,20210128T183000Z,https://i.insider.com/6012f2541d2df20018b715e1?&format=jpeg,businessinsider.com,English,United States,2021-01-28 18:30:00+00:00,GME
https://noticiassin.com/el-caso-gamestop-una-leccion-para-la-elite-financiera-de-wall-street/,https://m.noticiassin.com/el-caso-gamestop-una-leccion-para-la-elite-financiera-de-wall-street/?amp=1,El caso GameStop : una lección para la élite financiera de Wall Street,20210128T183000Z,https://noticiassin.com/wp-content/uploads/2021/01/0b7d48c2-1_3mn6qx978zrxe_iflm45bg-scaled.jpeg,noticiassin.com,Spanish,United States,2021-01-28 18:30:00+00:00,GME
https://marker.medium.com/gamestop-proves-were-in-a-meme-stock-bubble-b3f39163a77f?source=home---------1---------------------8cff7e9e_e1d0_4b76_b8ba_f94405b37b68-------7&gi=sd,https://marker.medium.com/amp/p/b3f39163a77f,The Reddit GameStop Boom Proves Were in a  Meme Stock  Bubble,20210128T183000Z,https://miro.medium.com/focal/1200/632/49/25/1*3MN6QX978zrXE_iflM45Bg.jpeg,marker.medium.com,English,United States,2021-01-28 18:30:00+00:00,GME
https://www.coinspeaker.com/gme-stock-gamestop-edge-funds/,https://www.coinspeaker.com/gme-stock-gamestop-edge-funds/amp/,"GME Stock Lost 16 % in Pre - Market , GameStop Rally Forces Hedge Funds to Take Exit",20210128T184500Z,https://www.coinspeaker.com/wp-content/uploads/2021/01/gamestop-gme-stock.jpg,coinspeaker.com,English,United States,2021-01-28 18:45:00+00:00,GME
https://slate.com/technology/2021/01/gamestop-stock-gme-how-it-ends.html,https://slate.com/technology/2021/01/gamestop-stock-gme-how-it-ends.amp,How the GameStop roller coaster could end . ,20210128T184500Z,https://compote.slate.com/images/740b67de-44b3-4eae-9ac6-d71fc62817ae.jpeg?&rect=4223x2815&offset=398x0,slate.com,English,United States,2021-01-28 18:45:00+00:00,GME
http://markets.buffalonews.com/buffnews/news/read/40916368/robinhood,,"Robinhood , Webull , Others Block Access To Penny Stocks Today",20210128T184500Z,,markets.buffalonews.com,English,United States,2021-01-28 18:45:00+00:00,GME
https://www.businessinsider.in/stock-market/news/dogecoin-a-digital-token-that-started-as-a-joke-spikes-140-after-traders-in-a-crypto-themed-reddit-forum-trigger-wall-street-bets-copycat-rally/articleshow/80513738.cms,https://www.businessinsider.in/stock-market/news/dogecoin-a-digital-token-that-started-as-a-joke-spikes-140-after-traders-in-a-crypto-themed-reddit-forum-trigger-wall-street-bets-copycat-rally/amp_articleshow/80513738.cms,"Dogecoin , a digital token that started as a joke , spikes 140 % after traders in a crypto - themed Reddit forum trigger Wall Street Bets copycat rally",20210128T184500Z,https://www.businessinsider.in/photo/80513738/dogecoin-a-digital-token-that-started-as-a-joke-spikes-140-after-traders-in-a-crypto-themed-reddit-forum-trigger-wall-street-bets-copycat-rally.jpg?imgsize=68261,businessinsider.in,English,India,2021-01-28 18:45:00+00:00,GME
https://marker.medium.com/gamestop-proves-were-in-a-meme-stock-bubble-b3f39163a77f?source=home---------1---------------------d4a3fea7_050e_43a1_b136_e4ac227d5a5c-------7&gi=sd,https://marker.medium.com/amp/p/b3f39163a77f,The Reddit GameStop Boom Proves Were in a  Meme Stock  Bubble,20210128T184500Z,https://miro.medium.com/focal/1200/632/49/25/1*3MN6QX978zrXE_iflM45Bg.jpeg,marker.medium.com,English,United States,2021-01-28 18:45:00+00:00,GME
https://townhall.com/tipsheet/mattvespa/2021/01/28/populism-is-engulfing-wall-streetand-theyre-not-happy-about-it-n2583840,https://townhall.com/tipsheet/mattvespa/2021/01/28/populism-is-engulfing-wall-streetand-theyre-not-happy-about-it-n2583840?amp=true,We Witnessed a Financial  Storming of the Bastille  on Wall Street This Week by Matt Vespa,20210128T190000Z,https://media.townhall.com/townhall/reu/s1280x720/2020/72/68616b48-06ef-4d59-999b-0bf554bf0e0c.jpg,townhall.com,English,United States,2021-01-28 19:00:00+00:00,GME
https://marker.medium.com/gamestop-proves-were-in-a-meme-stock-bubble-b3f39163a77f?source=home---------1---------------------869cad3b_7fe5_4373_86e3_34f2c4c8594d-------7&gi=sd,https://marker.medium.com/amp/p/b3f39163a77f,The Reddit GameStop Boom Proves Were in a  Meme Stock  Bubble,20210128T190000Z,https://miro.medium.com/focal/1200/632/49/25/1*3MN6QX978zrXE_iflM45Bg.jpeg,marker.medium.com,English,United States,2021-01-28 19:00:00+00:00,GME
https://gizmodo.com/robinhood-sued-by-furious-gamestop-stockholders-1846151685,https://gizmodo.com/robinhood-sued-by-furious-gamestop-stockholders-1846151685/amp,Robinhood Sued Over GameStop Stock Action,20210128T190000Z,"https://i.kinja-img.com/gawker-media/image/upload/c_fill,f_auto,fl_progressive,g_center,h_675,pg_1,q_80,w_1200/njze4ojscahx0pqmyehl.jpg",gizmodo.com,English,United States,2021-01-28 19:00:00+00:00,GME
https://www.kotaku.com.au/2021/01/robinhood-blocks-users-from-buying-gamestop-stock/,https://www.kotaku.com.au/2021/01/robinhood-blocks-users-from-buying-gamestop-stock/amp/,Robinhood Blocks Users From Buying GameStop Stock,20210128T190000Z,https://imgix.kotaku.com.au/content/uploads/sites/3/2021/01/29/sh8p3fvenfiyxqppdfxm-scaled.jpg?ar=16%3A9&auto=format&fit=crop&q=65,kotaku.com.au,English,Australia,2021-01-28 19:00:00+00:00,GME
http://finance.dailyherald.com/dailyherald/news/read/40916368/robinhood,,"Robinhood , Webull , Others Block Access To Penny Stocks Today",20210128T190000Z,,finance.dailyherald.com,English,United States,2021-01-28 19:00:00+00:00,GME
http://www.msn.com/en-us/news/politics/unacceptable-aoc-and-other-lawmakers-call-for-congressional-hearing-on-robinhood-s-anti-reddit-gamestop-stock-trading-freeze/ar-BB1dbaHq,,  Unacceptable : AOC and Other Lawmakers Call for Congressional Hearing on Robinhood Anti - Reddit GameStop Stock Trading Freeze,20210128T190000Z,,msn.com,English,United States,2021-01-28 19:00:00+00:00,GME
https://www.nbclosangeles.com/news/business/money-report/robinhood-interactive-brokers-restrict-trading-in-gamestop-stocks-and-options/2513533/,https://www.nbclosangeles.com/news/business/money-report/robinhood-interactive-brokers-restrict-trading-in-gamestop-stocks-and-options/2513533/?amp,"Robinhood Restricts Trading in GameStop , Other Names Involved in Frenzy",20210128T190000Z,https://media.nbclosangeles.com/2021/01/106830231-1611686939964DNZ-U-Photo-20210126-Press-4.jpg,nbclosangeles.com,English,United States,2021-01-28 19:00:00+00:00,GME
https://twitchy.com/sarah-313035/2021/01/28/how-is-this-legal-investment-companies-like-robinhood-are-blocking-purchases-of-gamestop-et-al-effectively-using-a-hammer-on-free-markets/,https://twitchy.com/sarahd-313035/2021/01/28/how-is-this-legal-investment-companies-like-robinhood-are-blocking-purchases-of-gamestop-et-al-effectively-using-a-hammer-on-free-markets/amp/,"  How is this legal ? Investment companies like Robinhood are blocking stock purchases of GameStop et al ., effectively  using a hammer on free markets  ",20210128T190000Z,https://twitchy.com/wp-content/uploads/2021/01/what-the-hell-is-going-on_new.jpg,twitchy.com,English,United States,2021-01-28 19:00:00+00:00,GME
https://townhall.com/tipsheet/leahbarkoukis/2021/01/28/robinhood-app-n2583845,https://townhall.com/tipsheet/leahbarkoukis/2021/01/28/robinhood-app-n2583845?amp=true,"Dave Portnoy Blasts Robinhood After Company Restricts Trading on GameStop , AMC , and Others",20210128T190000Z,https://media.townhall.com/townhall/reu/s1280x720/2020/335/183f6d02-0c15-47ef-b9e2-520f2150f7e8.jpg,townhall.com,English,United States,2021-01-28 19:00:00+00:00,GME
https://marker.medium.com/gamestop-proves-were-in-a-meme-stock-bubble-b3f39163a77f?source=home---------1---------------------8e42ca73_1fff_4697_95d8_d7e1ab6031a4-------7&gi=sd,https://marker.medium.com/amp/p/b3f39163a77f,The Reddit GameStop Boom Proves Were in a  Meme Stock  Bubble,20210128T191500Z,https://miro.medium.com/focal/1200/632/49/25/1*3MN6QX978zrXE_iflM45Bg.jpeg,marker.medium.com,English,United States,2021-01-28 19:15:00+00:00,GME
https://invezz.com/news/2021/01/28/gamestop-stock-price-falls-55-as-legendary-investor-warns-wsb-traders-of-playing-with-fire/,https://invezz.com/news/2021/01/28/gamestop-stock-price-falls-55-as-legendary-investor-warns-wsb-traders-of-playing-with-fire/?amp,GameStop stock price falls 55 % as legendary investor warns WSB traders of  playing with fire  ,20210128T191500Z,https://invezz.com/wp-content/uploads/2021/01/gamestop-expo-2016-1280x720-1.jpg,invezz.com,English,United Kingdom,2021-01-28 19:15:00+00:00,GME
https://hot1047.com/whats-up-with-gamestops-stock/,,What Up With GameStop Stock ? ,20210128T191500Z,https://townsquare.media/site/484/files/2021/01/Untitled-design-2021-01-28T095248.337.jpg?&zc=1&s=0&a=t&q=89,hot1047.com,English,United States,2021-01-28 19:15:00+00:00,GME
https://invezz.com/news/2021/01/28/blackberry-stock-price-crashes-100-as-wsb-investors-refuse-to-go-away/,https://invezz.com/news/2021/01/28/blackberry-stock-price-crashes-100-as-wsb-investors-refuse-to-go-away/?amp,Blackberry stock price crashes 100 % as WSB investors refuse to go away,20210128T191500Z,https://invezz.com/wp-content/uploads/2021/01/s14grhbuutcev26tayt-kwo0sds20y6vvrjimfsoum.jpg,invezz.com,English,United Kingdom,2021-01-28 19:15:00+00:00,GME
https://www.newyorker.com/news/our-columnists/the-gamestop-saga-is-dangerous-and-all-too-familiar,https://www.newyorker.com/news/our-columnists/the-gamestop-saga-is-dangerous-and-all-too-familiar/amp,The GameStop Saga Is Dangerous and All Too Familiar,20210128T191500Z,"https://media.newyorker.com/photos/6012d6f5e46449717d0650d5/16:9/w_1280,c_limit/Cassidy-GameStopTrades.jpg",newyorker.com,English,United States,2021-01-28 19:15:00+00:00,GME
https://invezz.com/news/2021/01/28/who-are-wallstreetbets-facts/,https://invezz.com/news/2021/01/28/who-are-wallstreetbets-facts/?amp,Who are r / WallStreetBets ? Here the facts,20210128T191500Z,https://invezz.com/wp-content/uploads/2021/01/who-are-wallstreetbets-1024x721.jpg,invezz.com,English,United Kingdom,2021-01-28 19:15:00+00:00,GME
https://www.businessinsider.com/some-redditors-say-gamestop-rally-is-revenge-for-2008-collapse-2021-1,https://www.businessinsider.com/some-redditors-say-gamestop-rally-is-revenge-for-2008-collapse-2021-1?amp,Some Redditors say the GameStop rally is revenge for the 2008 collapse,20210128T191500Z,https://i.insider.com/6012ef9a6dfbe10018e00848?&format=jpeg,businessinsider.com,English,United States,2021-01-28 19:15:00+00:00,GME
https://www.clickondetroit.com/tech/2021/01/28/tlaib-slams-robinhood-after-blocking-of-reddit-driven-stocks-like-gamestop-amc/,https://www.clickondetroit.com/tech/2021/01/28/tlaib-slams-robinhood-after-blocking-of-reddit-driven-stocks-like-gamestop-amc/?outputType=amp,"Tlaib slams Robinhood after blocking of Reddit - driven stocks like GameStop , AMC",20210128T193000Z,https://www.clickondetroit.com/resizer/q2UG0OTVfaCxzZLMu-_TDdkWy_0=/1600x1066/smart/filters:format(jpeg):strip_exif(true):strip_icc(true):no_upscale(true):quality(65)/cloudfront-us-east-1.images.arcpublishing.com/gmg/QD2KZBH4HFBWXFHIVFC2U3ZULU.jpg,clickondetroit.com,English,United States,2021-01-28 19:30:00+00:00,GME
https://knpr.org/npr/2021-01/gamestop-how-reddit-traders-occupied-wall-streets-turf,,GameStop : How Reddit Traders Occupied Wall Street Turf,20210128T193000Z,https://knpr.org/sites/default/files/public/styles/detail/public/images/npr-story/961556090_1194475180.jpg?itok=1LeDTjea,knpr.org,English,United States,2021-01-28 19:30:00+00:00,GME
https://thehill.com/homenews/house/536338-ocasio-cortez-slams-cruz-for-retweeting-her-get-off-my-timeline-stop-clout,https://thehill.com/homenews/house/536338-ocasio-cortez-slams-cruz-for-retweeting-her-get-off-my-timeline-stop-clout?amp,Ocasio - Cortez slams Cruz for retweeting her :  Get off my timeline & stop clout - chasing  ,20210128T193000Z,https://thehill.com/sites/default/files/mreportaoc_0.jpg,thehill.com,English,United States,2021-01-28 19:30:00+00:00,GME
https://marker.medium.com/gamestop-proves-were-in-a-meme-stock-bubble-b3f39163a77f?source=home---------1---------------------c15d9613_7a3e_4fd8_8429_9ef6397c1588-------7&gi=sd,https://marker.medium.com/amp/p/b3f39163a77f,The Reddit GameStop Boom Proves Were in a  Meme Stock  Bubble,20210128T193000Z,https://miro.medium.com/focal/1200/632/49/25/1*3MN6QX978zrXE_iflM45Bg.jpeg,marker.medium.com,English,United States,2021-01-28 19:30:00+00:00,GME
https://www.wshu.org/post/gamestop-how-reddit-traders-occupied-wall-streets-turf,,GameStop : How Reddit Traders Occupied Wall Street Turf,20210128T193000Z,,wshu.org,English,United States,2021-01-28 19:30:00+00:00,GME
https://kikn.com/whats-up-with-gamestops-stock/,,What Up With GameStop Stock ? ,20210128T193000Z,https://townsquare.media/site/484/files/2021/01/Untitled-design-2021-01-28T095248.337.jpg?&zc=1&s=0&a=t&q=89,kikn.com,English,United States,2021-01-28 19:30:00+00:00,GME
https://www.pcmag.com/news/robinhood-faces-class-action-lawsuit-for-blocking-gamestop-stock-buys,https://www.pcmag.com/news/robinhood-faces-class-action-lawsuit-for-blocking-gamestop-stock-buys?amp=true,Robinhood Faces Class - Action Lawsuit for Blocking GameStop Stock Buys,20210128T193000Z,https://i.pcmag.com/imagery/articles/02W1AxEan7tDLfRTGchmkot-1.1611856511.fit_lim.size_1200x630.jpg,pcmag.com,English,United States,2021-01-28 19:30:00+00:00,GME
https://www.fox32chicago.com/news/robinhood-lawsuit-2021-class-action-filed-against-app-after-restriction-of-gamestop-stock-trades,https://www.fox32chicago.com/news/robinhood-lawsuit-2021-class-action-filed-against-app-after-restriction-of-gamestop-stock-trades.amp,Robinhood lawsuit 2021 : Class action filed against app after restriction of GameStop stock trades,20210128T193000Z,https://images.foxtv.com/static.fox32chicago.com/www.fox32chicago.com/content/uploads/2021/01/724/407/GettyImages-1227730798.jpg?ve=1&tl=1,fox32chicago.com,English,United States,2021-01-28 19:30:00+00:00,GME
https://thehill.com/policy/healthcare/536320-class-action-lawsuit-filed-against-robinhood-for-restricting-trading,https://thehill.com/policy/healthcare/536320-class-action-lawsuit-filed-against-robinhood-for-restricting-trading?amp,Class - action lawsuit filed against Robinhood for restricting trading,20210128T194500Z,https://thehill.com/sites/default/files/gamestop_012721getty_reddit.jpg,thehill.com,English,United States,2021-01-28 19:45:00+00:00,GME
https://www.androidpolice.com/2021/01/28/robinhoods-play-store-rating-dives-to-one-star-after-gme-meme-stock-crackdown/,https://www.androidpolice.com/2021/01/28/robinhoods-play-store-rating-dives-to-one-star-after-gme-meme-stock-crackdown/?amp,Robinhood Play Store rating dives to one star after GME meme stock crackdown,20210128T194500Z,https://www.androidpolice.com/wp-content/uploads/2021/01/28/blog_01.png,androidpolice.com,English,United States,2021-01-28 19:45:00+00:00,GME
https://www.nbcsandiego.com/news/business/money-report/robinhood-interactive-brokers-restrict-trading-in-gamestop-stocks-and-options/2505448/,https://www.nbcsandiego.com/news/business/money-report/robinhood-interactive-brokers-restrict-trading-in-gamestop-stocks-and-options/2505448/?amp,"Robinhood Restricts Trading in GameStop , Other Names Involved in Frenzy",20210128T194500Z,https://media.nbcsandiego.com/2021/01/106830231-1611686939964DNZ-U-Photo-20210126-Press-4.jpg,nbcsandiego.com,English,United States,2021-01-28 19:45:00+00:00,GME
https://www.wksu.org/npr-news/2021-01-28/gamestop-how-reddit-traders-occupied-wall-streets-turf,https://www.wksu.org/npr-news/2021-01-28/gamestop-how-reddit-traders-occupied-wall-streets-turf?_amp=true,GameStop : How Reddit Traders Occupied Wall Street Turf,20210128T194500Z,https://media.npr.org/assets/img/2021/01/28/gettyimages-1175099097-5c253bdd274902c26bc85a68ecc3e9e8b94ce335.jpg,wksu.org,English,United States,2021-01-28 19:45:00+00:00,GME
https://kxrb.com/whats-up-with-gamestops-stock/,,What Up With GameStop Stock ? ,20210128T194500Z,https://townsquare.media/site/484/files/2021/01/Untitled-design-2021-01-28T095248.337.jpg?&zc=1&s=0&a=t&q=89,kxrb.com,English,United States,2021-01-28 19:45:00+00:00,GME
https://www.fox5dc.com/news/robinhood-lawsuit-2021-class-action-filed-against-app-after-restriction-of-gamestop-stock-trades,https://www.fox5dc.com/news/robinhood-lawsuit-2021-class-action-filed-against-app-after-restriction-of-gamestop-stock-trades.amp,Robinhood lawsuit 2021 : Class action filed against app after restriction of GameStop stock trades,20210128T194500Z,https://images.foxtv.com/static.fox5dc.com/www.fox5dc.com/content/uploads/2021/01/724/407/GettyImages-1227730798.jpg?ve=1&tl=1,fox5dc.com,English,United States,2021-01-28 19:45:00+00:00,GME
https://www.pcmag.com/news/robinhood-clobbers-meme-stock-craze-by-blocking-purchases-of-gamestop-shares,https://www.pcmag.com/news/robinhood-clobbers-meme-stock-craze-by-blocking-purchases-of-gamestop-shares?amp=true,Robinhood Clobbers  Meme Stock  Craze by Blocking Purchases of GameStop Shares,20210128T194500Z,https://i.pcmag.com/imagery/articles/06EbPx4K5ZtIoYFbr6oftMx-1.1611848562.fit_lim.size_1200x630.jpg,pcmag.com,English,United States,2021-01-28 19:45:00+00:00,GME
https://www.fox6now.com/news/gamestop-stock-price-frenzy-what-to-know,https://www.fox6now.com/news/gamestop-stock-price-frenzy-what-to-know.amp,GameStop stock price frenzy : What to know,20210128T194500Z,https://images.foxtv.com/static.fox6now.com/www.fox6now.com/content/uploads/2021/01/724/407/GettyImages-1227730798-1.jpg?ve=1&tl=1,fox6now.com,English,United States,2021-01-28 19:45:00+00:00,GME
https://www.fox6now.com/news/robinhood-lawsuit-2021-class-action-filed-against-app-after-restriction-of-gamestop-stock-trades,https://www.fox6now.com/news/robinhood-lawsuit-2021-class-action-filed-against-app-after-restriction-of-gamestop-stock-trades.amp,Robinhood lawsuit 2021 : Class action filed against app after restriction of GameStop stock trades,20210128T194500Z,https://images.foxtv.com/static.fox6now.com/www.fox6now.com/content/uploads/2021/01/724/407/GettyImages-1227730798.jpg?ve=1&tl=1,fox6now.com,English,United States,2021-01-28 19:45:00+00:00,GME
https://www.nbcdfw.com/news/business/money-report/robinhood-interactive-brokers-restrict-trading-in-gamestop-stocks-and-options/2536306/,https://www.nbcdfw.com/news/business/money-report/robinhood-interactive-brokers-restrict-trading-in-gamestop-stocks-and-options/2536306/?amp,"Robinhood Restricts Trading in GameStop , Other Names Involved in Frenzy",20210128T194500Z,https://media.nbcdfw.com/2021/01/106830231-1611686939964DNZ-U-Photo-20210126-Press-4.jpg,nbcdfw.com,English,United States,2021-01-28 19:45:00+00:00,GME
https://www.fox4news.com/news/robinhood-lawsuit-2021-class-action-filed-against-app-after-restriction-of-gamestop-stock-trades,https://www.fox4news.com/news/robinhood-lawsuit-2021-class-action-filed-against-app-after-restriction-of-gamestop-stock-trades.amp,Robinhood lawsuit 2021 : Class action filed against app after restriction of GameStop stock trades,20210128T194500Z,https://images.foxtv.com/static.fox4news.com/www.fox4news.com/content/uploads/2021/01/724/407/GettyImages-1227730798.jpg?ve=1&tl=1,fox4news.com,English,United States,2021-01-28 19:45:00+00:00,GME
https://www.fox5atlanta.com/news/gamestop-stock-price-frenzy-what-to-know,https://www.fox5atlanta.com/news/gamestop-stock-price-frenzy-what-to-know.amp,GameStop stock price frenzy : What to know,20210128T194500Z,https://images.foxtv.com/static.fox5atlanta.com/www.fox5atlanta.com/content/uploads/2021/01/724/407/GettyImages-1227730798-1.jpg?ve=1&tl=1,fox5atlanta.com,English,United States,2021-01-28 19:45:00+00:00,GME
https://www.shacknews.com/article/122442/gamestop-gme-stock-trade-restrictions-on-robinhood-app-provoke-review-bombing,https://www.shacknews.com/article/122442/gamestop-gme-stock-trade-restrictions-on-robinhood-app-provoke-review-bombing?amphtml=1,GameStop ( GME ) stock trade restrictions on Robinhood app provoke review bombing,20210128T194500Z,https://d1lss44hh2trtw.cloudfront.net/assets/article/2021/01/28/gamestop-gme-stock-trade-restrictions-on-robinhood-app-provoke-review-bombing_feature.jpg,shacknews.com,English,United States,2021-01-28 19:45:00+00:00,GME
https://www.nbcnewyork.com/news/business/money-report/robinhood-interactive-brokers-restrict-trading-in-gamestop-stocks-and-options/2853459/,https://www.nbcnewyork.com/news/business/money-report/robinhood-interactive-brokers-restrict-trading-in-gamestop-stocks-and-options/2853459/?amp,"Robinhood Restricts Trading in GameStop , Other Names Involved in Frenzy",20210128T194500Z,https://media.nbcnewyork.com/2021/01/106830231-1611686939964DNZ-U-Photo-20210126-Press-4.jpg,nbcnewyork.com,English,United States,2021-01-28 19:45:00+00:00,GME
https://www.fox5dc.com/news/gamestop-stock-price-frenzy-what-to-know,https://www.fox5dc.com/news/gamestop-stock-price-frenzy-what-to-know.amp,GameStop stock price frenzy : What to know,20210128T194500Z,https://images.foxtv.com/static.fox5dc.com/www.fox5dc.com/content/uploads/2021/01/724/407/GettyImages-1227730798-1.jpg?ve=1&tl=1,fox5dc.com,English,United States,2021-01-28 19:45:00+00:00,GME
https://www.ksro.com/2021/01/28/robinhood-abruptly-restricts-transactions-for-gamestop-stock/,https://www.ksro.com/2021/01/28/robinhood-abruptly-restricts-transactions-for-gamestop-stock/amp/,Robinhood abruptly restricts transactions for GameStop stock,20210128T194500Z,https://dehayf5mhw1h7.cloudfront.net/wp-content/uploads/sites/726/2021/01/28161927/iStock_012821_gamestop.jpeg,ksro.com,English,United States,2021-01-28 19:45:00+00:00,GME
http://www.msn.com/en-us/news/politics/ocasio-cortez-slams-cruz-for-retweeting-her-get-off-my-timeline-stop-clout-chasing/ar-BB1dbb22,,Ocasio - Cortez slams Cruz for retweeting her :  Get off my timeline & stop clout - chasing  ,20210128T194500Z,,msn.com,English,United States,2021-01-28 19:45:00+00:00,GME
https://www.marketwatch.com/articles/reversion-to-the-meme-gamestop-wallstreetbets-and-the-new-rules-for-stock-trading-51611861219,,"Reversion to the Meme : GameStop , WallStreetBets , and the New Rules for Stock Trading",20210128T194500Z,https://images.barrons.com/im-291765/social,marketwatch.com,English,United States,2021-01-28 19:45:00+00:00,GME
https://www.nintendoenthusiast.com/robinhood-blocks-gamestop-trading-aoc-and-ted-cruz-demand-answers/,https://www.nintendoenthusiast.com/robinhood-blocks-gamestop-trading-aoc-and-ted-cruz-demand-answers/amp/,"Robinhood blocks GameStop trading , AOC and Ted Cruz demand answers",20210128T194500Z,https://www.nintendoenthusiast.com/wp-content/uploads/2021/01/ted-and-aoc.jpg,nintendoenthusiast.com,English,Japan,2021-01-28 19:45:00+00:00,GME
https://marker.medium.com/gamestop-proves-were-in-a-meme-stock-bubble-b3f39163a77f?source=home---------1---------------------e04e8e4a_9a05_4e03_98cc_1ba87c0049ab-------7&gi=sd,https://marker.medium.com/amp/p/b3f39163a77f,The Reddit GameStop Boom Proves Were in a  Meme Stock  Bubble,20210128T194500Z,https://miro.medium.com/focal/1200/632/49/25/1*3MN6QX978zrXE_iflM45Bg.jpeg,marker.medium.com,English,United States,2021-01-28 19:45:00+00:00,GME
https://www.swfinstitute.org/news/84128/robinhood-stock-app-blocks-purchases-of-gamestop-amc-and-blackberry-stock,https://www.swfinstitute.org/news/84128/robinhood-stock-app-blocks-purchases-of-gamestop-amc-and-blackberry-stock/amp,"Robinhood Stock App Blocks Purchases of GameStop , AMC , and BlackBerry Stock",20210128T194500Z,,swfinstitute.org,English,United States,2021-01-28 19:45:00+00:00,GME
https://dailycaller.com/2021/01/28/class-action-lawsuit-filed-against-robinhood/,https://amp.dailycaller.com/2021/01/28/class-action-lawsuit-filed-against-robinhood,Class Action Lawsuit Filed Against Robinhood,20210128T200000Z,https://cdn01.dailycaller.com/wp-content/uploads/2021/01/GettyImages-1291817095-scaled-e1611858252544.jpg,dailycaller.com,English,United States,2021-01-28 20:00:00+00:00,GME
https://www.theglobeandmail.com/investing/personal-finance/young-money/article-as-a-blueprint-for-a-lifetime-of-investing-success-the-gamestop-story/,,"As a blueprint for a lifetime of investing success , the GameStop story is a disaster",20210128T200000Z,https://www.theglobeandmail.com/resizer/Ks3HeXhMvJ7m-3eYn4vzft3KFUk=/1200x0/filters:quality(80)/cloudfront-us-east-1.images.arcpublishing.com/tgam/B75F5KYMZZPFRAX3JLIPHWWIZM.JPG,theglobeandmail.com,English,Canada,2021-01-28 20:00:00+00:00,GME
https://b1027.com/whats-up-with-gamestops-stock/,,What Up With GameStop Stock ? ,20210128T200000Z,https://townsquare.media/site/484/files/2021/01/Untitled-design-2021-01-28T095248.337.jpg?&zc=1&s=0&a=t&q=89,b1027.com,English,United States,2021-01-28 20:00:00+00:00,GME
https://www.nbcmiami.com/news/business/money-report/robinhood-interactive-brokers-restrict-trading-in-gamestop-stocks-and-options/2369743/,https://www.nbcmiami.com/news/business/money-report/robinhood-interactive-brokers-restrict-trading-in-gamestop-stocks-and-options/2369743/?amp,"Robinhood Restricts Trading in GameStop , Other Names Involved in Frenzy",20210128T200000Z,https://media.nbcmiami.com/2021/01/106830231-1611686939964DNZ-U-Photo-20210126-Press-4.jpg,nbcmiami.com,English,United States,2021-01-28 20:00:00+00:00,GME
https://bringmethenews.com/minnesota-news/fury-as-trading-platforms-halt-buys-on-gamestop-other-meme-stocks,https://bringmethenews.com/.amp/minnesota-news/fury-as-trading-platforms-halt-buys-on-gamestop-other-meme-stocks,"Fury as trading platforms halt buys on GameStop , other  meme stocks  ",20210128T200000Z,,bringmethenews.com,English,United States,2021-01-28 20:00:00+00:00,GME
https://sputniknews.com/business/202101281081911717-investors-on-reddit-condemn-trading-platforms-for-halting-gamestop-other-volatile-stock-buys/,https://sputniknews.com/amp/business/202101281081911717-investors-on-reddit-condemn-trading-platforms-for-halting-gamestop-other-volatile-stock-buys/,"Investors on Reddit Condemn Trading Platforms for Halting GameStop , Other Volatile Stock Buys",20210128T200000Z,https://cdn1.img.sputniknews.com/images/07e5/01/1c/1081911676.jpg,sputniknews.com,English,Russia,2021-01-28 20:00:00+00:00,GME
https://marker.medium.com/gamestop-proves-were-in-a-meme-stock-bubble-b3f39163a77f?source=home---------1---------------------544c7c93_11b1_4366_aadd_024813383a86-------7&gi=sd,https://marker.medium.com/amp/p/b3f39163a77f,The Reddit GameStop Boom Proves Were in a  Meme Stock  Bubble,20210128T200000Z,https://miro.medium.com/focal/1200/632/49/25/1*3MN6QX978zrXE_iflM45Bg.jpeg,marker.medium.com,English,United States,2021-01-28 20:00:00+00:00,GME
https://www.wyomingpublicmedia.org/post/gamestop-how-reddit-traders-occupied-wall-streets-turf,,GameStop : How Reddit Traders Occupied Wall Street Turf,20210128T201500Z,,wyomingpublicmedia.org,English,United States,2021-01-28 20:15:00+00:00,GME
https://marker.medium.com/gamestop-proves-were-in-a-meme-stock-bubble-b3f39163a77f?source=home---------2---------------------cb0a2dc3_a515_42e7_9376_18f897afff10-------7&gi=sd,https://marker.medium.com/amp/p/b3f39163a77f,The Reddit GameStop Boom Proves Were in a  Meme Stock  Bubble,20210129T021500Z,https://miro.medium.com/focal/1200/632/49/25/1*3MN6QX978zrXE_iflM45Bg.jpeg,marker.medium.com,English,United States,2021-01-29 02:15:00+00:00,GME
https://www.newschannel5.com/news/nashvillians-have-stake-in-gamestop-stock-as-robinhood-halts-transactions,https://www.newschannel5.com/news/nashvillians-have-stake-in-gamestop-stock-as-robinhood-halts-transactions?_amp=true,Nashvillians have stake in GameStop stock as Robinhood halts transactions,20210129T023000Z,https://ewscripps.brightspotcdn.com/95/fe/b0324044497183727a94391e642e/ap21027509559258.jpg,newschannel5.com,English,United States,2021-01-29 02:30:00+00:00,GME
https://marker.medium.com/gamestop-proves-were-in-a-meme-stock-bubble-b3f39163a77f?source=home---------2---------------------6bbba247_d064_4be9_917f_b529e44ecc87-------7&gi=sd,https://marker.medium.com/amp/p/b3f39163a77f,The Reddit GameStop Boom Proves Were in a  Meme Stock  Bubble,20210129T023000Z,https://miro.medium.com/focal/1200/632/49/25/1*3MN6QX978zrXE_iflM45Bg.jpeg,marker.medium.com,English,United States,2021-01-29 02:30:00+00:00,GME
https://www.wfae.org/business/2021-01-28/gamestop-stock-mania-why-everyone-is-talking-about-it-and-many-are-worried,,GameStop Stock Mania : Why Everyone Is Talking About It And Many Are Worried,20210129T023000Z,https://media.npr.org/assets/img/2021/01/28/gettyimages-1175099097-5c253bdd274902c26bc85a68ecc3e9e8b94ce335.jpg,wfae.org,English,United States,2021-01-29 02:30:00+00:00,GME
https://www.gizmodo.com.au/2021/01/gamestonk-heads-to-the-moon-congress/,https://www.gizmodo.com.au/2021/01/gamestonk-heads-to-the-moon-congress/amp/,GameStonk Heads to the Moon Congress,20210129T023000Z,https://imgix.gizmodo.com.au/content/uploads/sites/2/2021/01/29/zhy2lhsr9d80mip11m4n-scaled.jpg?ar=16%3A9&auto=format&fit=crop&q=65,gizmodo.com.au,English,Australia,2021-01-29 02:30:00+00:00,GME
https://www.business-standard.com/article/international/small-investors-behind-surge-in-gamestop-and-other-shares-hit-by-curbs-121012900145_1.html,https://wap.business-standard.com/article-amp/international/small-investors-behind-surge-in-gamestop-and-other-shares-hit-by-curbs-121012900145_1.html,Small investors behind surge in GameStop and other shares hit by curbs,20210129T023000Z,https://bsmedia.business-standard.com/_media/bs/img/article/2021-01/29/full/1611865663-6248.jpg,business-standard.com,English,India,2021-01-29 02:30:00+00:00,GME
https://www.soyacincau.com/2021/01/29/malaysia-bursabets-inspired-us-wallstreetbets-gamestop-surge/,https://www.soyacincau.com/2021/01/29/malaysia-bursabets-inspired-us-wallstreetbets-gamestop-surge/amp/,"Inspired by GameStop surge , Malaysia  BursaBet starts drive for local glovemaker shares",20210129T023000Z,https://www.soyacincau.com/storage/2021/01/210129-malaysia-bursabets.jpg,soyacincau.com,English,Malaysia,2021-01-29 02:30:00+00:00,GME
https://marker.medium.com/gamestop-proves-were-in-a-meme-stock-bubble-b3f39163a77f?source=home---------2---------------------347bc0c9_9080_4161_b4e0_e745f831b173-------7&gi=sd,https://marker.medium.com/amp/p/b3f39163a77f,The Reddit GameStop Boom Proves Were in a  Meme Stock  Bubble,20210129T024500Z,https://miro.medium.com/focal/1200/632/49/25/1*3MN6QX978zrXE_iflM45Bg.jpeg,marker.medium.com,English,United States,2021-01-29 02:45:00+00:00,GME
https://www.reuters.com/article/us-retail-trading/small-investors-behind-surge-in-gamestop-and-other-shares-hit-by-restrictions-idUSKBN29X12T,https://mobile.reuters.com/article/amp/idUSKBN29X12T,Small investors behind surge in GameStop and other shares hit by trading curbs,20210129T024500Z,https://static.reuters.com/resources/r/?m=02&d=20210128&t=2&i=1549378446&r=LYNXMPEH0R0MV,reuters.com,English,United States,2021-01-29 02:45:00+00:00,GME
https://www.hppr.org/post/gamestop-stock-mania-why-everyone-talking-about-it-and-many-are-worried,,GameStop Stock Mania : Why Everyone Is Talking About It And Many Are Worried,20210129T024500Z,,hppr.org,English,United States,2021-01-29 02:45:00+00:00,GME
https://meaww.com/game-stop-stock-price-reddit-elon-musk-tweet-billionaire-shares-skyrocket-one-word-business-money,https://meaww.com/amp/game-stop-stock-price-reddit-elon-musk-tweet-billionaire-shares-skyrocket-one-word-business-money,What is Elon Musk connection to GameStop ? Here how one word from the billionaire sent shares skyrocketing,20210129T024500Z,https://cheesecake.articleassets.meaww.com/519596/uploads/f8f1c500-61d3-11eb-ade2-75966e481908_1200_630.png,meaww.com,English,United States,2021-01-29 02:45:00+00:00,GME
https://www.infowars.com/posts/breaking-senate-panel-to-hold-hearing-on-current-state-of-stock-market/,,BREAKING : Senate Panel to Hold Hearing on  Current State of Stock Market  ,20210129T024500Z,https://api-assets.infowars.com/2021/01/1-27-21-senate.jpg,infowars.com,English,United States,2021-01-29 02:45:00+00:00,GME
https://marker.medium.com/gamestop-proves-were-in-a-meme-stock-bubble-b3f39163a77f?source=home---------2---------------------84710853_e4e9_4618_a0b3_123f4015e805-------7&gi=sd,https://marker.medium.com/amp/p/b3f39163a77f,The Reddit GameStop Boom Proves Were in a  Meme Stock  Bubble,20210129T030000Z,https://miro.medium.com/focal/1200/632/49/25/1*3MN6QX978zrXE_iflM45Bg.jpeg,marker.medium.com,English,United States,2021-01-29 03:00:00+00:00,GME
https://theconservativetreehouse.com/2021/01/28/wow-big-tech-colludes-with-wall-street-to-protect-elites-and-hedgefunds-against-ordinary-investors/comment-page-3/,,"Wow , Big Tech Colludes With Wall Street to Protect Elites and Hedgefunds Against Ordinary Investors",20210129T030000Z,https://eadn-wc04-3211983.nxedge.io/cdn/wp-content/uploads/2021/01/reeddit-wall-street-bets-e1611858680948.jpg,theconservativetreehouse.com,English,United States,2021-01-29 03:00:00+00:00,GME
https://www.kcbx.org/post/gamestop-stock-mania-why-everyone-talking-about-it-and-many-are-worried,,GameStop Stock Mania : Why Everyone Is Talking About It And Many Are Worried,20210129T031500Z,,kcbx.org,English,United States,2021-01-29 03:15:00+00:00,GME
https://www.wwno.org/post/gamestop-how-reddit-traders-occupied-wall-streets-turf,,GameStop Stock Mania : Why Everyone Is Talking About It And Many Are Worried,20210129T033000Z,,wwno.org,English,United States,2021-01-29 03:30:00+00:00,GME
https://www.dailymail.co.uk/news/article-9199905/Psaki-ducks-questions-Biden-administrations-GameStop-policy.html,https://www.dailymail.co.uk/news/article-9199905/amp/Psaki-ducks-questions-Biden-administrations-GameStop-policy.html,Psaki ducks questions about Biden administration GameStop policy,20210129T033000Z,https://i.dailymail.co.uk/1s/2021/01/29/03/38616944-0-image-a-37_1611889279701.jpg,dailymail.co.uk,English,United Kingdom,2021-01-29 03:30:00+00:00,GME
https://marker.medium.com/gamestop-proves-were-in-a-meme-stock-bubble-b3f39163a77f?source=home---------3---------------------9b564dd8_2947_404d_a5d8_b24d9b6c4000-------7&gi=sd,https://marker.medium.com/amp/p/b3f39163a77f,The Reddit GameStop Boom Proves Were in a  Meme Stock  Bubble,20210129T033000Z,https://miro.medium.com/focal/1200/632/49/25/1*3MN6QX978zrXE_iflM45Bg.jpeg,marker.medium.com,English,United States,2021-01-29 03:30:00+00:00,GME
https://scallywagandvagabond.com/2021/01/keith-gill-roaring-kitty-mr-wizard-deepfinvalue-wallstreetbets/,https://scallywagandvagabond.com/2021/01/keith-gill-roaring-kitty-mr-wizard-deepfinvalue-wallstreetbets/amp/,Keith Gill Roaring Kitty Mr Wizard aka DeepF *** inValue of WallStreetBets,20210129T033000Z,https://scallywagandvagabond.com/wp-content/uploads/2021/01/keith-gill-roaring-kitty-1.jpg,scallywagandvagabond.com,English,United States,2021-01-29 03:30:00+00:00,GME
https://marker.medium.com/gamestop-proves-were-in-a-meme-stock-bubble-b3f39163a77f?source=home---------3---------------------d0625251_ec94_4be0_be7f_534de6b17cea-------7&gi=sd,https://marker.medium.com/amp/p/b3f39163a77f,The Reddit GameStop Boom Proves Were in a  Meme Stock  Bubble,20210129T034500Z,https://miro.medium.com/focal/1200/632/49/25/1*3MN6QX978zrXE_iflM45Bg.jpeg,marker.medium.com,English,United States,2021-01-29 03:45:00+00:00,GME
https://www.chron.com/business/article/GameStop-shares-whipsaw-as-other-stocks-targeted-15905279.php,,GameStop and other stocks targeted by Reddit users plummet,20210129T034500Z,https://s.hdnux.com/photos/01/16/30/24/20546833/15/rawImage.jpg,chron.com,English,United States,2021-01-29 03:45:00+00:00,GME
https://www.benzinga.com/news/21/01/19385524/amc-explores-another-stock-sale-amid-reddit-fueled-rally-report,https://amp.benzinga.com/amp/content/19385524," ( AMC ), BlackBerry ( NASDAQ : BB ) - AMC Explores Another Stock Sale Amid Reddit - Fueled Rally : Report",20210129T034500Z,,benzinga.com,English,United States,2021-01-29 03:45:00+00:00,GME
https://cnnphilippines.com:443/business/2021/1/29/gamestop-social-media.html,,The real shock of the GameStop mania was that it didnt happen sooner,20210129T034500Z,http://cnnphilippines.com/.imaging/mte/demo-cnn-new/750x450/dam/cnn/2021/1/28/GameStop-Store_CNNPH.jpg/jcr:content/GameStop-Store_CNNPH.jpg,cnnphilippines.com,English,Philippines,2021-01-29 03:45:00+00:00,GME
https://www.marketwatch.com/story/the-gamestop-and-amc-drama-doesnt-stop-with-the-stock-market-11611889115,https://www.marketwatch.com/amp/story/the-gamestop-and-amc-drama-doesnt-stop-with-the-stock-market-11611889115,The GameStop and AMC drama doesnt stop with the stock market,20210129T034500Z,https://images.mktw.net/im-273096/social,marketwatch.com,English,United States,2021-01-29 03:45:00+00:00,GME
https://marker.medium.com/gamestop-proves-were-in-a-meme-stock-bubble-b3f39163a77f?source=home---------3---------------------ce2b445c_7b45_4a42_93b8_003e2fc15d8f-------7&gi=sd,https://marker.medium.com/amp/p/b3f39163a77f,The Reddit GameStop Boom Proves Were in a  Meme Stock  Bubble,20210129T040000Z,https://miro.medium.com/focal/1200/632/49/25/1*3MN6QX978zrXE_iflM45Bg.jpeg,marker.medium.com,English,United States,2021-01-29 04:00:00+00:00,GME
https://investingnews.com/daily/resource-investing/precious-metals-investing/silver-investing/gareth-soloway-whats-going-on-gamestop/,,"Gareth Soloway : Explaining GameStop , How it Connects to Silver",20210129T040000Z,https://cdn.investingnews.com/app/uploads/2021/01/gareth-soloway-gamestop-silver.jpg,investingnews.com,English,Canada,2021-01-29 04:00:00+00:00,GME
https://marker.medium.com/gamestop-proves-were-in-a-meme-stock-bubble-b3f39163a77f?source=home---------3---------------------ebe13e6e_7e31_444c_97d4_168d06226829-------7&gi=sd,https://marker.medium.com/amp/p/b3f39163a77f,The Reddit GameStop Boom Proves Were in a  Meme Stock  Bubble,20210129T041500Z,https://miro.medium.com/focal/1200/632/49/25/1*3MN6QX978zrXE_iflM45Bg.jpeg,marker.medium.com,English,United States,2021-01-29 04:15:00+00:00,GME
https://www.metro.us/famed-gamestop-bull-roaring/,https://www.metro.us/famed-gamestop-bull-roaring/amp/,Famed GameStop bull  Roaring Kitty  is a Massachusetts financial advisor,20210129T041500Z,https://www.metro.us/wp-content/uploads/Reuters_Direct_Media/USOnlineReportBusinessNews/tagreuters.com2021binary_LYNXMPEH0S06N-BASEIMAGE.jpg,metro.us,English,United States,2021-01-29 04:15:00+00:00,GME
https://isp.netscape.com/pf/story/0002/20210129/KBN29X12T_14,,Small investors behind surge in GameStop and other shares hit by restrictions,20210129T041500Z,,isp.netscape.com,English,United States,2021-01-29 04:15:00+00:00,GME
https://siliconangle.com/2021/01/28/robinhood-fire-suspending-trading-gamestop-stocks-amid-buying-frenzy/,,"Robinhood under fire for suspending trading on Gamestop , other stocks amid buying frenzy",20210129T041500Z,https://d15shllkswkct0.cloudfront.net/wp-content/blogs.dir/1/files/2018/11/robinhood.png,siliconangle.com,English,United States,2021-01-29 04:15:00+00:00,GME
https://www.channelnewsasia.com/news/business/famed-gamestop-bull--roaring-kitty--is-a-massachusetts-financial-advisor-14067976,,Famed GameStop bull  Roaring Kitty  is a Massachusetts financial advisor,20210129T041500Z,"https://cna-sg-res.cloudinary.com/image/upload/q_auto,f_auto/image/14067972/16x9/991/557/ddc0bf1849de848ce0d2e6dfee826ffa/MM/file-photo--outside-a-gamestop-store-people-line-up-to-purchase-a-sony-ps5-gaming-console-1.jpg",channelnewsasia.com,English,United States,2021-01-29 04:15:00+00:00,GME
https://isp.netscape.com/pf/story/0002/20210129/KBN29Y0AF_3,,Famed GameStop bull  Roaring Kitty  is a Massachusetts financial advisor,20210129T041500Z,,isp.netscape.com,English,United States,2021-01-29 04:15:00+00:00,GME
https://www.reuters.com/article/us-retail-trading-roaringkitty/famed-gamestop-bull-roaring-kitty-is-a-massachusetts-financial-advisor-idUSKBN29Y0AF,https://mobile.reuters.com/article/amp/idUSKBN29Y0AF,Famed GameStop bull  Roaring Kitty  is a Massachusetts financial advisor,20210129T041500Z,https://static.reuters.com/resources/r/?m=02&d=20210129&t=2&i=1549486810&r=LYNXMPEH0S06N,reuters.com,English,United States,2021-01-29 04:15:00+00:00,GME
https://marker.medium.com/gamestop-proves-were-in-a-meme-stock-bubble-b3f39163a77f?source=home---------3---------------------629d8f03_8427_414d_8757_050a235b8bf3-------7&gi=sd,https://marker.medium.com/amp/p/b3f39163a77f,The Reddit GameStop Boom Proves Were in a  Meme Stock  Bubble,20210129T043000Z,https://miro.medium.com/focal/1200/632/49/25/1*3MN6QX978zrXE_iflM45Bg.jpeg,marker.medium.com,English,United States,2021-01-29 04:30:00+00:00,GME
https://www.msn.com/en-us/money/companies/reddit-ignites-mall-stock-and-fund-cashes-out-24500-million/ar-BB1dbX2M,,Reddit Ignites Mall Stock and Fund Cashes Out $500 Million,20210129T043000Z,,msn.com,English,United States,2021-01-29 04:30:00+00:00,GME
https://www.reuters.com/article/us-retail-trading-roaringkitty-idUSKBN29Y0AF,https://mobile.reuters.com/article/amp/idUSKBN29Y0AF,Famed GameStop bull  Roaring Kitty  is a Massachusetts financial advisor,20210129T043000Z,https://static.reuters.com/resources/r/?m=02&d=20210129&t=2&i=1549487898&r=LYNXMPEH0S06N,reuters.com,English,United States,2021-01-29 04:30:00+00:00,GME
https://marker.medium.com/gamestop-proves-were-in-a-meme-stock-bubble-b3f39163a77f?source=home---------3---------------------740a4279_878a_4cbe_8da2_450f5c7df4a9-------7&gi=sd,https://marker.medium.com/amp/p/b3f39163a77f,The Reddit GameStop Boom Proves Were in a  Meme Stock  Bubble,20210129T044500Z,https://miro.medium.com/focal/1200/632/49/25/1*3MN6QX978zrXE_iflM45Bg.jpeg,marker.medium.com,English,United States,2021-01-29 04:45:00+00:00,GME
https://www.reuters.com/article/retail-trading-roaringkitty/famed-gamestop-bull-roaring-kitty-is-a-massachusetts-financial-advisor-idUSL4N2K35HY,https://mobile.reuters.com/article/amp/idUSKBN29Y0AF,Famed GameStop bull  Roaring Kitty  is a Massachusetts financial advisor,20210129T050000Z,https://static.reuters.com/resources/r/?m=02&d=20210129&t=2&i=1549487898&r=LYNXMPEH0S06N,reuters.com,English,United States,2021-01-29 05:00:00+00:00,GME
https://www.news18.com/news/buzz/jon-stewart-finally-joined-twitter-reddits-strategy-on-wall-street-bets-and-gamestock-is-the-reason-3357854.html,https://www.news18.com/amp/news/buzz/jon-stewart-finally-joined-twitter-reddits-strategy-on-wall-street-bets-and-gamestock-is-the-reason-3357854.html,Jon Stewart Finally Joined Twitter . Reddit Strategy on Wall Street Bets and GameStock Is the Reason,20210129T050000Z,https://images.news18.com/ibnlive/uploads/2021/01/1611889508_untitled-design.png,news18.com,English,India,2021-01-29 05:00:00+00:00,GME
https://www.fool.com.au/2021/01/29/chamath-palihapitiya-defends-wallstreetbets-gamestop-short-squeeze/,https://www.fool.com.au/2021/01/29/chamath-palihapitiya-defends-wallstreetbets-gamestop-short-squeeze/amp/,Chamath Palihapitiya defends WallStreetBets GameStop short squeeze,20210129T050000Z,https://www.fool.com.au/wp-content/uploads/2021/01/investor-fight.jpg,fool.com.au,English,Australia,2021-01-29 05:00:00+00:00,GME
https://www.fool.com.au/2021/01/29/the-reddit-gamestop-robinhood-saga-is-heating-up/,https://www.fool.com.au/2021/01/29/the-reddit-gamestop-robinhood-saga-is-heating-up/amp/,The Reddit - GameStop - Robinhood saga is heating up,20210129T050000Z,https://www.fool.com.au/wp-content/uploads/2021/01/Battle-16.9.jpg,fool.com.au,English,Australia,2021-01-29 05:00:00+00:00,GME
https://www.metro.us/small-investors-behind-surge/,https://www.metro.us/small-investors-behind-surge/amp/,Small investors behind surge in GameStop and other shares hit by restrictions,20210129T050000Z,https://www.metro.us/wp-content/uploads/Reuters_Direct_Media/USOnlineReportBusinessNews/tagreuters.com2021binary_LYNXMPEH0R0MV-BASEIMAGE.jpg,metro.us,English,United States,2021-01-29 05:00:00+00:00,GME
https://marker.medium.com/gamestop-proves-were-in-a-meme-stock-bubble-b3f39163a77f?source=home---------3---------------------f1de01d9_0187_4b77_9623_d18067d246bd-------7&gi=sd,https://marker.medium.com/amp/p/b3f39163a77f,The Reddit GameStop Boom Proves Were in a  Meme Stock  Bubble,20210129T050000Z,https://miro.medium.com/focal/1200/632/49/25/1*3MN6QX978zrXE_iflM45Bg.jpeg,marker.medium.com,English,United States,2021-01-29 05:00:00+00:00,GME
http://www.msn.com/en-us/money/companies/reddit-ignites-mall-stock-and-fund-cashes-out-500-million/ar-BB1dbX2M,,Reddit Ignites Mall Stock and Fund Cashes Out $500 Million,20210129T050000Z,,msn.com,English,United States,2021-01-29 05:00:00+00:00,GME
https://marker.medium.com/gamestop-proves-were-in-a-meme-stock-bubble-b3f39163a77f?source=home---------3---------------------7a5dc849_99a6_4060_8a0b_9a194d548052-------7&gi=sd,https://marker.medium.com/amp/p/b3f39163a77f,The Reddit GameStop Boom Proves Were in a  Meme Stock  Bubble,20210129T051500Z,https://miro.medium.com/focal/1200/632/49/25/1*3MN6QX978zrXE_iflM45Bg.jpeg,marker.medium.com,English,United States,2021-01-29 05:15:00+00:00,GME
http://global.chinadaily.com.cn/a/202101/29/WS60138cf6a31024ad0baa6063.html,,GameStop gamed in stock market tizzy,20210129T053000Z,http://img2.chinadaily.com.cn/images/202101/29/60138cf6a31024adbdb1b717.jpeg,global.chinadaily.com.cn,English,China,2021-01-29 05:30:00+00:00,GME
https://marker.medium.com/gamestop-proves-were-in-a-meme-stock-bubble-b3f39163a77f?source=home---------3---------------------d10edaf7_b8db_42a9_808e_873fd0e4378f-------7&gi=sd,https://marker.medium.com/amp/p/b3f39163a77f,The Reddit GameStop Boom Proves Were in a  Meme Stock  Bubble,20210129T053000Z,https://miro.medium.com/focal/1200/632/49/25/1*3MN6QX978zrXE_iflM45Bg.jpeg,marker.medium.com,English,United States,2021-01-29 05:30:00+00:00,GME
https://marker.medium.com/gamestop-proves-were-in-a-meme-stock-bubble-b3f39163a77f?source=home---------3---------------------ea9722dd_2b11_4d7a_a22c_fd60e8af9d3a-------7&gi=sd,https://marker.medium.com/amp/p/b3f39163a77f,The Reddit GameStop Boom Proves Were in a  Meme Stock  Bubble,20210129T054500Z,https://miro.medium.com/focal/1200/632/49/25/1*3MN6QX978zrXE_iflM45Bg.jpeg,marker.medium.com,English,United States,2021-01-29 05:45:00+00:00,GME
https://www.swfinstitute.org/news/84182/interactive-brokers-founder-thomas-peterffy-imposed-curbs-on-companies-to-protect-market-integrity,https://www.swfinstitute.org/news/84182/interactive-brokers-founder-thomas-peterffy-imposed-curbs-on-companies-to-protect-market-integrity/amp,Interactive Brokers Founder Thomas Peterffy Imposed Curbs on Companies to Protect Market Integrity,20210129T054500Z,,swfinstitute.org,English,United States,2021-01-29 05:45:00+00:00,GME
https://blogs.elconfidencial.com/mercados/de-vuelta/2021-01-29/la-rebelion-y-triunfo-del-pueblo-gamestop-mania_2927092/,https://blogs.elconfidencial.com/amp/mercados/de-vuelta/2021-01-29/la-rebelion-y-triunfo-del-pueblo-gamestop-mania_2927092/,La rebelión y triunfo del pueblo ; GameStop Manía,20210129T054500Z,https://www.ecestaticos.com/imagestatic/clipping/7b9/1e8/7b91e8ddf56be0e910863086ff7428a6/la-rebelion-y-triunfo-del-pueblo-gamestop-mania.jpg?mtime=1611858554,blogs.elconfidencial.com,Spanish,Spain,2021-01-29 05:45:00+00:00,GME
https://www.surfky.com/how-wallstreetbets-could-bring-about-the-collapse-of-the-entire-fiat-monetary-system,,How wallstreetbets Could Start The Collapse of the Entire Fiat Monetary System,20210129T060000Z,https://www.surfky.com/assets/images/d15dd86da595c6c2e46f9a038f6804f7.png,surfky.com,English,United States,2021-01-29 06:00:00+00:00,GME
https://www.cbc.ca/sports/the-buzzer-newsletter-gamestop-stock-sports-1.5892420,https://www.cbc.ca/amp/1.5892420,The GameStop frenzy even touched sports,20210129T060000Z,https://i.cbc.ca/1.5892428.1611871585!/fileImage/httpImage/image.jpg_gen/derivatives/16x9_620/1193675783.jpg,cbc.ca,English,Canada,2021-01-29 06:00:00+00:00,GME
https://marker.medium.com/gamestop-proves-were-in-a-meme-stock-bubble-b3f39163a77f?source=home---------3---------------------7ec22488_69a5_498b_945a_b4f74ffe281c-------7&gi=sd,https://marker.medium.com/amp/p/b3f39163a77f,The Reddit GameStop Boom Proves Were in a  Meme Stock  Bubble,20210129T060000Z,https://miro.medium.com/focal/1200/632/49/25/1*3MN6QX978zrXE_iflM45Bg.jpeg,marker.medium.com,English,United States,2021-01-29 06:00:00+00:00,GME
https://marker.medium.com/gamestop-proves-were-in-a-meme-stock-bubble-b3f39163a77f?source=home---------3---------------------bea88fb2_9365_4b44_92fe_19530fe68c04-------7&gi=sd,https://marker.medium.com/amp/p/b3f39163a77f,The Reddit GameStop Boom Proves Were in a  Meme Stock  Bubble,20210129T061500Z,https://miro.medium.com/focal/1200/632/49/25/1*3MN6QX978zrXE_iflM45Bg.jpeg,marker.medium.com,English,United States,2021-01-29 06:15:00+00:00,GME
https://www.watson.ch/wirtschaft/international/706193843-gamestop-aktie-kampf-erreicht-neues-level-boersen-unter-cheatverdacht,https://www.watson.ch/amp/!706193843,GameStop - Aktie : Kampf erreicht neues Level – Börsen unter Cheatverdacht,20210129T061500Z,"https://www.watson.ch/imgdb/3251/Qx,A,0,699,4541,2556,213,1077,4030,1604/5401581458845699",watson.ch,German,Switzerland,2021-01-29 06:15:00+00:00,GME
https://www.benzinga.com/news/21/01/19386380/reddit-fueled-rally-in-mall-stock-allows-its-largest-investor-to-cash-out,https://amp.benzinga.com/amp/content/19386380,"Macerich Company ( The ) ( NYSE : MAC ), ( AMC ) - Reddit - Fueled Rally In Mall Stock Allows Its Largest Investor To Cash Out",20210129T061500Z,,benzinga.com,English,United States,2021-01-29 06:15:00+00:00,GME
https://www.wunc.org/post/gamestop-how-reddit-traders-occupied-wall-streets-turf,,GameStop Stock Mania : Why Everyone Is Talking About It And Many Are Worried,20210129T061500Z,,wunc.org,English,United States,2021-01-29 06:15:00+00:00,GME
https://marker.medium.com/gamestop-proves-were-in-a-meme-stock-bubble-b3f39163a77f?source=home---------3---------------------6af06dd8_a523_48dc_980b_7f685062f6c4-------7&gi=sd,https://marker.medium.com/amp/p/b3f39163a77f,The Reddit GameStop Boom Proves Were in a  Meme Stock  Bubble,20210129T063000Z,https://miro.medium.com/focal/1200/632/49/25/1*3MN6QX978zrXE_iflM45Bg.jpeg,marker.medium.com,English,United States,2021-01-29 06:30:00+00:00,GME
https://www.reuters.com/article/idUSKBN29Y0AF,https://mobile.reuters.com/article/amp/idUSKBN29Y0AF,Famed GameStop bull  Roaring Kitty  is a Massachusetts financial advisor,20210129T064500Z,https://static.reuters.com/resources/r/?m=02&d=20210129&t=2&i=1549498639&r=LYNXMPEH0S085,reuters.com,English,United States,2021-01-29 06:45:00+00:00,GME
https://marker.medium.com/gamestop-proves-were-in-a-meme-stock-bubble-b3f39163a77f?source=home---------3---------------------f015a496_a5b3_4221_9c2c_604b705064c7-------7&gi=sd,https://marker.medium.com/amp/p/b3f39163a77f,The Reddit GameStop Boom Proves Were in a  Meme Stock  Bubble,20210129T064500Z,https://miro.medium.com/focal/1200/632/49/25/1*3MN6QX978zrXE_iflM45Bg.jpeg,marker.medium.com,English,United States,2021-01-29 06:45:00+00:00,GME
https://marker.medium.com/gamestop-proves-were-in-a-meme-stock-bubble-b3f39163a77f?source=home---------3---------------------ff67de58_1df8_41d7_9ea0_b14ef4080386-------7&gi=sd,https://marker.medium.com/amp/p/b3f39163a77f,The Reddit GameStop Boom Proves Were in a  Meme Stock  Bubble,20210129T070000Z,https://miro.medium.com/focal/1200/632/49/25/1*3MN6QX978zrXE_iflM45Bg.jpeg,marker.medium.com,English,United States,2021-01-29 07:00:00+00:00,GME
https://taibbi.substack.com/p/suck-it-wall-street,,"Suck It , Wall Street",20210129T070000Z,"https://cdn.substack.com/image/fetch/h_600,c_limit,f_auto,q_auto:good,fl_progressive:steep/https%3A%2F%2Fbucketeer-e05bbc84-baa3-437e-9518-adb32be77984.s3.amazonaws.com%2Fpublic%2Fimages%2F6ed7d5e7-5253-4794-bd7a-c00cf1b87d4e_1894x1250.png",taibbi.substack.com,English,,2021-01-29 07:00:00+00:00,GME
https://www.news18.com/news/buzz/indians-are-finding-a-strange-harshad-mehta-connection-to-gamestop-stock-surge-by-reddit-3358307.html,https://www.news18.com/amp/news/buzz/indians-are-finding-a-strange-harshad-mehta-connection-to-gamestop-stock-surge-by-reddit-3358307.html,Indians Are Finding a Strange Harshad Mehta Connection to GameStop Stock Surge by Reddit,20210129T071500Z,https://images.news18.com/ibnlive/uploads/2021/01/1611897462_untitled-design-2021-01-29t104544.343.png,news18.com,English,India,2021-01-29 07:15:00+00:00,GME
https://marker.medium.com/gamestop-proves-were-in-a-meme-stock-bubble-b3f39163a77f?source=home---------3---------------------3586972e_00a7_4e1e_8dd1_9389fad4c1a9-------7&gi=sd,https://marker.medium.com/amp/p/b3f39163a77f,The Reddit GameStop Boom Proves Were in a  Meme Stock  Bubble,20210129T071500Z,https://miro.medium.com/focal/1200/632/49/25/1*3MN6QX978zrXE_iflM45Bg.jpeg,marker.medium.com,English,United States,2021-01-29 07:15:00+00:00,GME
https://www.thestar.com.my/business/business-news/2021/01/29/gamestop-mania-goes-global-as-retail-traders-gang-up-on-shorts,,GameStop mania goes global as retail traders gang up on shorts,20210129T073000Z,https://apicms.thestar.com.my/uploads/images/2021/01/29/1025063.jpg,thestar.com.my,English,Malaysia,2021-01-29 07:30:00+00:00,GME
https://www.foxla.com/news/gamestop-stock-price-frenzy-what-to-know,https://www.foxla.com/news/gamestop-stock-price-frenzy-what-to-know.amp,GameStop stock price frenzy : What to know,20210129T073000Z,https://images.foxtv.com/static.foxla.com/www.foxla.com/content/uploads/2021/01/724/407/GettyImages-1227730798-1.jpg?ve=1&tl=1,foxla.com,English,United States,2021-01-29 07:30:00+00:00,GME
https://www.kiplinger.com/investing/stocks/602158/gamestop-how-wallstreetbets-wsb-beat-hedge-funds,https://www.kiplinger.com/investing/stocks/602158/gamestop-how-wallstreetbets-wsb-beat-hedge-funds?amp,GameStop : How WSB Beat Hedge Funds at Their Own Game,20210129T073000Z,https://mediacloud.kiplinger.com/image/private/s--7yvl8_yi--/v1611754079/Investing/GME-stock-A-2021.jpg,kiplinger.com,English,United States,2021-01-29 07:30:00+00:00,GME
https://marker.medium.com/gamestop-proves-were-in-a-meme-stock-bubble-b3f39163a77f?source=home---------3---------------------4832b8fa_90de_49c2_8831_ec513bb1dbc0-------7&gi=sd,https://marker.medium.com/amp/p/b3f39163a77f,The Reddit GameStop Boom Proves Were in a  Meme Stock  Bubble,20210129T073000Z,https://miro.medium.com/focal/1200/632/49/25/1*3MN6QX978zrXE_iflM45Bg.jpeg,marker.medium.com,English,United States,2021-01-29 07:30:00+00:00,GME
http://theeconomiccollapseblog.com/now-reddit-investors-are-talking-about-targeting-silver-and-that-could-change-everything/,,"Now Reddit Investors Are Talking About Targeting Silver , And That Could Change EVERYTHING",20210129T074500Z,http://theeconomiccollapseblog.com/wp-content/uploads/2021/01/Shark-Panic-Pixabay.png,theeconomiccollapseblog.com,English,United States,2021-01-29 07:45:00+00:00,GME
https://freerepublic.com/tag/*/index?more=3929819,,Latest Articles,20210129T074500Z,,freerepublic.com,English,United States,2021-01-29 07:45:00+00:00,GME
https://marker.medium.com/gamestop-proves-were-in-a-meme-stock-bubble-b3f39163a77f?source=home---------3---------------------a5b7ecd9_8f95_4a7b_9fd2_518d2001cc90-------7&gi=sd,https://marker.medium.com/amp/p/b3f39163a77f,The Reddit GameStop Boom Proves Were in a  Meme Stock  Bubble,20210129T074500Z,https://miro.medium.com/focal/1200/632/49/25/1*3MN6QX978zrXE_iflM45Bg.jpeg,marker.medium.com,English,United States,2021-01-29 07:45:00+00:00,GME
https://www.howestreet.com/2021/01/the-revolutionaries/,,The Revolutionaries,20210129T080000Z,,howestreet.com,English,United States,2021-01-29 08:00:00+00:00,GME
https://www.benzinga.com/news/21/01/19386004/facebook-takes-down-trading-group-with-157-000-members-amid-gamestop-frenzy,https://amp.benzinga.com/amp/content/19386004,"Facebook , Inc . ( NASDAQ : FB ), ( AMC ) - Facebook Takes Down Trading Group With 157 , 000 Members Amid GameStop Frenzy",20210129T080000Z,,benzinga.com,English,United States,2021-01-29 08:00:00+00:00,GME
https://marker.medium.com/gamestop-proves-were-in-a-meme-stock-bubble-b3f39163a77f?source=home---------3---------------------3b6a4736_5718_4a5a_9231_4c9a6c96d40f-------7&gi=sd,https://marker.medium.com/amp/p/b3f39163a77f,The Reddit GameStop Boom Proves Were in a  Meme Stock  Bubble,20210129T080000Z,https://miro.medium.com/focal/1200/632/49/25/1*3MN6QX978zrXE_iflM45Bg.jpeg,marker.medium.com,English,United States,2021-01-29 08:00:00+00:00,GME
https://marker.medium.com/gamestop-proves-were-in-a-meme-stock-bubble-b3f39163a77f?source=home---------3---------------------9cf1a79a_8781_4ea1_a71a_ddba627a3e59-------7&gi=sd,https://marker.medium.com/amp/p/b3f39163a77f,The Reddit GameStop Boom Proves Were in a  Meme Stock  Bubble,20210129T081500Z,https://miro.medium.com/focal/1200/632/49/25/1*3MN6QX978zrXE_iflM45Bg.jpeg,marker.medium.com,English,United States,2021-01-29 08:15:00+00:00,GME
https://www.kxly.com/i/the-real-shock-of-the-gamestop-mania-was-that-it-didnt-happen-sooner/,,The real shock of the GameStop mania was that it didnt happen sooner,20210129T083000Z,,kxly.com,English,United States,2021-01-29 08:30:00+00:00,GME
https://marker.medium.com/gamestop-proves-were-in-a-meme-stock-bubble-b3f39163a77f?source=home---------3---------------------f366bfa9_a9e6_416b_9a0f_ae45814f3f53-------7&gi=sd,https://marker.medium.com/amp/p/b3f39163a77f,The Reddit GameStop Boom Proves Were in a  Meme Stock  Bubble,20210129T083000Z,https://miro.medium.com/focal/1200/632/49/25/1*3MN6QX978zrXE_iflM45Bg.jpeg,marker.medium.com,English,United States,2021-01-29 08:30:00+00:00,GME
https://www.businesstoday.in/current/corporate/small-investors-behind-surge-in-gamestop-and-other-shares-hit-by-curbs/story/429479.html,https://m.businesstoday.in/lite/story/small-investors-behind-surge-in-gamestop-and-other-shares-hit-by-curbs/1/429479.html,Small investors behind surge in GameStop and other shares hit by curbs,20210129T083000Z,https://akm-img-a-in.tosshub.com/sites/btmt/images/stories/game_stop_144_290121125610.jpg,businesstoday.in,English,India,2021-01-29 08:30:00+00:00,GME
https://www.reuters.com/article/retail-trading/wrapup-9-small-investors-behind-surge-in-gamestop-and-other-shares-hit-by-restrictions-idUSL4N2K33F3?rpc=401,https://mobile.reuters.com/article/amp/idUSKBN29X12T,Small investors behind surge in GameStop and other shares hit by restrictions,20210129T083000Z,https://static.reuters.com/resources/r/?m=02&d=20210128&t=2&i=1549378446&r=LYNXMPEH0R0MV,reuters.com,English,United States,2021-01-29 08:30:00+00:00,GME
https://marker.medium.com/gamestop-proves-were-in-a-meme-stock-bubble-b3f39163a77f?source=home---------3---------------------8ab7c9a3_d08d_4299_af89_97ef8bb4a6d6-------7&gi=sd,https://marker.medium.com/amp/p/b3f39163a77f,The Reddit GameStop Boom Proves Were in a  Meme Stock  Bubble,20210129T084500Z,https://miro.medium.com/focal/1200/632/49/25/1*3MN6QX978zrXE_iflM45Bg.jpeg,marker.medium.com,English,United States,2021-01-29 08:45:00+00:00,GME
https://www.rte.ie/news/business/2021/0129/1193795-restrictions-hit-small-investors-behind-gamestop-surge/,https://amp.rte.ie/amp/1193795/ ,Restrictions hit small investors behind GameStop surge,20210129T090000Z,https://img.rasset.ie/001625f9-1600.jpg,rte.ie,English,Ireland,2021-01-29 09:00:00+00:00,GME
https://www.tradersmagazine.com/flashback/flash-friday-revenge-for-now-of-the-retail-trader/,,FLASH FRIDAY : Revenge of the Retail Trader ? - Traders Magazine,20210129T090000Z,https://www.tradersmagazine.com/wp-content/uploads/2021/01/Unknown-4.jpg,tradersmagazine.com,English,United States,2021-01-29 09:00:00+00:00,GME
https://ccm.net/faq/75529-how-to-start-trading-stocks-online,,How to Start Trading Stocks Online,20210129T090000Z,https://img-16.ccm2.net/9z1M8YGmiM7Fg9dJAZUWDOmJgAI=/500x/1a5696e049e148c49b886186b28de23b/ccm-faq/jason-briscoe-amLfrL8LGls-unsplash.jpg,ccm.net,English,Brazil,2021-01-29 09:00:00+00:00,GME
https://marker.medium.com/gamestop-proves-were-in-a-meme-stock-bubble-b3f39163a77f?source=home---------3---------------------81e08118_0a53_48d7_b5a2_63fb159fff01-------7&gi=sd,https://marker.medium.com/amp/p/b3f39163a77f,The Reddit GameStop Boom Proves Were in a  Meme Stock  Bubble,20210129T090000Z,https://miro.medium.com/focal/1200/632/49/25/1*3MN6QX978zrXE_iflM45Bg.jpeg,marker.medium.com,English,United States,2021-01-29 09:00:00+00:00,GME
https://isp.netscape.com/pf/story/0002/20210129/KBN29Y0AF_11,,Famed GameStop bull  Roaring Kitty  is a Massachusetts financial advisor,20210129T091500Z,,isp.netscape.com,English,United States,2021-01-29 09:15:00+00:00,GME
https://marker.medium.com/gamestop-proves-were-in-a-meme-stock-bubble-b3f39163a77f?source=home---------3---------------------07c858a0_d856_4c76_9865_1a0e6afefdbf-------7&gi=sd,https://marker.medium.com/amp/p/b3f39163a77f,The Reddit GameStop Boom Proves Were in a  Meme Stock  Bubble,20210129T091500Z,https://miro.medium.com/focal/1200/632/49/25/1*3MN6QX978zrXE_iflM45Bg.jpeg,marker.medium.com,English,United States,2021-01-29 09:15:00+00:00,GME
https://freerepublic.com/tag/*/index?more=3929826,,Latest Articles,20210129T091500Z,,freerepublic.com,English,United States,2021-01-29 09:15:00+00:00,GME
https://townhall.com/tipsheet/mattvespa/2021/01/29/barstools-portnoy-shreds-wall-street-elite-someone-needs-to-go-to-jail-n2583901,https://townhall.com/tipsheet/mattvespa/2021/01/29/barstools-portnoy-shreds-wall-street-elite-someone-needs-to-go-to-jail-n2583901?amp=true,Barstool Portnoy Shreds Wall Street Elite : Someone Needs to go to Jail by Matt Vespa,20210129T091500Z,https://media.townhall.com/townhall/reu/s1280x720/2018/361/961af30f-4ed8-4db3-994c-0af3726c6edf.png,townhall.com,English,United States,2021-01-29 09:15:00+00:00,GME
http://origin-businesstoday.intoday.in/current/corporate/small-investors-behind-surge-in-gamestop-and-other-shares-hit-by-curbs/story/429479.html,https://m.businesstoday.in/lite/story/small-investors-behind-surge-in-gamestop-and-other-shares-hit-by-curbs/1/429479.html,Small investors behind surge in GameStop and other shares hit by curbs,20210129T091500Z,https://akm-img-a-in.tosshub.com/sites/btmt/images/stories/game_stop_144_290121125610.jpg,origin-businesstoday.intoday.in,English,India,2021-01-29 09:15:00+00:00,GME
https://marker.medium.com/gamestop-proves-were-in-a-meme-stock-bubble-b3f39163a77f?source=extreme_main_feed---------1-73--------------------fb4827f3_7a3b_43a5_b78c_1bf9110d2def-------&gi=sd,https://marker.medium.com/amp/p/b3f39163a77f,The Reddit GameStop Boom Proves Were in a  Meme Stock  Bubble,20210129T093000Z,https://miro.medium.com/focal/1200/632/49/25/1*3MN6QX978zrXE_iflM45Bg.jpeg,marker.medium.com,English,United States,2021-01-29 09:30:00+00:00,GME
https://www.freep.com/in-depth/news/2021/01/28/gamestop-how-did-stock-price-jump-so-quickly/4293221001/,,What happened on the stock market today ? How GameStop rose so quickly . ,20210129T093000Z,"https://www.gannett-cdn.com/presto/2021/01/29/USAT/9424ec4d-ebc3-4c86-bac4-c900221519d0-GameStop-Topper-promo.jpg?crop=760,428,x0,y1",freep.com,English,United States,2021-01-29 09:30:00+00:00,GME
https://marker.medium.com/gamestop-proves-were-in-a-meme-stock-bubble-b3f39163a77f?source=home---------3---------------------fb4827f3_7a3b_43a5_b78c_1bf9110d2def-------7&gi=sd,https://marker.medium.com/amp/p/b3f39163a77f,The Reddit GameStop Boom Proves Were in a  Meme Stock  Bubble,20210129T093000Z,https://miro.medium.com/focal/1200/632/49/25/1*3MN6QX978zrXE_iflM45Bg.jpeg,marker.medium.com,English,United States,2021-01-29 09:30:00+00:00,GME
https://marker.medium.com/gamestop-proves-were-in-a-meme-stock-bubble-b3f39163a77f?source=home---------3---------------------43c71731_9717_44c6_bcb9_c497349d219b-------7&gi=sd,https://marker.medium.com/amp/p/b3f39163a77f,The Reddit GameStop Boom Proves Were in a  Meme Stock  Bubble,20210129T094500Z,https://miro.medium.com/focal/1200/632/49/25/1*3MN6QX978zrXE_iflM45Bg.jpeg,marker.medium.com,English,United States,2021-01-29 09:45:00+00:00,GME
https://www.azcentral.com/in-depth/news/2021/01/28/gamestop-how-did-stock-price-jump-so-quickly/4293221001/,,What happened on the stock market today ? How GameStop rose so quickly . ,20210129T094500Z,"https://www.gannett-cdn.com/presto/2021/01/29/USAT/9424ec4d-ebc3-4c86-bac4-c900221519d0-GameStop-Topper-promo.jpg?crop=760,428,x0,y1",azcentral.com,English,United States,2021-01-29 09:45:00+00:00,GME
https://marker.medium.com/gamestop-proves-were-in-a-meme-stock-bubble-b3f39163a77f?source=home---------3---------------------a9890272_6679_4412_a455_3fcded87205e-------7&gi=sd,https://marker.medium.com/amp/p/b3f39163a77f,The Reddit GameStop Boom Proves Were in a  Meme Stock  Bubble,20210129T100000Z,https://miro.medium.com/focal/1200/632/49/25/1*3MN6QX978zrXE_iflM45Bg.jpeg,marker.medium.com,English,United States,2021-01-29 10:00:00+00:00,GME
https://www.iol.co.za/business-report/markets/gamestop-and-other-stocks-targeted-by-reddit-users-plummet-34c23e58-5d66-4626-a55e-932405178e76,https://www.iol.co.za/amp/business-report/markets/gamestop-and-other-stocks-targeted-by-reddit-users-plummet-34c23e58-5d66-4626-a55e-932405178e76,GameStop and other stocks targeted by Reddit users plummet,20210129T101500Z,https://xlibris.public.prod.oc.inl.infomaker.io:8443/opencontent/objects/9c2ddea9-ac6c-5952-a343-590af921ec23,iol.co.za,English,South Africa,2021-01-29 10:15:00+00:00,GME
https://marker.medium.com/gamestop-proves-were-in-a-meme-stock-bubble-b3f39163a77f?source=home---------3---------------------411daf4c_0629_4d03_974b_ea9fb7216f44-------7&gi=sd,https://marker.medium.com/amp/p/b3f39163a77f,The Reddit GameStop Boom Proves Were in a  Meme Stock  Bubble,20210129T101500Z,https://miro.medium.com/focal/1200/632/49/25/1*3MN6QX978zrXE_iflM45Bg.jpeg,marker.medium.com,English,United States,2021-01-29 10:15:00+00:00,GME
https://www.reuters.com/article/uk-retail-trading-roaringkitty-idUKKBN29Y0AJ,https://mobile.reuters.com/article/amp/idUKKBN29Y0AJ,Famed GameStop bull  Roaring Kitty  is a Massachusetts financial advisor,20210129T103000Z,https://static.reuters.com/resources/r/?m=02&d=20210129&t=2&i=1549486704&r=LYNXMPEH0S06I,reuters.com,English,United States,2021-01-29 10:30:00+00:00,GME
https://marker.medium.com/gamestop-proves-were-in-a-meme-stock-bubble-b3f39163a77f?source=home---------3---------------------a0f2486a_9b3f_4a34_90d1_8da4d75e73a1-------7&gi=sd,https://marker.medium.com/amp/p/b3f39163a77f,The Reddit GameStop Boom Proves Were in a  Meme Stock  Bubble,20210129T103000Z,https://miro.medium.com/focal/1200/632/49/25/1*3MN6QX978zrXE_iflM45Bg.jpeg,marker.medium.com,English,United States,2021-01-29 10:30:00+00:00,GME
https://www.reuters.com/article/us-retail-trading-roaringkitty-idUKKBN29Y0AF,https://mobile.reuters.com/article/amp/idUKKBN29Y0AF,Famed GameStop bull  Roaring Kitty  is a Massachusetts financial advisor,20210129T103000Z,https://static.reuters.com/resources/r/?m=02&d=20210129&t=2&i=1549498639&r=LYNXMPEH0S085,reuters.com,English,United States,2021-01-29 10:30:00+00:00,GME
https://marker.medium.com/gamestop-proves-were-in-a-meme-stock-bubble-b3f39163a77f?source=home---------3---------------------d1dd59c7_6e63_4916_953e_a848816a11fa-------7&gi=sd,https://marker.medium.com/amp/p/b3f39163a77f,The Reddit GameStop Boom Proves Were in a  Meme Stock  Bubble,20210129T104500Z,https://miro.medium.com/focal/1200/632/49/25/1*3MN6QX978zrXE_iflM45Bg.jpeg,marker.medium.com,English,United States,2021-01-29 10:45:00+00:00,GME
https://www.msn.com/en-us/money/news/101-biggest-movers-from-yesterday/ar-BB1dcvSH,,101 Biggest Movers From Yesterday,20210129T104500Z,,msn.com,English,United States,2021-01-29 10:45:00+00:00,GME
https://freerepublic.com/tag/*/index?more=3929834,,Latest Articles,20210129T110000Z,,freerepublic.com,English,United States,2021-01-29 11:00:00+00:00,GME
https://marker.medium.com/gamestop-proves-were-in-a-meme-stock-bubble-b3f39163a77f?source=home---------3---------------------36144897_6a8e_41f5_90bc_d1e54a1625c1-------7&gi=sd,https://marker.medium.com/amp/p/b3f39163a77f,The Reddit GameStop Boom Proves Were in a  Meme Stock  Bubble,20210129T110000Z,https://miro.medium.com/focal/1200/632/49/25/1*3MN6QX978zrXE_iflM45Bg.jpeg,marker.medium.com,English,United States,2021-01-29 11:00:00+00:00,GME
https://marker.medium.com/gamestop-proves-were-in-a-meme-stock-bubble-b3f39163a77f?source=home---------3---------------------5901c310_33b1_41f3_89a3_75877d402325-------7&gi=sd,https://marker.medium.com/amp/p/b3f39163a77f,The Reddit GameStop Boom Proves Were in a  Meme Stock  Bubble,20210129T111500Z,https://miro.medium.com/focal/1200/632/49/25/1*3MN6QX978zrXE_iflM45Bg.jpeg,marker.medium.com,English,United States,2021-01-29 11:15:00+00:00,GME
https://www.benzinga.com/analyst-ratings/analyst-color/21/01/19388202/wallstreetbets-rebellion-rally-is-a-bubble-that-will-burst-peter-boockvar-warns,https://amp.benzinga.com/amp/content/19388202,"Gamestop Corporation ( NYSE : GME ), ( AAL ) - WallStreetBets Rebellion Rally Is A Bubble That Will Burst , Peter Boockvar Warns",20210129T111500Z,,benzinga.com,English,United States,2021-01-29 11:15:00+00:00,GME
https://www.cityam.com/bitcoin-skyrockets-as-elon-musk-expresses-support/,https://www.cityam.com/bitcoin-skyrockets-as-elon-musk-expresses-support/amp/,Bitcoin skyrockets as Elon Musk expresses support,20210129T111500Z,https://www.cityam.com/assets/uploads/main-image/cam_standard_article_main_image/spacex-ceo-elon-musk-announces-first-private-passenger-flight-to-the-moon-1035257904-5bb1e2887192b.jpg,cityam.com,English,United Kingdom,2021-01-29 11:15:00+00:00,GME
https://www.thisismoney.co.uk/money/markets/article-9200615/BUSINESS-LIVE-shop-numbers-grow-Boohoo-talks-Arcadia.html,https://www.thisismoney.co.uk/money/markets/article-9200615/amp/BUSINESS-LIVE-shop-numbers-grow-Boohoo-talks-Arcadia.html,BUSINESS LIVE : Empty shop numbers grow,20210129T113000Z,https://i.dailymail.co.uk/1s/2021/01/29/08/38624200-0-image-a-3_1611907377266.jpg,thisismoney.co.uk,English,United Kingdom,2021-01-29 11:30:00+00:00,GME
https://marker.medium.com/gamestop-proves-were-in-a-meme-stock-bubble-b3f39163a77f?source=home---------3---------------------663dcf1e_7b9f_4c22_b8c5_9cd2f30bd779-------7&gi=sd,https://marker.medium.com/amp/p/b3f39163a77f,The Reddit GameStop Boom Proves Were in a  Meme Stock  Bubble,20210129T113000Z,https://miro.medium.com/focal/1200/632/49/25/1*3MN6QX978zrXE_iflM45Bg.jpeg,marker.medium.com,English,United States,2021-01-29 11:30:00+00:00,GME
https://www.fool.com/investing/2021/01/29/yolo-stocks-are-soaring-it-isnt-going-to-end-well/?source=iedfolrf0000001,https://www.fool.com/amp/investing/2021/01/29/yolo-stocks-are-soaring-it-isnt-going-to-end-well/,"YOLO Stocks Are Soaring , and It Isnt Going to End Well",20210129T113000Z,https://g.foolcdn.com/editorial/images/610186/money-behind-back-fingers-crossed-corporate-tax-getty.jpg,fool.com,English,United States,2021-01-29 11:30:00+00:00,GME
https://marker.medium.com/gamestop-proves-were-in-a-meme-stock-bubble-b3f39163a77f?source=home---------3---------------------2ffb071e_16e3_4507_a47e_ed4d84603fd4-------7&gi=sd,https://marker.medium.com/amp/p/b3f39163a77f,The Reddit GameStop Boom Proves Were in a  Meme Stock  Bubble,20210129T114500Z,https://miro.medium.com/focal/1200/632/49/25/1*3MN6QX978zrXE_iflM45Bg.jpeg,marker.medium.com,English,United States,2021-01-29 11:45:00+00:00,GME
https://www.infowars.com/posts/now-reddit-investors-are-talking-about-targeting-silver-and-that-could-change-everything/,,"Now Reddit Investors Are Talking About Targeting Silver , And That Could Change EVERYTHING",20210129T120000Z,https://api-assets.infowars.com/2021/01/GettyImages-119873875.jpg,infowars.com,English,United States,2021-01-29 12:00:00+00:00,GME
https://www.marketwatch.com/story/that-shoeshine-boy-with-stock-tips-is-now-on-reddit-and-robinhood-and-this-bubble-will-burst-like-all-the-others-11611913095,https://www.marketwatch.com/amp/story/that-shoeshine-boy-with-stock-tips-is-now-on-reddit-and-robinhood-and-this-bubble-will-burst-like-all-the-others-11611913095,Opinion : That shoeshine boy with stock tips is now on Reddit and Robinhood and this bubble will burst like all the others,20210129T123000Z,https://images.mktw.net/im-292201/social,marketwatch.com,English,United States,2021-01-29 12:30:00+00:00,GME
http://www.proactiveinvestors.co.uk/companies/news/939813/ftse-100-flounders-bitcoin-goes-bonkers-after-enigmatic-move-by-elon-musk-939813.html,https://www.proactiveinvestors.co.uk/companies/amp/news/939813,FTSE 100 flounders ; Bitcoin goes bonkers after enigmatic move by Elon Musk,20210129T124500Z,https://www.proactiveinvestors.co.uk/thumbs/upload/News/Image/2021_01/1200z630_1611920534_shutterstock_1359413702-(1).jpg,proactiveinvestors.co.uk,English,United Kingdom,2021-01-29 12:45:00+00:00,GME
https://lawandcrime.com/awkward/pacer-crashed-because-too-many-people-tried-to-read-lawsuits-against-robinhood/,https://lawandcrime.com/awkward/pacer-crashed-because-too-many-people-tried-to-read-lawsuits-against-robinhood/amp/,Robinhood Lawsuit Demand Causes PACER to Crash,20210129T130000Z,https://lawandcrime.com/wp-content/uploads/2021/01/GettyImages-12308423121.jpg,lawandcrime.com,English,United States,2021-01-29 13:00:00+00:00,GME
https://www.fool.com/investing/2021/01/29/should-you-buy-these-3-hot-reddit-stocks-before-it/,https://www.fool.com/amp/investing/2021/01/29/should-you-buy-these-3-hot-reddit-stocks-before-it/,Should You Buy These 3 Hot Reddit Stocks Before It Too Late ? ,20210129T130000Z,https://g.foolcdn.com/editorial/images/610161/gettyimages-985006256.jpg,fool.com,English,United States,2021-01-29 13:00:00+00:00,GME
https://www.theglobeandmail.com/business/commentary/article-short-squeezes-reveal-investor-anger-and-cynicism/,,Opinion : Short squeezes reveal investor anger and cynicism,20210129T131500Z,https://www.theglobeandmail.com/resizer/FWwfhyiUcuQnq0KkNEkEgVsX43I=/1200x0/filters:quality(80)/cloudfront-us-east-1.images.arcpublishing.com/tgam/HMV4HHDIMBI3VEPYSBP6ZK57CA.jpg,theglobeandmail.com,English,Canada,2021-01-29 13:15:00+00:00,GME
https://www.tennessean.com/in-depth/news/2021/01/28/gamestop-how-did-stock-price-jump-so-quickly/4293221001/,,What happened on the stock market today ? How GameStop rose so quickly . ,20210129T131500Z,"https://www.gannett-cdn.com/presto/2021/01/29/USAT/9424ec4d-ebc3-4c86-bac4-c900221519d0-GameStop-Topper-promo.jpg?crop=760,428,x0,y1",tennessean.com,English,United States,2021-01-29 13:15:00+00:00,GME
https://www.cnn.com/business/live-news/wallstreetbets-reddit-wall-street-gamestop/,https://amp.cnn.com/cnn/business/live-news/wallstreetbets-reddit-wall-street-gamestop/index.html,"Wallstreetbets Reddit group shakes up Wall Street , again",20210129T133000Z,https://cdn.cnn.com/cnnnext/dam/assets/210128160119-gamestop-store-0128-super-tease.jpg,cnn.com,English,United States,2021-01-29 13:30:00+00:00,GME
https://www.gamerevolution.com/guides/673009-robinhood-approved-how-long-to-get-approval,https://www.gamerevolution.com/guides/673009-robinhood-approved-how-long-to-get-approval?amp,Robinhood Approved | How long does it take to get approval ? ,20210129T133000Z,https://www.gamerevolution.com/assets/uploads/2021/01/how-long-robinhood-approval-approved.jpg,gamerevolution.com,English,Japan,2021-01-29 13:30:00+00:00,GME
https://news.wgcu.org/2021-01-28/gamestop-how-reddit-traders-occupied-wall-streets-turf,https://news.wgcu.org/2021-01-28/gamestop-how-reddit-traders-occupied-wall-streets-turf?_amp=true,GameStop Stock Mania : Why Everyone Is Talking About It And Many Are Worried,20210129T133000Z,https://media.npr.org/assets/img/2021/01/28/gettyimages-1175099097-5c253bdd274902c26bc85a68ecc3e9e8b94ce335.jpg,news.wgcu.org,English,United States,2021-01-29 13:30:00+00:00,GME
https://invezz.com/news/2021/01/29/should-i-invest-in-gamestop/,https://invezz.com/news/2021/01/29/should-i-invest-in-gamestop/?amp,Should I invest in GameStop ? Our GME price target,20210129T134500Z,https://invezz.com/wp-content/uploads/2021/01/image-6-1.jpg,invezz.com,English,United Kingdom,2021-01-29 13:45:00+00:00,GME
https://realmoney.thestreet.com/investing/stocks/very-scary-ghost-stories-the-case-for-hard-assets-latest-on-robinhood-15552804,,"Very Scary Ghost Stories , the Case for Hard Assets , Latest on Robinhood",20210129T134500Z,http://s.thestreet.com/files/tsc/v2008/photos/contrib/uploads/5a522a38-136c-11e8-b8cf-074c479e2d81.png,realmoney.thestreet.com,English,United States,2021-01-29 13:45:00+00:00,GME
https://www.zerohedge.com/markets/futures-slide-amid-fears-wallstreetbets-will-again-steamroll-greenwich,,Futures Slide Amid Fears WallStreetBets Will Again Steamroll Greenwich,20210129T134500Z,https://zh-prod-1cc738ca-7d3b-4a72-b792-20bd8d8fa069.storage.googleapis.com/s3fs-public/styles/16_9_max_700/public/2021-01/trader%20hand%20on%20face%208_2.jpg?h=a5aef433&itok=DQss-nwS,zerohedge.com,English,United States,2021-01-29 13:45:00+00:00,GME
https://invezz.com/news/2021/01/29/70-billion-redistributed-wallstreetbets-winning/,https://invezz.com/news/2021/01/29/70-billion-redistributed-wallstreetbets-winning/?amp,$70 billion redistributed : WallStreetBets 1 - 0 Wall Street,20210129T134500Z,https://invezz.com/wp-content/uploads/2020/03/Dow-Jones-March-19.jpg,invezz.com,English,United Kingdom,2021-01-29 13:45:00+00:00,GME
https://www.bnnbloomberg.ca/ontario-teachers-cashes-out-from-mall-owner-tied-to-reddit-frenzy-1.1555899,https://www.bnnbloomberg.ca/ontario-teachers-cashes-out-from-mall-owner-tied-to-reddit-frenzy-1.1555899.amp.html,Ontario Teacher cashes out from mall owner tied to Reddit frenzy,20210129T140000Z,http://www.bnnbloomberg.ca/polopoly_fs/1.1555736!/fileimage/httpImage/image.jpg_gen/derivatives/landscape_620/shoppers-wearing-protective-masks-ride-an-escalator-at-the-unicentro-mall-in-bogota-colombia-on-tuesday-june-16-2020-colombian-retail-sales-slumped-42-9-in-april-from-a-year-earlier-in-a-sign-that-the-economic-devastation-caused-by-the-coronavirus-pandemic-is-even-worse-than-expected-photographer-nathalia-angarita-bloomberg.jpg,bnnbloomberg.ca,English,Canada,2021-01-29 14:00:00+00:00,GME
https://marker.medium.com/gamestop-proves-were-in-a-meme-stock-bubble-b3f39163a77f?source=extreme_main_feed---------2-73--------------------eebcbc36_45fe_42b7_8537_7dafe5f8dce4-------&gi=sd,https://marker.medium.com/amp/p/b3f39163a77f,The Reddit GameStop Boom Proves Were in a  Meme Stock  Bubble,20210129T140000Z,https://miro.medium.com/focal/1200/632/49/25/1*3MN6QX978zrXE_iflM45Bg.jpeg,marker.medium.com,English,United States,2021-01-29 14:00:00+00:00,GME
https://www.thestar.com.my/business/business-news/2021/01/29/small-investors-behind-surge-in-gamestop-other-shares-hit-by-curbs,,"Small investors behind surge in GameStop , other shares hit by curbs",20210129T140000Z,https://apicms.thestar.com.my/uploads/images/2021/01/29/1025196.jpg,thestar.com.my,English,Malaysia,2021-01-29 14:00:00+00:00,GME
https://www.entrepreneur.com/article/364415,https://www.entrepreneur.com/amphtml/364415,Robinhood Faces Class - Action Lawsuit for Blocking GameStop Stock Buys,20210129T141500Z,,entrepreneur.com,English,United States,2021-01-29 14:15:00+00:00,GME
https://www.investmentwatchblog.com/now-reddit-investors-are-talking-about-targeting-silver-and-that-could-change-everything/,,"Now Reddit Investors Are Talking About Targeting Silver , And That Could Change EVERYTHING – Investment Watch",20210129T143000Z,,investmentwatchblog.com,English,United States,2021-01-29 14:30:00+00:00,GME
https://www.msn.com/en-us/news/technology/reddit-group-founded-on-high-risk-returns-hits-wall-street-with-gamestop-effort/ar-BB1dbI9i,,Reddit group founded on  high risk  returns hits Wall Street with GameStop effort,20210129T144500Z,,msn.com,English,United States,2021-01-29 14:45:00+00:00,GME
https://www.crowdfundinsider.com/2021/01/171725-robinhood-allows-users-to-trade-in-gamestop-shares-rise-while-chattering-class-points-fingers/,https://www.crowdfundinsider.com/2021/01/171725-robinhood-allows-users-to-trade-in-gamestop-shares-rise-while-chattering-class-points-fingers/amp/,"Robinhood Allows Users to Trade in GameStop , Shares Rise While Chattering Class Points Fingers",20210129T144500Z,https://www.crowdfundinsider.com/wp-content/uploads/2017/05/Sad-Dog.jpg,crowdfundinsider.com,English,United Kingdom,2021-01-29 14:45:00+00:00,GME
http://www.thefader.com/2021/01/28/ja-rule-is-outraged-about-all-the-stock-drama-robinhood-stock-2021,https://www.thefader.com/2021/01/28/ja-rule-is-outraged-about-all-the-stock-drama-robinhood-stock-2021/amp,Ja Rule is outraged about all the stock drama,20210129T144500Z,"https://thefader-res.cloudinary.com/private_images/c_limit,w_1024/c_crop,h_533,w_1025,x_0,y_94,f_auto,q_auto:eco/image_xe1jum/image_xe1jum.jpg",thefader.com,English,United States,2021-01-29 14:45:00+00:00,GME
https://www.theepochtimes.com/new-york-attorney-generals-office-actively-reviewing-robinhood-app-activity-and-trading-of-gamestop-stock_3676597.html,https://www.theepochtimes.com/new-york-attorney-generals-office-actively-reviewing-robinhood-app-activity-and-trading-of-gamestop-stock_3676597.html/amp,New York Attorney General Office  Actively Reviewing  Robinhood App Activity and Trading of GameStop Stock,20210129T151500Z,https://img.theepochtimes.com/assets/uploads/2020/09/06/Rochester-Police-Death-2-1200x800.jpg,theepochtimes.com,English,United States,2021-01-29 15:15:00+00:00,GME
https://www.boredpanda.com/open-letter-melvin-capital-cnbc-wsb-2008-crisis-gamestop-stock/?cexp_id=36545&cexp_var=39&_f=featured,,"Person Who Only Ate Beans And Rice After The  08 Crisis Posts An Open Letter To Wall Street Hedge Funds , Explains Why They Wont Sell",20210129T151500Z,https://static.boredpanda.com/blog/wp-content/uploads/2021/01/open-letter-melvin-capital-cnbc-wsb-2008-crisis-gamestop-stock-fb17.png,boredpanda.com,English,United States,2021-01-29 15:15:00+00:00,GME
https://marker.medium.com/gamestop-proves-were-in-a-meme-stock-bubble-b3f39163a77f?source=extreme_main_feed---------3-73--------------------635e3164_98f9_40c3_85dc_4029be176a7d-------&gi=sd,https://marker.medium.com/amp/p/b3f39163a77f,The Reddit GameStop Boom Proves Were in a  Meme Stock  Bubble,20210129T151500Z,https://miro.medium.com/focal/1200/632/49/25/1*3MN6QX978zrXE_iflM45Bg.jpeg,marker.medium.com,English,United States,2021-01-29 15:15:00+00:00,GME
https://www.msn.com/en-us/news/politics/opinion-the-forces-driving-the-gamestock-rebellion/ar-BB1dddxX,,Opinion : The forces driving the GameStock rebellion,20210129T154500Z,,msn.com,English,United States,2021-01-29 15:45:00+00:00,GME
https://tecnologia21.com/wallstreetbets-reddit-fondos-inversion,,WallStreetBets de Reddit vs los fondos de inversión,20210129T154500Z,https://tecnologia21.com/wp-content/uploads/2021/01/trading-acciones.jpeg,tecnologia21.com,Spanish,Peru,2021-01-29 15:45:00+00:00,GME
https://gcaptain.com/castor-maritime-stock-gets-delisted-by-robinhood/,,Castor Maritime Stock Gets Delisted By Robinhood Alongside Gamestop – gCaptain,20210129T154500Z,https://gcaptain.com/wp-content/uploads/2021/01/ctrm-delisting.jpg,gcaptain.com,English,United States,2021-01-29 15:45:00+00:00,GME
https://www.msn.com/en-us/news/us/opinion-the-forces-driving-the-gamestock-rebellion/ar-BB1dddxX,,Opinion : The forces driving the GameStock rebellion,20210129T154500Z,,msn.com,English,United States,2021-01-29 15:45:00+00:00,GME
http://www.msn.com/en-us/money/topstocks/keith-gill-drove-the-gamestop-reddit-mania-he-talked-to-the-journal/ar-BB1ddhEX,,Keith Gill Drove the GameStop Reddit Mania . He Talked to the Journal . ,20210129T154500Z,,msn.com,English,United States,2021-01-29 15:45:00+00:00,GME
https://www.newsweek.com/robinhood-ross-gerber-calls-shut-down-trading-app-1565334,https://www.newsweek.com/robinhood-ross-gerber-calls-shut-down-trading-app-1565334?amp=1,Robinhood and Other Investment Apps Could Face Tighter Regulation Over GameStop Actions,20210129T154500Z,,newsweek.com,English,United States,2021-01-29 15:45:00+00:00,GME
https://freerepublic.com/focus/f-news/3929944/posts,,How The Trading Platform Robinhood Started Stealing From The Poor To Give To The Rich : Squashing the Little Guy to Keep Hedge Fund Giants Afloat,20210129T160000Z,,freerepublic.com,English,United States,2021-01-29 16:00:00+00:00,GME
https://freerepublic.com/tag/*/index?more=3929928,,Latest Articles,20210129T160000Z,,freerepublic.com,English,United States,2021-01-29 16:00:00+00:00,GME
https://www.blacklistednews.com/article/79126/investors-issue-classaction-lawsuits-against-robinhood-over-gamestop-stock-trading.html,,Investors Issue Class - Action Lawsuits Against Robinhood Over Gamestop Stock Trading Ban,20210129T161500Z,https://i2.wp.com/phillipschneider.com/wp-content/uploads/2021/01/WallStreetBets-Robinhood-Feather.jpg?fit=750%2C500&ssl=1,blacklistednews.com,English,United States,2021-01-29 16:15:00+00:00,GME
https://techcrunch.com/2021/01/29/sec-issues-statement-on-past-weeks-turbulent-market-activity-prompted-by-reddit-fueled-gamestop-run/,https://techcrunch.com/2021/01/29/sec-issues-statement-on-past-weeks-turbulent-market-activity-prompted-by-reddit-fueled-gamestop-run/amp/,SEC issues statement on past week turbulent market activity prompted by Reddit - fueled GameStop run – TechCrunch,20210129T161500Z,https://techcrunch.com/wp-content/uploads/2018/12/GettyImages-167959993.jpg,techcrunch.com,English,United States,2021-01-29 16:15:00+00:00,GME
https://techcrunch.com/2021/01/29/robinhood-raises-1b-after-trading-halts-to-keep-its-platform-running/,https://techcrunch.com/2021/01/29/robinhood-raises-1b-after-trading-halts-to-keep-its-platform-running/amp/,Robinhood raises $1B after trading halts to keep its platform running – TechCrunch,20210129T161500Z,https://techcrunch.com/wp-content/uploads/2020/01/GettyImages-169117081.jpg,techcrunch.com,English,United States,2021-01-29 16:15:00+00:00,GME
https://marker.medium.com/gamestop-proves-were-in-a-meme-stock-bubble-b3f39163a77f?source=extreme_main_feed---------2-73--------------------94654645_ff19_441c_aeb8_6243496c3328-------&gi=sd,https://marker.medium.com/amp/p/b3f39163a77f,The Reddit GameStop Boom Proves Were in a  Meme Stock  Bubble,20210129T163000Z,https://miro.medium.com/focal/1200/632/49/25/1*3MN6QX978zrXE_iflM45Bg.jpeg,marker.medium.com,English,United States,2021-01-29 16:30:00+00:00,GME
https://www.businessinsider.co.za/some-redditors-say-gamestop-rally-is-revenge-for-2008-collapse-2021-1,,Some Redditors say the GameStop rally is revenge against Wall Street for the 2008 collapse,20210129T163000Z,http://cdn.24.co.za/files/Cms/General/d/9638/ee28ce6d24664c9f9547c72e042c2e35.jpg,businessinsider.co.za,English,South Africa,2021-01-29 16:30:00+00:00,GME
https://www.foxbusiness.com/markets/famed-gamestop-bull-roaring-kitty-is-a-massachusetts-financial-adviser,https://www.foxbusiness.com/markets/famed-gamestop-bull-roaring-kitty-is-a-massachusetts-financial-adviser.amp,Famed GameStop bull  Roaring Kitty  is a Massachusetts financial adviser,20210129T164500Z,https://a57.foxnews.com/static.foxbusiness.com/foxbusiness.com/content/uploads/2021/01/0/0/gamestop.jpg?ve=1&tl=1,foxbusiness.com,English,United States,2021-01-29 16:45:00+00:00,GME
https://www.foxbusiness.com/technology/robinhood-alternative-apps,https://www.foxbusiness.com/technology/robinhood-alternative-apps.amp,Robinhood rival apps aim to make mobile trading easy for amateur investors,20210129T170000Z,https://a57.foxnews.com/static.foxbusiness.com/foxbusiness.com/content/uploads/2020/05/0/0/Robinhood.png?ve=1&tl=1,foxbusiness.com,English,United States,2021-01-29 17:00:00+00:00,GME
http://www.eldiariocba.com.ar/exteriores/2021/1/29/como-un-grupo-de-una-red-social-ha-hecho-tambalear-wall-street-36596.html,https://www.eldiariocba.com.ar/amp/como-un-grupo-de-una-red-social-ha-hecho-tambalear-wall-street-36596.html,Cómo un grupo de una red social ha hecho tambalear a Wall Street - El Diario del centro del país,20210129T170000Z,https://www.eldiariocba.com.ar/u/fotografias/fotosnoticias/2021/1/29/38477.jpg,eldiariocba.com.ar,Spanish,Argentina,2021-01-29 17:00:00+00:00,GME
http://www.proactiveinvestors.co.uk/companies/news/939813/ftse-100-deep-in-the-red-fca-issues-gamestop-warning-939813.html,https://www.proactiveinvestors.co.uk/companies/amp/news/939813,FTSE 100 deep in the red ; FCA issues GameStop warning,20210129T170000Z,https://www.proactiveinvestors.co.uk/thumbs/upload/News/Image/2021_01/1200z630_1611934650_shutterstock_528117064.jpg,proactiveinvestors.co.uk,English,United Kingdom,2021-01-29 17:00:00+00:00,GME
https://marker.medium.com/gamestop-proves-were-in-a-meme-stock-bubble-b3f39163a77f?source=extreme_main_feed---------3-73--------------------b700068c_0f69_49c5_8364_3b2faf161e3a-------&gi=sd,https://marker.medium.com/amp/p/b3f39163a77f,The Reddit GameStop Boom Proves Were in a  Meme Stock  Bubble,20210129T170000Z,https://miro.medium.com/focal/1200/632/49/25/1*3MN6QX978zrXE_iflM45Bg.jpeg,marker.medium.com,English,United States,2021-01-29 17:00:00+00:00,GME
https://www.reuters.com/article/retail-trading-roaringkitty-idUSL1N2K421B,https://mobile.reuters.com/article/amp/idUSKBN29Y0AF,Famed GameStop bull  Roaring Kitty  is a Massachusetts financial advisor,20210129T170000Z,https://static.reuters.com/resources/r/?m=02&d=20210129&t=2&i=1549575188&r=LYNXMPEH0S085,reuters.com,English,United States,2021-01-29 17:00:00+00:00,GME
http://econintersect.com/pages/market/market.php?post=202101290746,,"29Jan2021 Pre - Market Commentary : Wall Street Expected To Open Marginally Lower , DOW Down 200 Points , Gold Futures Up 1 . 6 % 1868 , Silver Up At 27 . 47 , WTI Crude At 52 . 68",20210129T170000Z,,econintersect.com,English,United States,2021-01-29 17:00:00+00:00,GME
https://www.royalsreview.com/2021/1/29/22219838/royals-rumblings-news-for-january-29-2021,https://www.royalsreview.com/platform/amp/2021/1/29/22219838/royals-rumblings-news-for-january-29-2021,"Royals Rumblings - News for January 29 , 2021",20210129T171500Z,https://cdn.vox-cdn.com/thumbor/rLFykuYHm_5zSIG2rNLor-Z6qNc=/0x0:4410x2309/fit-in/1200x630/cdn.vox-cdn.com/uploads/chorus_asset/file/22267674/1267077835.jpg,royalsreview.com,English,United States,2021-01-29 17:15:00+00:00,GME
http://www.msn.com/en-us/money/markets/gamestop-traders-outsmart-the-smart-guys-leaving-an-indelible-mark-on-wall-street/ar-BB1ddexO,,"GameStop traders outsmart the smart guys , leaving an indelible mark on Wall Street",20210129T171500Z,,msn.com,English,United States,2021-01-29 17:15:00+00:00,GME
https://www.reuters.com/article/retail-trading-roaringkitty/update-1-famed-gamestop-bull-roaring-kitty-is-a-massachusetts-financial-advisor-idUSL1N2K421B,https://mobile.reuters.com/article/amp/idUSKBN29Y0AF,Famed GameStop bull  Roaring Kitty  is a Massachusetts financial advisor,20210129T173000Z,https://static.reuters.com/resources/r/?m=02&d=20210129&t=2&i=1549575188&r=LYNXMPEH0S085,reuters.com,English,United States,2021-01-29 17:30:00+00:00,GME
https://nymag.com/intelligencer/2021/01/roaring-kitty-keith-patrick-gill-robinhood-gamestop-gme-share-price.html,https://nymag.com/intelligencer/amp/2021/01/roaring-kitty-keith-patrick-gill-robinhood-gamestop-gme-share-price.html,"GameStop Rally Rages On , As Bull  Roaring Kitty  Gets Doxxed",20210129T174500Z,https://pyxis.nymag.com/v1/imgs/ecc/e68/79f6c011971a8459acc1f1bb69319267e8-broker.1x.rsocial.w1200.jpg,nymag.com,English,United States,2021-01-29 17:45:00+00:00,GME
https://marker.medium.com/gamestop-proves-were-in-a-meme-stock-bubble-b3f39163a77f?source=extreme_main_feed---------3-73--------------------3235108e_dde0_4fba_a359_97b918ab06e0-------&gi=sd,https://marker.medium.com/amp/p/b3f39163a77f,The Reddit GameStop Boom Proves Were in a  Meme Stock  Bubble,20210129T174500Z,https://miro.medium.com/focal/1200/632/49/25/1*3MN6QX978zrXE_iflM45Bg.jpeg,marker.medium.com,English,United States,2021-01-29 17:45:00+00:00,GME
https://sputniknews.com/business/202101291081922459-silver-crypto-sent-soaring-after-unique-endorsement-from-reddit-army-of-traders/,https://sputniknews.com/amp/business/202101291081922459-silver-crypto-sent-soaring-after-unique-endorsement-from-reddit-army-of-traders/,"Silver , Crypto Sent Soaring After Unique Endorsement From Reddit Army of Traders",20210129T174500Z,https://cdn1.img.sputniknews.com/images/107641/69/1076416936.jpg,sputniknews.com,English,Russia,2021-01-29 17:45:00+00:00,GME
https://www.fool.com/investing/2021/01/29/why-im-not-buying-the-gamestop-hype/,https://www.fool.com/amp/investing/2021/01/29/why-im-not-buying-the-gamestop-hype/,Why Im Not Buying the GameStop Hype,20210129T174500Z,https://g.foolcdn.com/editorial/images/610266/gettyimages-1071915662.jpg,fool.com,English,United States,2021-01-29 17:45:00+00:00,GME
https://www.theguardian.com/commentisfree/2021/jan/29/reddit-gamestore-rwallstreetbets-advice,https://amp.theguardian.com/commentisfree/2021/jan/29/reddit-gamestore-rwallstreetbets-advice,A year ago on Reddit I suggested investing in GameStop . But I never expected this | GameStop,20210129T174500Z,https://i.guim.co.uk/img/media/4d561111450490cce140fe77a02c6d4ae5d7de7f/0_9_5315_3191/master/5315.jpg?&quality=85&auto=format&fit=crop&overlay-align=bottom%2Cleft&overlay-width=100p&overlay-base64=L2ltZy9zdGF0aWMvb3ZlcmxheXMvdGctb3BpbmlvbnMucG5n&enable=upscale&s=076e591ef4d2ea1af3798809711307e8,theguardian.com,English,United Kingdom,2021-01-29 17:45:00+00:00,GME
https://www.msn.com/en-us/money/topstocks/gamestop-rally-refuses-to-die-as-robinhood-restores-trading/ar-BB1ddr7t,,"GameStop Rally Refuses to Die , As Robinhood Restores Trading",20210129T180000Z,,msn.com,English,United States,2021-01-29 18:00:00+00:00,GME
https://marker.medium.com/gamestop-proves-were-in-a-meme-stock-bubble-b3f39163a77f?source=extreme_main_feed---------3-73--------------------647ccc8d_2ae0_4c89_816f_18ce44dbd978-------&gi=sd,https://marker.medium.com/amp/p/b3f39163a77f,The Reddit GameStop Boom Proves Were in a  Meme Stock  Bubble,20210129T180000Z,https://miro.medium.com/focal/1200/632/49/25/1*3MN6QX978zrXE_iflM45Bg.jpeg,marker.medium.com,English,United States,2021-01-29 18:00:00+00:00,GME
https://www.cnn.com/2021/01/29/opinions/gamestop-stock-rebellion-ghitis/,https://amp.cnn.com/cnn/2021/01/29/opinions/gamestop-stock-rebellion-ghitis/index.html,Opinion : The forces driving the GameStock rebellion,20210129T180000Z,https://cdn.cnn.com/cnnnext/dam/assets/210128160119-gamestop-store-0128-super-tease.jpg,cnn.com,English,United States,2021-01-29 18:00:00+00:00,GME
https://insidebitcoins.com/news/gamestop-frenzy-inspires-similar-event-in-dogecoin-by-the-tune-of-800,,Gamestop Frenzy Inspires Similar Event In Dogecoin By The Tune Of 800 % ,20210129T180000Z,https://insidebitcoins.com/wp-content/uploads/2020/03/Dogecoin1-1024x683.jpg,insidebitcoins.com,English,United States,2021-01-29 18:00:00+00:00,GME
https://www.marketwatch.com/articles/amc-entertainment-stock-soars-after-robinhood-resumes-trades-51611942615,,AMC Entertainment Stock Soars After Robinhood Resumes Trades,20210129T181500Z,https://images.barrons.com/im-292393/social,marketwatch.com,English,United States,2021-01-29 18:15:00+00:00,GME
https://marker.medium.com/gamestop-proves-were-in-a-meme-stock-bubble-b3f39163a77f?source=extreme_main_feed---------3-73--------------------601b94ba_3fc1_4ad1_a50e_f8096309398e-------&gi=sd,https://marker.medium.com/amp/p/b3f39163a77f,The Reddit GameStop Boom Proves Were in a  Meme Stock  Bubble,20210129T181500Z,https://miro.medium.com/focal/1200/632/49/25/1*3MN6QX978zrXE_iflM45Bg.jpeg,marker.medium.com,English,United States,2021-01-29 18:15:00+00:00,GME
https://www.benzinga.com/short-sellers/21/01/19385476/a-short-seller-joins-benzingas-power-hour-to-talk-gamestop-the-rest-is-history,https://amp.benzinga.com/amp/content/19385476,"Gamestop Corporation ( NYSE : GME ), ( AMC ) - A Short Seller Joins Benzinga  Power Hour  To Talk GameStop . The Rest Is History . ",20210129T181500Z,,benzinga.com,English,United States,2021-01-29 18:15:00+00:00,GME
https://www.iol.co.za/business-report/markets/what-you-need-to-know-about-gamestops-stock-price-chaos-ed7c81f2-8fcc-4f23-96ab-dbd0d94f736a,https://www.iol.co.za/amp/business-report/markets/what-you-need-to-know-about-gamestops-stock-price-chaos-ed7c81f2-8fcc-4f23-96ab-dbd0d94f736a,What you need to know about GameStop stock price chaos,20210129T183000Z,https://xlibris.public.prod.oc.inl.infomaker.io:8443/opencontent/objects/c4c0ff5c-e76d-520a-8b24-ded09e473b70,iol.co.za,English,South Africa,2021-01-29 18:30:00+00:00,GME
https://marker.medium.com/gamestop-proves-were-in-a-meme-stock-bubble-b3f39163a77f?source=extreme_main_feed---------2-73--------------------78bbd6bb_682b_4390_8d0c_b0cce2d825aa-------&gi=sd,https://marker.medium.com/amp/p/b3f39163a77f,The Reddit GameStop Boom Proves Were in a  Meme Stock  Bubble,20210129T184500Z,https://miro.medium.com/focal/1200/632/49/25/1*3MN6QX978zrXE_iflM45Bg.jpeg,marker.medium.com,English,United States,2021-01-29 18:45:00+00:00,GME
https://freerepublic.com/tag/*/index?more=3929993,,Latest Articles,20210129T190000Z,,freerepublic.com,English,United States,2021-01-29 19:00:00+00:00,GME
https://investingnews.com/daily/resource-investing/base-metals-investing/metals-weekly-silver-rises-retail-investor-sentiment/,,Metals Weekly Round - Up : Silver Rises on Retail Investor Sentiment,20210129T190000Z,https://cdn.investingnews.com/app/uploads/2019/11/precious-metals-roundup.jpeg,investingnews.com,English,Canada,2021-01-29 19:00:00+00:00,GME
https://www.marketwatch.com/story/the-risks-are-higher-for-these-retail-investors-former-gamestop-employees-are-divided-on-the-stocks-epic-ride-11611945607,https://www.marketwatch.com/amp/story/the-risks-are-higher-for-these-retail-investors-former-gamestop-employees-are-divided-on-the-stocks-epic-ride-11611945607,  The risks are higher for these retail investor : Former GameStop employees are divided on the stock epic ride,20210129T190000Z,https://images.mktw.net/im-292551/horizontal,marketwatch.com,English,United States,2021-01-29 19:00:00+00:00,GME
https://marker.medium.com/gamestop-proves-were-in-a-meme-stock-bubble-b3f39163a77f?source=extreme_main_feed---------2-73--------------------dd10c170_8d38_41c7_9f35_80b37647256e-------&gi=sd,https://marker.medium.com/amp/p/b3f39163a77f,The Reddit GameStop Boom Proves Were in a  Meme Stock  Bubble,20210129T191500Z,https://miro.medium.com/focal/1200/632/49/25/1*3MN6QX978zrXE_iflM45Bg.jpeg,marker.medium.com,English,United States,2021-01-29 19:15:00+00:00,GME
https://www.investors.com/market-trend/stock-market-today/dow-jones-down-575-points-gamestop-amc-soar-this-financial-stock-breaks-out/,,"Dow Jones Sinks 575 Points ; GameStop , AMC Soar ; This Financial Stock Breaks Out",20210129T191500Z,https://www.investors.com/wp-content/uploads/2021/01/Stock-gamestop-07-adobe.jpg,investors.com,English,United States,2021-01-29 19:15:00+00:00,GME
https://www.marketwatch.com/story/time-to-reduce-risk-in-the-broader-stock-market-amid-the-nonsense-around-robinhood-reddit-and-gamestop-11611946466,https://www.marketwatch.com/amp/story/time-to-reduce-risk-in-the-broader-stock-market-amid-the-nonsense-around-robinhood-reddit-and-gamestop-11611946466,"Opinion : Time to reduce risk in the broader stock market amid the nonsense around Robinhood , Reddit and GameStop",20210129T191500Z,https://images.mktw.net/im-292334/social,marketwatch.com,English,United States,2021-01-29 19:15:00+00:00,GME
https://www.fool.com/investing/2021/01/29/why-im-not-buying-the-gamestop-hype/?source=iedfolrf0000001,https://www.fool.com/amp/investing/2021/01/29/why-im-not-buying-the-gamestop-hype/,Why Im Not Buying the GameStop Hype,20210129T193000Z,https://g.foolcdn.com/editorial/images/610266/gettyimages-1071915662.jpg,fool.com,English,United States,2021-01-29 19:30:00+00:00,GME
https://www.marketwatch.com/story/you-have-to-be-smart-are-you-a-first-time-investor-who-wants-a-slice-of-gamestops-epic-ride-read-this-first-11611946991,https://www.marketwatch.com/amp/story/you-have-to-be-smart-are-you-a-first-time-investor-who-wants-a-slice-of-gamestops-epic-ride-read-this-first-11611946991,  You have to be smart : Are you a first - time investor who wants a slice of GameStop epic ride ? Read this first,20210129T193000Z,https://images.mktw.net/im-292588/social,marketwatch.com,English,United States,2021-01-29 19:30:00+00:00,GME
https://www.theguardian.com/money/2021/jan/30/who-uses-social-media-for-financial-advice-lots-of-people-actually,https://amp.theguardian.com/money/2021/jan/30/who-uses-social-media-for-financial-advice-lots-of-people-actually,"Who uses social media for financial advice ? Lots of people , actually",20210129T193000Z,https://i.guim.co.uk/img/media/635d8ac6cb5d75710af8bb09d9dda3622a94e7bc/281_431_1861_1117/master/1861.jpg?&quality=85&auto=format&fit=crop&overlay-align=bottom%2Cleft&overlay-width=100p&overlay-base64=L2ltZy9zdGF0aWMvb3ZlcmxheXMvdGctZGVmYXVsdC5wbmc&enable=upscale&s=794a2faccd930905eb529f329893176f,theguardian.com,English,United Kingdom,2021-01-29 19:30:00+00:00,GME
https://www.wuwm.com/post/gamestop-stock-mania-why-everyone-talking-about-it-and-many-are-worried,,GameStop Stock Mania : Why Everyone Is Talking About It And Many Are Worried,20210129T194500Z,,wuwm.com,English,United States,2021-01-29 19:45:00+00:00,GME
https://www.telegraph.co.uk/luxury/technology/night-inside-reddit-gamestop-army-fun-had-since-lockdown/,https://www.telegraph.co.uk/luxury/technology/night-inside-reddit-gamestop-army-fun-had-since-lockdown/amp/,My night inside the Reddit GameStop army was the most fun Ive had since lockdown,20210129T200000Z,,telegraph.co.uk,English,United Kingdom,2021-01-29 20:00:00+00:00,GME
https://www.polygon.com/movies/2021/1/29/22256360/amc-stock-price-reddit-rally-robinhood-debt-conversion,https://www.polygon.com/platform/amp/movies/2021/1/29/22256360/amc-stock-price-reddit-rally-robinhood-debt-conversion,  Meme stock  rally rescues AMC theaters from $600M debt,20210129T200000Z,https://cdn.vox-cdn.com/thumbor/_ZfkSESGCfftYK59ppGaEeikOb4=/0x215:3000x1786/fit-in/1200x630/cdn.vox-cdn.com/uploads/chorus_asset/file/22268323/1298998015.jpg,polygon.com,English,United States,2021-01-29 20:00:00+00:00,GME
https://www.businessinsider.com/personal-finance/how-to-transfer-stocks-out-of-robinhood,,How to transfer stocks out of Robinhood - Business Insider,20210129T200000Z,https://i.insider.com/60143185a7c0c4001991dd75?&format=jpeg,businessinsider.com,English,United States,2021-01-29 20:00:00+00:00,GME
https://www.msn.com/en-us/news/politics/opinion-the-forces-driving-the-gamestop-rebellion/ar-BB1dddxX,,Opinion : The forces driving the GameStop rebellion,20210129T200000Z,,msn.com,English,United States,2021-01-29 20:00:00+00:00,GME
https://marker.medium.com/gamestop-proves-were-in-a-meme-stock-bubble-b3f39163a77f?source=extreme_main_feed---------1-73--------------------d06bb6de_696f_4be7_be4c_4f7e74a1bb3d-------&gi=sd,https://marker.medium.com/amp/p/b3f39163a77f,The Reddit GameStop Boom Proves Were in a  Meme Stock  Bubble,20210129T200000Z,https://miro.medium.com/focal/1200/632/49/25/1*3MN6QX978zrXE_iflM45Bg.jpeg,marker.medium.com,English,United States,2021-01-29 20:00:00+00:00,GME
https://www.crainsdetroit.com/voices-michael-lee/game-life-gamestop-moment,,"In the game of life , a GameStop moment",20210129T200000Z,https://s3-prod.crainsdetroit.com/s3fs-public/styles/800x600/public/textmessage_i.jpg,crainsdetroit.com,English,United States,2021-01-29 20:00:00+00:00,GME
https://www.usine-digitale.fr/article/affaire-gamestop-comment-des-petits-porteurs-ont-reussi-a-faire-plier-des-magnats-de-la-finance.N1055469,https://www.usine-digitale.fr/amp/article/affaire-gamestop-comment-des-petits-porteurs-ont-reussi-a-faire-plier-des-magnats-de-la-finance.N1055469,Affaire GameStop : comment des petits porteurs ont réussi à faire plier des magnats de la finance,20210129T201500Z,https://www.usine-digitale.fr/mediatheque/5/0/1/000179105_pageListeTypeACropped/bourse-de-new-york-nyse.jpg,usine-digitale.fr,French,France,2021-01-29 20:15:00+00:00,GME
https://www.msn.com/en-us/news/us/opinion-the-forces-driving-the-gamestop-rebellion/ar-BB1dddxX,,Opinion : The forces driving the GameStop rebellion,20210129T201500Z,,msn.com,English,United States,2021-01-29 20:15:00+00:00,GME
https://www.marketwatch.com/story/some-furious-robinhood-users-are-suing-but-theres-potentially-a-big-road-block-in-their-way-to-court-11611950777,https://www.marketwatch.com/amp/story/some-furious-robinhood-users-are-suing-but-theres-potentially-a-big-road-block-in-their-way-to-court-11611950777,Some furious Robinhood users are suing but there potentially a big road block in their way to court,20210129T203000Z,https://images.mktw.net/im-292580/social,marketwatch.com,English,United States,2021-01-29 20:30:00+00:00,GME
https://thehill.com/policy/technology/536508-google-deletes-negative-reviews-of-robinhood-app,https://thehill.com/policy/technology/536508-google-deletes-negative-reviews-of-robinhood-app?amp,Google deletes negative reviews of Robinhood app,20210129T203000Z,https://thehill.com/sites/default/files/google_facebook_082819getty.jpg,thehill.com,English,United States,2021-01-29 20:30:00+00:00,GME
https://kvia.com/news/business-technology/2021/01/29/the-forces-driving-the-gamestop-rebellion/,https://kvia.com/amp/the-forces-driving-the-gamestop-rebellion,The forces driving the GameStop rebellion,20210129T203000Z,https://kvia.b-cdn.net/2021/01/FYcSkrFi-210128092214-01-robinhood-app-live-video.jpg,kvia.com,English,United States,2021-01-29 20:30:00+00:00,GME
https://www.marketwatch.com/story/gamestop-frenzy-puts-clearinghouses-in-spotlight-as-investors-weigh-systemic-risk-fears-11611950283,https://www.marketwatch.com/amp/story/gamestop-frenzy-puts-clearinghouses-in-spotlight-as-investors-weigh-systemic-risk-fears-11611950283,GameStop frenzy puts clearinghouses in spotlight as investors weigh systemic risk fears,20210129T203000Z,,marketwatch.com,English,United States,2021-01-29 20:30:00+00:00,GME
https://www.msn.com/en-us/money/personalfinance/some-furious-robinhood-users-are-suing-but-there-s-potentially-a-big-road-block-in-their-way-to-court/ar-BB1ddATH,,Some furious Robinhood users are suing but there potentially a big road block in their way to court,20210129T203000Z,,msn.com,English,United States,2021-01-29 20:30:00+00:00,GME
https://www.zerohedge.com/markets/financial-revolution,,  This Is A Financial Revolution ... ,20210129T203000Z,https://zh-prod-1cc738ca-7d3b-4a72-b792-20bd8d8fa069.storage.googleapis.com/s3fs-public/styles/16_9_max_700/public/2021-01/gamestop.jpg?itok=BUv4uReT,zerohedge.com,English,United States,2021-01-29 20:30:00+00:00,GME
https://www.msn.com/en-us/money/other/crypto-entrepreneurs-seize-on-reddit-revolt-ethos-to-sway-users/ar-BB1ddm7d,,Crypto Entrepreneurs Seize on Reddit Revolt Ethos to Sway Users,20210129T204500Z,,msn.com,English,United States,2021-01-29 20:45:00+00:00,GME
https://marker.medium.com/gamestop-proves-were-in-a-meme-stock-bubble-b3f39163a77f?source=extreme_main_feed---------3-73--------------------bc8bed2e_7d94_49f9_95ea_912dc3175209-------&gi=sd,https://marker.medium.com/amp/p/b3f39163a77f,The Reddit GameStop Boom Proves Were in a  Meme Stock  Bubble,20210129T204500Z,https://miro.medium.com/focal/1200/632/49/25/1*3MN6QX978zrXE_iflM45Bg.jpeg,marker.medium.com,English,United States,2021-01-29 20:45:00+00:00,GME
http://www.proactiveinvestors.co.uk/companies/news/939813/ftse-100-ends-deep-in-the-red-fca-issues-gamestop-warning-939813.html,https://www.proactiveinvestors.co.uk/companies/amp/news/939813,FTSE 100 ends deep in the red ; FCA issues GameStop warning,20210129T204500Z,https://www.proactiveinvestors.co.uk/thumbs/upload/News/Image/2021_01/1200z630_1611934650_shutterstock_528117064.jpg,proactiveinvestors.co.uk,English,United Kingdom,2021-01-29 20:45:00+00:00,GME
https://marker.medium.com/gamestop-proves-were-in-a-meme-stock-bubble-b3f39163a77f?source=extreme_main_feed---------3-73--------------------e84865c6_af99_4d23_82bc_7d42e2f24823-------&gi=sd,https://marker.medium.com/amp/p/b3f39163a77f,The Reddit GameStop Boom Proves Were in a  Meme Stock  Bubble,20210129T210000Z,https://miro.medium.com/focal/1200/632/49/25/1*3MN6QX978zrXE_iflM45Bg.jpeg,marker.medium.com,English,United States,2021-01-29 21:00:00+00:00,GME
https://www.marketwatch.com/articles/stock-trading-what-to-know-before-trying-to-grab-a-slice-of-gamestops-epic-ride-51611953076,https://www.marketwatch.com/amp/story/stock-trading-what-to-know-before-trying-to-grab-a-slice-of-gamestops-epic-ride-51611953076,Read This Before You Try to Grab a Slice of GameStop Epic Ride,20210129T211500Z,https://images.barrons.com/im-292628/social,marketwatch.com,English,United States,2021-01-29 21:15:00+00:00,GME
https://www.wealthmanagement.com/etfs/ark-mania-finally-fading-after-gamestop-fever-sweeps-wall-street,,Ark Mania Finally Fading After GameStop Fever Sweeps Wall Street,20210129T211500Z,https://www.wealthmanagement.com/sites/wealthmanagement.com/files/ark-invest-sign.png,wealthmanagement.com,English,United States,2021-01-29 21:15:00+00:00,GME
http://www.lemauricien.com/actualites/ascension-de-gamestop-la-revolte-des-boursicoteurs-contre-les-barons-de-wall-street/401083/,,Ascension de GameStop : la révolte des boursicoteurs contre les barons de Wall Street ? ,20210129T211500Z,https://s3-ap-southeast-1.amazonaws.com/lmwebstatic/wp-content/uploads/2021/01/000_8ZQ9N8.jpg,lemauricien.com,French,Mauritius,2021-01-29 21:15:00+00:00,GME
https://marker.medium.com/gamestop-proves-were-in-a-meme-stock-bubble-b3f39163a77f?source=extreme_main_feed---------3-73--------------------0bc9a6d9_6d84_4edb_9535_3212a68ed829-------&gi=sd,https://marker.medium.com/amp/p/b3f39163a77f,The Reddit GameStop Boom Proves Were in a  Meme Stock  Bubble,20210129T214500Z,https://miro.medium.com/focal/1200/632/49/25/1*3MN6QX978zrXE_iflM45Bg.jpeg,marker.medium.com,English,United States,2021-01-29 21:45:00+00:00,GME
https://www.benzinga.com/analyst-ratings/analyst-color/21/01/19395987/how-and-why-did-the-stock-market-crack-this-week,https://amp.benzinga.com/amp/content/19395987,"Gamestop Corporation ( NYSE : GME ), ( AMC ) - How And Why Did The Stock Market Crack This Week ? ",20210129T214500Z,,benzinga.com,English,United States,2021-01-29 21:45:00+00:00,GME
https://www.investors.com/how-to-invest/investors-corner/short-squeeze/,,"Short Squeeze : What Is It And What Are Some Short Squeeze Stocks Now Like GameStop , AMC",20210129T214500Z,https://www.investors.com/wp-content/uploads/2021/01/Stock-gamestop-01-adobe.jpg,investors.com,English,United States,2021-01-29 21:45:00+00:00,GME
https://www.foxnews.com/us/florida-man-flies-buy-gamestock-stock-banner-over-miami-amid-trading-frenzy,https://www.foxnews.com/us/florida-man-flies-buy-gamestock-stock-banner-over-miami-amid-trading-frenzy.amp,Florida man flies  Buy GameStock Stock  banner over Miami amid trading frenzy,20210129T220000Z,https://static.foxnews.com/foxnews.com/content/uploads/2021/01/GameStop.jpg,foxnews.com,English,United States,2021-01-29 22:00:00+00:00,GME
https://www.straitstimes.com/business/companies-markets/asian-investors-join-trading-frenzy,,Asian investors join trading frenzy,20210129T221500Z,https://www.straitstimes.com/sites/all/themes/custom/bootdemo/images/facebook_default_pic_new.jpg,straitstimes.com,English,Singapore,2021-01-29 22:15:00+00:00,GME
https://marker.medium.com/gamestop-proves-were-in-a-meme-stock-bubble-b3f39163a77f?source=extreme_main_feed---------4-73--------------------83c61495_7cb7_4597_9f9e_3c2f2ec773f0-------&gi=sd,https://marker.medium.com/amp/p/b3f39163a77f,The Reddit GameStop Boom Proves Were in a  Meme Stock  Bubble,20210129T223000Z,https://miro.medium.com/focal/1200/632/49/25/1*3MN6QX978zrXE_iflM45Bg.jpeg,marker.medium.com,English,United States,2021-01-29 22:30:00+00:00,GME
https://edition.cnn.com/business/live-news/wallstreetbets-reddit-wall-street-gamestop/h_e007d23e5f62e8c870827dbd4b2a8050,https://amp.cnn.com/cnn/business/live-news/wallstreetbets-reddit-wall-street-gamestop/index.html,Dow and S & P 500 log first monthly loss since October while GameStop soars,20210129T223000Z,https://cdn.cnn.com/cnnnext/dam/assets/210128160119-gamestop-store-0128-super-tease.jpg,edition.cnn.com,English,United States,2021-01-29 22:30:00+00:00,GME
https://www.investmentnews.com/robinhood-adds-market-manipulation-and-gamification-to-a-quiver-of-woes-202128,https://www.investmentnews.com/robinhood-adds-market-manipulation-and-gamification-to-a-quiver-of-woes-202128/amp,Robinhood adds market manipulation and gamification to a quiver of woes,20210129T223000Z,,investmentnews.com,English,United States,2021-01-29 22:30:00+00:00,GME
https://investorplace.com/2021/01/reddit-stocks-wallstreetbets-robinhood-bans-defi-stocks-gme-mara-riot-dogecoin/,https://investorplace.com/2021/01/reddit-stocks-wallstreetbets-robinhood-bans-defi-stocks-gme-mara-riot-dogecoin/amp/,Reddit Wall Street Bets and Robinhood Bans : 4 DeFi Stocks to Watch,20210129T224500Z,https://investorplace.com/wp-content/uploads/2021/01/reddit_wsb.jpg,investorplace.com,English,United States,2021-01-29 22:45:00+00:00,GME
http://www.msn.com/en-us/money/companies/famed-gamestop-bull-roaring-kitty-is-a-massachusetts-financial-advisor/ar-BB1dc46F,,Famed GameStop bull  Roaring Kitty  is a Massachusetts financial advisor,20210129T231500Z,,msn.com,English,United States,2021-01-29 23:15:00+00:00,GME
https://infiniteunknown.net/2021/01/29/gamestop-squeeze-was-helped-by-34-year-old-youtubing-cfa-who-turned-50000-into-48-million-a-major-bank-publishes-a-list-of-shorts-that-will-surge-next-this-is-for-you-dad-redditor-shares/,,"GameStop Squeeze Was Helped By 34 Year Old YouTubing CFA Who Turned $50 , 000 Into $48 Million – A Major Bank Publishes A List Of Shorts That Will Surge Next –  This Is For You , Dad : Redditor Shares Heartbreaking Reason For Destroying Short - Selle...",20210129T233000Z,,infiniteunknown.net,English,United States,2021-01-29 23:30:00+00:00,GME
https://investingnews.com/daily/resource-investing/precious-metals-investing/silver-investing/top-stories-wallstreetbets-silver-price/,,"Top Stories This Week : WallStreetBets Takes on Silver , Price Rises",20210129T233000Z,https://cdn.investingnews.com/app/uploads/2020/08/top-stories-this-week.jpg,investingnews.com,English,Canada,2021-01-29 23:30:00+00:00,GME
http://economiccollapsenews.com/2021/01/29/did-wall-street-bets-win-the-war-gamestock-settles-up-68/,,Did Wall Street Bets win the war ? GameStock settles up 68 % ,20210129T234500Z,http://economiccollapsenews.com/wp-content/uploads/2021/01/WSB.png,economiccollapsenews.com,English,United States,2021-01-29 23:45:00+00:00,GME
https://www.nationalreview.com/the-morning-jolt/a-gamestop-explainer/,https://www.nationalreview.com/the-morning-jolt/a-gamestop-explainer/amp/,A GameStop Stock Explainer | National Review,20210129T234500Z,https://i2.wp.com/www.nationalreview.com/wp-content/uploads/2021/01/GameStop-Store-NYC.jpg?fit=1200%2C700&ssl=1,nationalreview.com,English,United States,2021-01-29 23:45:00+00:00,GME
https://news.yahoo.com/over-world-small-investors-jump-222800163.html,https://news.yahoo.com/amphtml/over-world-small-investors-jump-222800163.html,"All Over the World , Small Investors Jump Into the GameStop Frenzy",20210129T234500Z,https://s.yimg.com/uu/api/res/1.2/.A6BuszFRCDtkrDnx8eLJg--~B/aD03MjA7dz0xMjAwO2FwcGlkPXl0YWNoeW9u/https://media.zenfs.com/en/coindesk_75/1dd79e7dad47bb05321607223c973971,news.yahoo.com,English,United States,2021-01-29 23:45:00+00:00,GME
https://www.marketwatch.com/articles/how-the-gamestop-squeeze-hammered-already-reeling-short-selling-hedge-funds-51611963371,,Reddit Dealt a Blow to Short Selling . But the Strategy Has Underperformed for Years . ,20210130T000000Z,https://images.barrons.com/im-292056/social,marketwatch.com,English,United States,2021-01-30 00:00:00+00:00,GME
https://marker.medium.com/gamestop-proves-were-in-a-meme-stock-bubble-b3f39163a77f?source=extreme_main_feed---------4-73--------------------63a319bf_8574_47db_a856_c47316ac334f-------&gi=sd,https://marker.medium.com/amp/p/b3f39163a77f,The Reddit GameStop Boom Proves Were in a  Meme Stock  Bubble,20210130T001500Z,https://miro.medium.com/focal/1200/632/49/25/1*3MN6QX978zrXE_iflM45Bg.jpeg,marker.medium.com,English,United States,2021-01-30 00:15:00+00:00,GME
https://www.nbcdfw.com/news/local/north-texas-investor-uses-gamestop-gains-help-sick-children/2537134/,https://www.nbcdfw.com/news/local/north-texas-investor-uses-gamestop-gains-help-sick-children/2537134/?amp,North Texas Investor Uses GameStop Gains to Help Sick Children,20210130T001500Z,https://media.nbcdfw.com/2021/01/GameStopChildrensHospital.jpg,nbcdfw.com,English,United States,2021-01-30 00:15:00+00:00,GME
https://www.fool.ca/2021/01/29/blackberry-is-the-gamestop-trade-the-long-term-catalyst-bb-stock-needed/,https://www.fool.ca/2021/01/29/blackberry-is-the-gamestop-trade-the-long-term-catalyst-bb-stock-needed/amp/,BlackBerry : Is the GameStop Trade the Long - Term Catalyst BB Stock Needed ? ,20210130T004500Z,https://yw553ftvhw1iqegz29fycoyw-wpengine.netdna-ssl.com/wp-content/uploads/2020/10/question.jpg,fool.ca,English,Canada,2021-01-30 00:45:00+00:00,GME
https://www.politico.com/newsletters/politico-nightly/2021/01/29/gamestops-final-boss-washington-491576,,GameStop final boss : Washington,20210130T010000Z,https://static.politico.com/da/f5/44342c424c68b675719324b1106b/politico.jpg,politico.com,English,United States,2021-01-30 01:00:00+00:00,GME
https://www.etftrends.com/retirement-income-channel/semantic-density-algos-gamestop-this-time-its-different/,https://www.etftrends.com/retirement-income-channel/semantic-density-algos-gamestop-this-time-its-different/amp/,"Semantic Density , Algos & Gamestop : This Time It Different",20210130T010000Z,https://www.etftrends.com/wp-content/uploads/2021/01/51QCOdodw9L._SX331_BO1204203200_-2-1.jpg,etftrends.com,English,China,2021-01-30 01:00:00+00:00,GME
https://marker.medium.com/gamestop-proves-were-in-a-meme-stock-bubble-b3f39163a77f?source=extreme_main_feed---------4-73--------------------f2912088_5b92_49ff_b4a9_f4c6eb57f56a-------&gi=sd,https://marker.medium.com/amp/p/b3f39163a77f,The Reddit GameStop Boom Proves Were in a  Meme Stock  Bubble,20210130T010000Z,https://miro.medium.com/focal/1200/632/49/25/1*3MN6QX978zrXE_iflM45Bg.jpeg,marker.medium.com,English,United States,2021-01-30 01:00:00+00:00,GME
https://www.aporrea.org/economia/n362442.html,https://www.aporrea.org/amp/economia/n362442.html,Wall Street : La historia de cómo unas sardinas devoraron a los tiburones de la bolsa de valores,20210130T013000Z,https://www.aporrea.org/imagenes/2021/01/morocotacoin-wall-street-1-696x391.jpg,aporrea.org,Spanish,Venezuela,2021-01-30 01:30:00+00:00,GME
https://www.cbsnews.com/news/meme-stocks-reddit-wallstreetbets-amc-nokia/,https://www.cbsnews.com/amp/news/meme-stocks-reddit-wallstreetbets-amc-nokia/,"AMC , Nokia and other  meme stocks  targeted by Reddit Wallstreetbets",20210130T014500Z,https://cbsnews2.cbsistatic.com/hub/i/r/2018/05/11/a52b68f7-2db3-413f-813e-60317fb90a4b/thumbnail/1200x630/88e0627eaaf8aecad647aeecbe45a881/gamestop-rtx17ec8.jpg,cbsnews.com,English,United States,2021-01-30 01:45:00+00:00,GME
https://calgary.ctvnews.ca/canadian-sales-and-trading-expert-praises-reddit-resistance-movement-1.5288389,https://beta.ctvnews.ca/local/calgary/2021/1/29/1_5288389.html,Canadian sales and trading expert praises Reddit resistance movement,20210130T021500Z,https://www.ctvnews.ca/polopoly_fs/1.5288071.1611946577!/httpImage/image.png_gen/derivatives/landscape_620/image.png,calgary.ctvnews.ca,English,Canada,2021-01-30 02:15:00+00:00,GME
https://www.independentsentinel.com/elon-musk-takes-on-dems-wall-street-suddenly-doj-probes-his-spacex/,https://www.independentsentinel.com/elon-musk-takes-on-dems-wall-street-suddenly-doj-probes-his-spacex/amp/,"Elon Musk takes on Dem Wall Street , & suddenly DoJ probes his SpaceX",20210130T021500Z,https://i2.wp.com/www.independentsentinel.com/wp-content/uploads/2020/04/Musk.jpg?fit=1272%2C940&ssl=1,independentsentinel.com,English,United States,2021-01-30 02:15:00+00:00,GME
https://www.marketwatch.com/articles/the-gamestop-revolt-has-just-begun-get-ready-51611972649,,The GameStop Revolt Has Just Begun . Get Ready . ,20210130T023000Z,https://images.barrons.com/im-292442/social,marketwatch.com,English,United States,2021-01-30 02:30:00+00:00,GME
https://www.altpress.com/news/bella-thorne-onlyfans-reddit-gamestop-stocks/,,Bella Thorne OnlyFans compared to Reddit stocks l Alternative Press,20210130T023000Z,https://media.altpress.com/uploads/2021/01/Bella-Thorne-GameStop.jpg,altpress.com,English,United States,2021-01-30 02:30:00+00:00,GME
https://www.marketscreener.com/quote/stock/GAMESTOP-CORP-12790/news/Famed-GameStop-bull-Roaring-Kitty-is-a-Massachusetts-financial-advisor-32305474/,https://www.marketscreener.com/amp/quote/stock/GAMESTOP-CORP-12790/news/Famed-GameStop-bull-Roaring-Kitty-is-a-Massachusetts-financial-advisor-32305474/,Famed GameStop bull  Roaring Kitty  is a Massachusetts financial advisor,20210130T023000Z,https://img.zonebourse.com/reuters/2021-01-29T163101Z_1_LYNXMPEH0S1C0_RTROPTP_3_RETAIL-TRADING-ROARINGKITTY.JPG,marketscreener.com,English,,2021-01-30 02:30:00+00:00,GME
https://finance.yahoo.com/news/top-10-short-positions-held-151426335.html,https://finance.yahoo.com/amphtml/news/top-10-short-positions-held-151426335.html,Top 10 Short Positions Held By Hedge Funds Today,20210130T034500Z,https://s.yimg.com/uu/api/res/1.2/gioVRDSzFkekKTGbFPJAYg--~B/aD00MDA7dz02MDA7YXBwaWQ9eXRhY2h5b24-/https://media.zenfs.com/en/Benzinga/6396f60c280c1fdee18a75a192f0dc63,finance.yahoo.com,English,United States,2021-01-30 03:45:00+00:00,GME
https://cointelegraph.com/news/analyst-says-bitcoin-price-sell-off-may-occur-as-chinese-new-year-approaches,https://cointelegraph.com/news/analyst-says-bitcoin-price-sell-off-may-occur-as-chinese-new-year-approaches/amp,Analyst says Bitcoin price sell - off may occur as Chinese New Year approaches,20210130T040000Z,https://images.cointelegraph.com/images/1200_aHR0cHM6Ly9zMy5jb2ludGVsZWdyYXBoLmNvbS91cGxvYWRzLzIwMjEtMDEvZmNmOTlmYmUtNzMxMi00MDI4LTk4ZGQtMDg2Y2JiZWQzMmYxLmpwZw==.jpg,cointelegraph.com,English,China,2021-01-30 04:00:00+00:00,GME
https://freerepublic.com/focus/f-bloggers/3930147/posts,,The GameStop uprising goes global : A Chinese Billionaire Joins the Fight to Squeeze the Hedge Funds,20210130T040000Z,,freerepublic.com,English,United States,2021-01-30 04:00:00+00:00,GME
https://marker.medium.com/gamestop-proves-were-in-a-meme-stock-bubble-b3f39163a77f?source=extreme_main_feed---------4-73--------------------4ad50ced_5879_45aa_b3da_4263a8cc06cc-------&gi=sd,https://marker.medium.com/amp/p/b3f39163a77f,The Reddit GameStop Boom Proves Were in a  Meme Stock  Bubble,20210130T041500Z,https://miro.medium.com/focal/1200/632/49/25/1*3MN6QX978zrXE_iflM45Bg.jpeg,marker.medium.com,English,United States,2021-01-30 04:15:00+00:00,GME
https://www.latimes.com/business/story/2021-01-29/the-gamestop-brigade,https://www.latimes.com/business/story/2021-01-29/the-gamestop-brigade?_amp=true,"Who investing in GameStop , the stock shocking Wall Street ? ",20210130T043000Z,https://california-times-brightspot.s3.amazonaws.com/40/3b/854f6e604e6bba9f87c616fd0847/la-fi-tn-gamestop-portraits.jpg,latimes.com,English,United States,2021-01-30 04:30:00+00:00,GME
http://bbs.chinadaily.com.cn/forum/topics/6014ce0ce4b0c68b8ee65edf.html,,Reddit battle with Wall Street is not a joke,20210130T044500Z,,bbs.chinadaily.com.cn,English,China,2021-01-30 04:45:00+00:00,GME
https://www.nbcnewyork.com/news/national-international/north-texas-investor-uses-gamestop-gains-help-sick-children/2856712/,https://www.nbcnewyork.com/news/national-international/north-texas-investor-uses-gamestop-gains-help-sick-children/2856712/?amp,Texas Investor Uses GameStop Gains to Help Sick Children,20210130T060000Z,https://media.nbcnewyork.com/2021/01/GameStopChildrensHospital.jpg,nbcnewyork.com,English,United States,2021-01-30 06:00:00+00:00,GME
https://www.larepublica.co/globoeconomia/un-grupo-de-casi-4-millones-de-inversionistas-minoristas-desafian-a-wall-street-3117799,https://amp.larepublica.co/globoeconomia/un-grupo-de-casi-4-millones-de-inversionistas-minoristas-desafian-a-wall-street-3117799,Un grupo de casi cuatro millones de inversionistas minoristas organizados desafían a Wall Street,20210130T061500Z,https://imgcdn.larepublica.co/i/768/2020/09/22092054/cierre-wall-street-lunes-30-marzo-2020-reuters.jpg_554688468.jpg,larepublica.co,Spanish,Colombia,2021-01-30 06:15:00+00:00,GME
https://freerepublic.com/tag/*/index?more=3930147,,Latest Articles,20210130T061500Z,,freerepublic.com,English,United States,2021-01-30 06:15:00+00:00,GME
https://www.nbcdfw.com/news/national-international/north-texas-investor-uses-gamestop-gains-help-sick-children/2537134/,https://www.nbcdfw.com/news/national-international/north-texas-investor-uses-gamestop-gains-help-sick-children/2537134/?amp,Texas Investor Uses GameStop Gains to Help Sick Children – NBC 5 Dallas - Fort Worth,20210130T063000Z,https://media.nbcdfw.com/2021/01/GameStopChildrensHospital.jpg,nbcdfw.com,English,United States,2021-01-30 06:30:00+00:00,GME
https://www.businessinsider.in/stock-market/news/big-short-investor-michael-burry-says-tesla-isnt-gamestop-and-wall-street-bets-shouldnt-be-taken-down/articleshow/80502413.cms,https://www.businessinsider.in/stock-market/news/big-short-investor-michael-burry-says-tesla-isnt-gamestop-and-wall-street-bets-shouldnt-be-taken-down/amp_articleshow/80502413.cms,  Big Short  investor Michael Burry says Tesla isnt GameStop - and Wall Street Bets shouldnt be taken down,20210130T064500Z,https://www.businessinsider.in/photo/80502413/big-short-investor-michael-burry-says-tesla-isnt-gamestop-and-wall-street-bets-shouldnt-be-taken-down.jpg?imgsize=497534,businessinsider.in,English,India,2021-01-30 06:45:00+00:00,GME
https://www.nbcwashington.com/news/national-international/north-texas-investor-uses-gamestop-gains-help-sick-children/2555921/,https://www.nbcwashington.com/news/national-international/north-texas-investor-uses-gamestop-gains-help-sick-children/2555921/?amp,Texas Investor Uses GameStop Gains to Help Sick Children,20210130T070000Z,https://media.nbcwashington.com/2021/01/GameStopChildrensHospital.jpg,nbcwashington.com,English,United States,2021-01-30 07:00:00+00:00,GME
https://theconservativetreehouse.com/2021/01/29/tucker-carlson-and-dave-portnoy-outlines-the-reddit-vs-wall-street-market-manipulation/,,Tucker Carlson and Dave Portnoy Outlines the Reddit vs Wall Street Market Manipulation,20210130T071500Z,https://eadn-wc04-3211983.nxedge.io/cdn/wp-content/uploads/2021/01/reeddit-wall-street-bets-e1611858680948.jpg,theconservativetreehouse.com,English,United States,2021-01-30 07:15:00+00:00,GME
https://theconservativetreehouse.com/2021/01/29/tucker-carlson-and-dave-portnoy-outlines-the-reddit-vs-wall-street-market-manipulation/comment-page-1/,,Tucker Carlson and Dave Portnoy Outlines the Reddit vs Wall Street Market Manipulation,20210130T071500Z,https://eadn-wc04-3211983.nxedge.io/cdn/wp-content/uploads/2021/01/reeddit-wall-street-bets-e1611858680948.jpg,theconservativetreehouse.com,English,United States,2021-01-30 07:15:00+00:00,GME
https://www.team-bhp.com/forum/shifting-gears/232569-gamestop-saga-reddit-members-robinhood-traders-take-hedge-funds-win.html,,GameStop Saga : Reddit members & Robinhood traders take on hedge funds ( and win !) ,20210130T074500Z,,team-bhp.com,English,India,2021-01-30 07:45:00+00:00,GME
https://freerepublic.com/tag/*/index?more=3930154,,Latest Articles,20210130T074500Z,,freerepublic.com,English,United States,2021-01-30 07:45:00+00:00,GME
https://www.baxterbulletin.com/in-depth/news/2021/01/28/gamestop-how-did-stock-price-jump-so-quickly/4293221001/,,What happened on the stock market today ? How GameStop rose so quickly . ,20210130T083000Z,"https://www.gannett-cdn.com/presto/2021/01/29/USAT/9424ec4d-ebc3-4c86-bac4-c900221519d0-GameStop-Topper-promo.jpg?crop=760,428,x0,y1",baxterbulletin.com,English,United States,2021-01-30 08:30:00+00:00,GME
https://elexpres.com/2015/nota.php?story_id=247084,, ¿ Qué pasa con GameStop y Wall Street ? ,20210130T083000Z,https://www.elexpres.com/images_news/f8fbe5gamestop.jpg,elexpres.com,Spanish,Mexico,2021-01-30 08:30:00+00:00,GME
https://www.nbcbayarea.com/news/national-international/north-texas-investor-uses-gamestop-gains-help-sick-children/2454323/,https://www.nbcbayarea.com/news/national-international/north-texas-investor-uses-gamestop-gains-help-sick-children/2454323/?amp,Texas Investor Uses GameStop Gains to Help Sick Children,20210130T084500Z,https://media.nbcbayarea.com/2021/01/GameStopChildrensHospital.jpg,nbcbayarea.com,English,United States,2021-01-30 08:45:00+00:00,GME
https://www.deccanherald.com/business/business-news/reddit-vs-wall-street-a-glorious-game-of-stonks-945179.html,https://www.deccanherald.com/amp/business/business-news/reddit-vs-wall-street-a-glorious-game-of-stonks-945179.html,Reddit vs Wall Street : A glorious game of  stonks  ,20210130T091500Z,https://www.deccanherald.com/sites/dh/files/articleimages/2021/01/30/gamestop-reuters-945179-1611994700.jpg,deccanherald.com,English,India,2021-01-30 09:15:00+00:00,GME
https://freerepublic.com/tag/*/index?more=3930155,,Latest Articles,20210130T093000Z,,freerepublic.com,English,United States,2021-01-30 09:30:00+00:00,GME
https://www.moneycontrol.com/news/business/markets/stockal-co-ceo-vinay-bharathwaj-on-how-indian-investors-made-most-of-gamestop-frenzy-6419761.html,https://www.moneycontrol.com/news/business/markets/stockal-co-ceo-vinay-bharathwaj-on-how-indian-investors-made-most-of-gamestop-frenzy-6419761.html/amp,Stockal Co - CEO Vinay Bharathwaj On How Indian Investors Made Most Of GameStop Frenzy,20210130T094500Z,https://images.moneycontrol.com/static-mcnews/2021/01/gameStop-770x433.jpg,moneycontrol.com,English,India,2021-01-30 09:45:00+00:00,GME
https://cn.reuters.com/article/retail-trading-roaringkitty-idCNL1N2K421B,https://mobile.reuters.com/article/amp/idCNL1N2K421B,UPDATE 1 - Famed GameStop bull  Roaring Kitty  is a Massachusetts financial advisor,20210130T113000Z,https://s1.reutersmedia.net/resources_v2/images/rcom-default.png,cn.reuters.com,English,United States,2021-01-30 11:30:00+00:00,GME
https://www.thesun.co.uk/money/13884696/what-is-dogecoin-why-going-up/,https://www.thesun.co.uk/money/13884696/what-is-dogecoin-why-going-up/amp/,What is Dogecoin and why is it going down ? ,20210130T113000Z,https://www.thesun.co.uk/wp-content/uploads/2021/01/NINTCHDBPICT000633170897.jpg?strip=all&quality=100&crop=1,thesun.co.uk,English,United Kingdom,2021-01-30 11:30:00+00:00,GME
https://www.francetvinfo.fr/monde/usa/etats-unis-des-internautes-font-grimper-l-action-de-l-enseigne-de-jeux-video-gamestop-et-affolent-wall-street_4277475.html,https://www.francetvinfo.fr/monde/usa/etats-unis-des-internautes-font-grimper-l-action-de-l-enseigne-de-jeux-video-gamestop-et-affolent-wall-street_4277475.amp,Etats - Unis : des internautes font grimper laction de lenseigne de jeux vidéo GameStop et affolent Wall Street,20210130T114500Z,https://www.francetvinfo.fr/pictures/byTgvYtfsq77oW0LZDoksAwEOmA/1500x843/2021/01/30/phpKy7KHS.jpg,francetvinfo.fr,French,France,2021-01-30 11:45:00+00:00,GME
https://financialpost.com/pmn/business-pmn/a-tulip-by-another-name-gamestonk-and-the-case-for-investor-caution,https://financialpost.com/pmn/business-pmn/a-tulip-by-another-name-gamestonk-and-the-case-for-investor-caution/wcm/97da00ac-f002-4c46-a1c4-da5b40b96997/amp/,A tulip by another name ?  Gamestonk  and the case for investor caution,20210130T124500Z,,financialpost.com,English,Canada,2021-01-30 12:45:00+00:00,GME
https://leaderpost.com/pmn/business-pmn/a-tulip-by-another-name-gamestonk-and-the-case-for-investor-caution,https://leaderpost.com/pmn/business-pmn/a-tulip-by-another-name-gamestonk-and-the-case-for-investor-caution/wcm/97da00ac-f002-4c46-a1c4-da5b40b96997/amp/,A tulip by another name ?  Gamestonk  and the case for investor caution,20210130T124500Z,,leaderpost.com,English,Canada,2021-01-30 12:45:00+00:00,GME
https://www.reuters.com/article/retail-trading-bubbles-idUSL1N2K42M3,https://mobile.reuters.com/article/amp/idUSKBN29Z0HG,Analysis : A tulip by another name ?  Gamestonk  and the case for investor caution,20210130T124500Z,https://static.reuters.com/resources/r/?m=02&d=20210130&t=2&i=1549659666&r=LYNXMPEH0T0A8,reuters.com,English,United States,2021-01-30 12:45:00+00:00,GME
https://wdsm710.com/2021/01/30/analysis-a-tulip-by-another-name-gamestonk-and-the-case-for-investor-caution/,,Analysis : A tulip by another name ?  Gamestonk  and the case for investor caution,20210130T130000Z,https://storage.googleapis.com/media.mwcradio.com/mimesis/2021-01/30/2021-01-30T121614Z_1_LYNXMPEH0T0AA_RTROPTP_3_RETAIL-TRADING-BUBBLES.JPG,wdsm710.com,English,United States,2021-01-30 13:00:00+00:00,GME
https://www.metro.us/analysis-a-tulip-by/,https://www.metro.us/analysis-a-tulip-by/amp/,Analysis : A tulip by another name ?  Gamestonk  and the case for investor caution,20210130T130000Z,https://www.metro.us/wp-content/uploads/Reuters_Direct_Media/USOnlineReportBusinessNews/tagreuters.com2021binary_LYNXMPEH0T0A8-BASEIMAGE.jpg,metro.us,English,United States,2021-01-30 13:00:00+00:00,GME
https://www.globalbankingandfinance.com/analysis-a-tulip-by-another-name-gamestonk-and-the-case-for-investor-caution/,https://www.globalbankingandfinance.com/analysis-a-tulip-by-another-name-gamestonk-and-the-case-for-investor-caution/amp/,Analysis : A tulip by another name ?  Gamestonk  and the case for investor caution,20210130T130000Z,https://mk0globalbankin3xg02.kinstacdn.com/wp-content/uploads/2021/01/2021-01-30T120920Z_1_LYNXMPEH0T0A6_RTROPTP_4_RETAIL-TRADING-BUBBLES.jpg,globalbankingandfinance.com,English,United Kingdom,2021-01-30 13:00:00+00:00,GME
https://www.reuters.com/article/us-retail-trading-bubbles-analysis/analysis-a-tulip-by-another-name-gamestonk-and-the-case-for-investor-caution-idUSKBN29Z0HG,https://mobile.reuters.com/article/amp/idUSKBN29Z0HG,Analysis : A tulip by another name ?  Gamestonk  and the case for investor caution,20210130T131500Z,https://static.reuters.com/resources/r/?m=02&d=20210130&t=2&i=1549659666&r=LYNXMPEH0T0A8,reuters.com,English,United States,2021-01-30 13:15:00+00:00,GME
https://katcountry989.com/2021/01/30/analysis-a-tulip-by-another-name-gamestonk-and-the-case-for-investor-caution/,,Analysis : A tulip by another name ?  Gamestonk  and the case for investor caution | Kat Country 98 . 9,20210130T133000Z,https://storage.googleapis.com/media.mwcradio.com/mimesis/2021-01/30/2021-01-30T121614Z_1_LYNXMPEH0T0AA_RTROPTP_3_RETAIL-TRADING-BUBBLES.JPG,katcountry989.com,English,United States,2021-01-30 13:30:00+00:00,GME
https://wsau.com/2021/01/30/analysis-a-tulip-by-another-name-gamestonk-and-the-case-for-investor-caution/,,Analysis : A tulip by another name ?  Gamestonk  and the case for investor caution | WSAU News / Talk 550 AM · 99 . 9 FM,20210130T134500Z,https://storage.googleapis.com/media.mwcradio.com/mimesis/2021-01/30/2021-01-30T121614Z_1_LYNXMPEH0T0AA_RTROPTP_3_RETAIL-TRADING-BUBBLES.JPG,wsau.com,English,United States,2021-01-30 13:45:00+00:00,GME
https://news.yahoo.com/gamestop-winners-spending-windfall-124605189.html,https://news.yahoo.com/amphtml/gamestop-winners-spending-windfall-124605189.html,GameStop Winners : How Theyre Spending the Windfall,20210130T140000Z,https://s.yimg.com/uu/api/res/1.2/AEAeqxEBsa2xqDn._c7DKw--~B/aD0xMDgwO3c9MTkyMDthcHBpZD15dGFjaHlvbg--/https://media.zenfs.com/en/gobankingrates_644/0f026b6c566cc3930b84ef28c11edcd2,news.yahoo.com,English,United States,2021-01-30 14:00:00+00:00,GME
https://www.businessinsider.com/how-wall-street-bets-subreddit-chose-gamestop-stock-2021-1,https://www.businessinsider.com/how-wall-street-bets-subreddit-chose-gamestop-stock-2021-1?amp,How Wall street bets subreddit chose GameStop stock,20210130T140000Z,https://i.insider.com/601403eb1d2df20018b7184f?&format=jpeg,businessinsider.com,English,United States,2021-01-30 14:00:00+00:00,GME
https://isp.netscape.com/pf/story/0002/20210130/KBN29Z0HG_1,,Analysis : A tulip by another name ?  Gamestonk  and the case for investor caution,20210130T141500Z,,isp.netscape.com,English,United States,2021-01-30 14:15:00+00:00,GME
https://www.reuters.com/article/idUSKBN29Z0HG,https://mobile.reuters.com/article/amp/idUSKBN29Z0HG,Analysis : A tulip by another name ?  Gamestonk  and the case for investor caution,20210130T141500Z,https://static.reuters.com/resources/r/?m=02&d=20210130&t=2&i=1549659666&r=LYNXMPEH0T0A8,reuters.com,English,United States,2021-01-30 14:15:00+00:00,GME
http://www.msn.com/en-us/money/companies/analysis-a-tulip-by-another-name-gamestonk-and-the-case-for-investor-caution/ar-BB1deyFn,,Analysis : A tulip by another name ?  Gamestonk  and the case for investor caution,20210130T143000Z,,msn.com,English,United States,2021-01-30 14:30:00+00:00,GME
https://www.gobankingrates.com/investing/stocks/gamestop-s-winners-re-spending/,https://www.gobankingrates.com/investing/stocks/gamestop-s-winners-re-spending/amp/,GameStop Winners : How Theyre Spending the Windfall,20210130T144500Z,https://cdn.gobankingrates.com/wp-content/uploads/2018/05/GameStop-video-game-store-shutterstock_735902461-1024x576.jpg,gobankingrates.com,English,United States,2021-01-30 14:45:00+00:00,GME
https://www.marketwatch.com/story/gamestops-stock-surge-and-qanon-couldnt-seem-more-different-yet-they-have-this-trait-in-common-11611950457,https://www.marketwatch.com/amp/story/gamestops-stock-surge-and-qanon-couldnt-seem-more-different-yet-they-have-this-trait-in-common-11611950457,Opinion : GameStop stock surge and QAnon couldnt seem more different yet they have this trait in common,20210130T144500Z,https://images.mktw.net/im-292527/social,marketwatch.com,English,United States,2021-01-30 14:45:00+00:00,GME
https://www.marketwatch.com/story/why-regulators-shouldnt-get-trigger-happy-in-trying-to-rein-in-gamestops-stock-mania-11611939882,https://www.marketwatch.com/amp/story/why-regulators-shouldnt-get-trigger-happy-in-trying-to-rein-in-gamestops-stock-mania-11611939882,Opinion : Why regulators shouldnt get trigger - happy in trying to rein in GameStop stock mania,20210130T144500Z,https://images.mktw.net/im-292498/social,marketwatch.com,English,United States,2021-01-30 14:45:00+00:00,GME
https://kesq.com/money/2021/01/29/the-forces-driving-the-gamestop-rebellion/,https://kesq.com/amp/the-forces-driving-the-gamestop-rebellion,The forces driving the GameStop rebellion,20210130T150000Z,https://kesq.b-cdn.net/2021/01/U0W9UCHC-210128092214-01-robinhood-app-live-video.jpg,kesq.com,English,United States,2021-01-30 15:00:00+00:00,GME
https://www.fool.com/investing/2021/01/30/what-if-wallstreetbets-wanted-to-boost-good-compan/?source=iedfolrf0000001,https://www.fool.com/amp/investing/2021/01/30/what-if-wallstreetbets-wanted-to-boost-good-compan/,"What If WallStreetBets Wanted to Boost Good Companies Instead , Like Netflix or Amazon ? ",20210130T150000Z,https://g.foolcdn.com/editorial/images/610533/safe-port-in-a-storm.jpg,fool.com,English,United States,2021-01-30 15:00:00+00:00,GME
https://www.businessinsider.in/tech/news/how-gamestop-became-the-perfect-meme-stock-for-r/wallstreetbets/articleshow/80603476.cms,https://www.businessinsider.in/tech/news/how-gamestop-became-the-perfect-meme-stock-for-r/wallstreetbets/amp_articleshow/80603476.cms,How GameStop became the perfect  meme stock  for r / WallStreetBets,20210130T150000Z,https://www.businessinsider.in/photo/80603476/how-gamestop-became-the-perfect-meme-stock-for-r/wallstreetbets.jpg?imgsize=956616,businessinsider.in,English,India,2021-01-30 15:00:00+00:00,GME
https://www.forbes.com/sites/soundmoney/2021/01/30/reddits-revolution-on-wall-street-stimulus-rebate-how-to/,https://www.forbes.com/sites/soundmoney/2021/01/30/reddits-revolution-on-wall-street-stimulus-rebate-how-to/amp/,Reddit Revolution On Wall Street ; Stimulus Rebate How - To,20210130T151500Z,https://thumbor.forbes.com/thumbor/fit-in/1200x0/filters%3Aformat%28jpg%29/https%3A%2F%2Fspecials-images.forbesimg.com%2Fimageserve%2F60141c0836378a2465dfa6a7%2F0x0.jpg,forbes.com,English,United States,2021-01-30 15:15:00+00:00,GME
https://www.benzinga.com/news/21/01/19408113/private-equity-firm-silver-lake-cashes-in-amc-shares-for-a-113-million-gain,https://amp.benzinga.com/amp/content/19408113," ( AMC ), BlackBerry ( NASDAQ : BB ) - Private Equity Firm Silver Lake Cashes In AMC Shares For A $113 Million Gain",20210130T151500Z,,benzinga.com,English,United States,2021-01-30 15:15:00+00:00,GME
https://diariodelhuila.com/wall-street-cayo-mas-de-2-en-medio-de-la-histeria-por-las-acciones-de-gamestop/,https://diariodelhuila.com/wall-street-cayo-mas-de-2-en-medio-de-la-histeria-por-las-acciones-de-gamestop/amp/,Wall Street cayó más de 2 % en medio de la histeria por las acciones de Gamestop,20210130T154500Z,https://diariodelhuila.com/wp-content/uploads/2021/01/FOTO-1-9.jpg,diariodelhuila.com,Spanish,Colombia,2021-01-30 15:45:00+00:00,GME
https://www.telegraph.co.uk/luxury/technology/reddit-gamestop-army/,https://www.telegraph.co.uk/luxury/technology/reddit-gamestop-army/amp/,My night inside the Reddit GameStop army,20210130T160000Z,,telegraph.co.uk,English,United Kingdom,2021-01-30 16:00:00+00:00,GME
https://www.livemint.com/market/stock-market-news/a-tulip-by-another-name-gamestonk-and-the-case-for-investor-caution-11612018783137.html,https://www.livemint.com/market/stock-market-news/a-tulip-by-another-name-gamestonk-and-the-case-for-investor-caution/amp-11612018783137.html,A tulip by another name ?  Gamestonk  and the case for investor caution,20210130T161500Z,https://images.livemint.com/img/2021/01/30/600x338/2021-01-30T062859Z_1_LYNXMPEH0T05B_RTROPTP_3_RETAIL-TRADING-ROBINHOOD-LIABILITY_1612018874424_1612019287759.JPG,livemint.com,English,India,2021-01-30 16:15:00+00:00,GME
https://www.investing.com/news/stock-market-news/analysis-a-tulip-by-another-name-gamestonk-and-the-case-for-investor-caution-2404180,https://m.investing.com/news/stock-market-news/analysis-a-tulip-by-another-name-gamestonk-and-the-case-for-investor-caution-2404180?ampMode=1,Analysis : A tulip by another name ?  Gamestonk  and the case for investor caution By Reuters,20210130T164500Z,https://i-invdn-com.akamaized.net/trkd-images/LYNXMPEH0T0AA_M.jpg,investing.com,English,United States,2021-01-30 16:45:00+00:00,GME
https://www.nbcsandiego.com/news/business/money-report/gamestop-reddit-and-robinhood-a-full-recap-of-the-historic-retail-trading-mania-on-wall-street/2506935/,https://www.nbcsandiego.com/news/business/money-report/gamestop-reddit-and-robinhood-a-full-recap-of-the-historic-retail-trading-mania-on-wall-street/2506935/?amp,"GameStop , Reddit and Robinhood : A Full Recap of the Historic Retail Trading Mania on Wall Street",20210130T170000Z,https://media.nbcsandiego.com/2021/01/106832471-1611937274732-AP21029232002649r.jpg,nbcsandiego.com,English,United States,2021-01-30 17:00:00+00:00,GME
https://www.reuters.com/article/retail-trading-bubbles-idINKBN29Z0H4,https://mobile.reuters.com/article/amp/idINKBN29Z0H4,Analysis : A tulip by another name ?  Gamestonk  and the case for investor caution,20210130T173000Z,https://static.reuters.com/resources/r/?m=02&d=20210130&t=2&i=1549659262&r=LYNXMPEH0T09W,reuters.com,English,United States,2021-01-30 17:30:00+00:00,GME
https://invezz.com/news/2021/01/30/ftx-adds-wsb-index-after-the-gamestop-short-squeeze/,https://invezz.com/news/2021/01/30/ftx-adds-wsb-index-after-the-gamestop-short-squeeze/?amp,FTX adds WSB Index after the GameStop short squeeze,20210130T181500Z,https://invezz.com/wp-content/uploads/2020/05/FTX-launches-a-new-unique-futures-product.jpg,invezz.com,English,United Kingdom,2021-01-30 18:15:00+00:00,GME
https://invezz.com/news/2021/01/29/robinhood-what-it-is-and-why-is-it-facing-a-class-action-lawsuit/,https://invezz.com/news/2021/01/29/robinhood-what-it-is-and-why-is-it-facing-a-class-action-lawsuit/?amp,What is Robinhood and why is it facing a class - action lawsuit ? ,20210130T181500Z,https://invezz.com/wp-content/uploads/2021/01/156359625-s.jpg,invezz.com,English,United Kingdom,2021-01-30 18:15:00+00:00,GME
https://invezz.com/news/2021/01/30/us-sec-opens-the-investigation-regarding-robinhood-and-wsb/,https://invezz.com/news/2021/01/30/us-sec-opens-the-investigation-regarding-robinhood-and-wsb/?amp,US SEC opens the investigation regarding Robinhood and WSB,20210130T181500Z,https://invezz.com/wp-content/uploads/2020/02/Crypto-trading-firm-Robinhood-announces-plans-to-expand-to-the-UK.jpg,invezz.com,English,United Kingdom,2021-01-30 18:15:00+00:00,GME
https://www.kitv.com/story/43261638/the-forces-driving-the-gamestop-rebellion,,The forces driving the GameStop rebellion,20210130T184500Z,https://KITV.images.worldnow.com/images/17633324_G.jpg,kitv.com,English,United States,2021-01-30 18:45:00+00:00,GME
https://www.aporrea.org/economia/n362459.html,https://www.aporrea.org/amp/economia/n362459.html,VIDEO ) GameStop : La rebelión de los pequeños inversionistas contra los barones de Wall Street,20210130T190000Z,https://www.aporrea.org/imagenes/2021/01/gamestop-_videojuegosmercados_8.jpg,aporrea.org,Spanish,Venezuela,2021-01-30 19:00:00+00:00,GME
https://www.msn.com/en-us/news/technology/a-redditor-found-a-brilliant-way-to-beat-robinhood-s-gamestop-restrictions/ar-BB1deRBp,,A Redditor found a brilliant way to beat Robinhood GameStop restrictions,20210130T191500Z,,msn.com,English,United States,2021-01-30 19:15:00+00:00,GME
https://ac24.cz/-/bradley-blankenship-bitva-redditu-s-wall-streetem-neni-zadna-legrace,,AC24 . cz - Bradley Blankenship : Bitva Redditu s Wall Streetem není žádná legrace,20210130T193000Z,https://ac24.cz/image/journal/article?img_id=15064392&t=1612018465716,ac24.cz,Czech,,2021-01-30 19:30:00+00:00,GME
https://www.msn.com/en-us/news/technology/a-redditor-found-a-brilliant-way-to-beat-robinhood-e2-80-99s-gamestop-restrictions/ar-BB1deRBp,,A Redditor found a brilliant way to beat Robinhood GameStop restrictions,20210130T193000Z,,msn.com,English,United States,2021-01-30 19:30:00+00:00,GME
https://www.benzinga.com/markets/21/01/19394773/top-10-short-positions-held-by-hedge-funds-today,https://amp.benzinga.com/amp/content/19394773,Top 10 Short Positions Held By Hedge Funds Today,20210130T194500Z,,benzinga.com,English,United States,2021-01-30 19:45:00+00:00,GME
https://www.zerohedge.com/markets/its-not-just-robinhood-reddit-rebellion-has-clogged-entire-financial-systems-plumbing,,"It Not Just Robinhood , Reddit Rebellion Has Clogged Entire Financial System Plumbing",20210130T203000Z,https://zh-prod-1cc738ca-7d3b-4a72-b792-20bd8d8fa069.storage.googleapis.com/s3fs-public/styles/16_9_max_700/public/2021-01/2021-01-30_9-49-03.jpg?itok=6y37fL4G,zerohedge.com,English,United States,2021-01-30 20:30:00+00:00,GME
https://www.zerohedge.com/markets/reddit-preparing-unleash-worlds-biggest-short-squeeze-silver,,Reddit Preparing To Unleash  World Biggest Short Squeeze  In Silver,20210130T211500Z,https://zh-prod-1cc738ca-7d3b-4a72-b792-20bd8d8fa069.storage.googleapis.com/s3fs-public/styles/16_9_max_700/public/2021-01/bfm9A5E.jpg?itok=oedM2mr-,zerohedge.com,English,United States,2021-01-30 21:15:00+00:00,GME
https://www.newshub.co.nz/home/money/2021/01/gamestop-when-will-the-bubble-burst-and-will-it-take-down-the-rest-of-the-market.html,https://www.newshub.co.nz/home/money/2021/01/gamestop-when-will-the-bubble-burst-and-will-it-take-down-the-rest-of-the-market.amp.html,"Gamestop : When will the bubble burst , and will it take down the rest of the market ? ",20210130T221500Z,https://www.newshub.co.nz/home/money/2021/01/gamestop-when-will-the-bubble-burst-and-will-it-take-down-the-rest-of-the-market/_jcr_content/par/video/image.dynimg.1280.q75.jpg/v1612037945753/GETTY_GAMESTOCK_1120.jpg,newshub.co.nz,English,New Zealand,2021-01-30 22:15:00+00:00,GME
https://www.cracked.com/article_29499_gamestop-getting-wilder-by-second.html,,Gamestop Is Getting Wilder By The Second,20210130T223000Z,,cracked.com,English,United States,2021-01-30 22:30:00+00:00,GME
https://www.morningstar.com/news/marketwatch/20210130206/some-furious-robinhood-traders-are-suing-but-they-face-two-big-road-blocks,,Some furious Robinhood traders are suing but they face two big road blocks,20210130T224500Z,https://www.morningstar.com/assets/img/8cc5300.png,morningstar.com,English,China,2021-01-30 22:45:00+00:00,GME
https://www.crhoy.com/mundo/que-es-el-caso-gamestop-que-ha-revolucionado-wall-street/,, ¿ Qué es el caso GameStop que ha revolucionado Wall Street ? ,20210130T230000Z,https://www.crhoy.com/wp-content/uploads/2017/01/12475188w.jpg,crhoy.com,Spanish,United States,2021-01-30 23:00:00+00:00,GME
https://cointelegraph.com/magazine/2021/01/30/gamestop-wont-stop-robinhood-cheats-musk-tweets-hodlers012430,,"GameStop mayhem , Robinhood scandal , Musk tweets , DOGE explodes : Hodler Digest",20210130T231500Z,https://cointelegraph.com/magazine/wp-content/uploads/2021/01/24-30-jan.jpg,cointelegraph.com,English,China,2021-01-30 23:15:00+00:00,GME
https://www.news.com.au/finance/markets/world-markets/gamestop-share-price-hits-dizzying-heights-as-wallstreetbets-reddit-users-refuse-to-back-down/news-story/8a4bf2e3c5b5cbdde94bcb6f49628615,https://amp.news.com.au/finance/markets/world-markets/gamestop-share-price-hits-dizzying-heights-as-wallstreetbets-reddit-users-refuse-to-back-down/news-story/8a4bf2e3c5b5cbdde94bcb6f49628615,GameStop share price hits dizzying heights as WallStreetBets Reddit users refuse to back down,20210131T004500Z,https://cdn.newsapi.com.au/image/v1/82586c5a58b6f4b3aed33c0548af15f0,news.com.au,English,Australia,2021-01-31 00:45:00+00:00,GME
https://www.dailymail.co.uk/news/article-9205869/Wolves-Reddit-mock-humbled-hedge-funds-giant-billboard-NYC-airplane-banner.html,https://www.dailymail.co.uk/news/article-9205869/amp/Wolves-Reddit-mock-humbled-hedge-funds-giant-billboard-NYC-airplane-banner.html,Wolves of Reddit mock humbled hedge funds with giant billboard in NYC and airplane banner,20210131T004500Z,https://i.dailymail.co.uk/1s/2021/01/31/00/38682928-0-image-a-10_1612052399964.jpg,dailymail.co.uk,English,United Kingdom,2021-01-31 00:45:00+00:00,GME
https://www.news.com.au/finance/money/gamestop-share-price-hits-dizzying-heights-as-wallstreetbets-reddit-users-refuse-to-back-down/news-story/8a4bf2e3c5b5cbdde94bcb6f49628615,https://amp.news.com.au/finance/money/gamestop-share-price-hits-dizzying-heights-as-wallstreetbets-reddit-users-refuse-to-back-down/news-story/8a4bf2e3c5b5cbdde94bcb6f49628615,GameStop share price hits dizzying heights as WallStreetBets Reddit users refuse to back down,20210131T013000Z,https://cdn.newsapi.com.au/image/v1/82586c5a58b6f4b3aed33c0548af15f0,news.com.au,English,Australia,2021-01-31 01:30:00+00:00,GME
https://www.foxbusiness.com/markets/defiant-redditors-buy-times-square-billboard-as-gamestop-stock-saga-rages,https://www.foxbusiness.com/markets/defiant-redditors-buy-times-square-billboard-as-gamestop-stock-saga-rages.amp,Defiant Redditors buy Times Square billboard as GameStop stock saga rages,20210131T014500Z,https://a57.foxnews.com/static.foxbusiness.com/foxbusiness.com/content/uploads/2021/01/0/0/Gamestop-Stock-Market-THUMB-3.jpg?ve=1&tl=1,foxbusiness.com,English,United States,2021-01-31 01:45:00+00:00,GME
http://www.msn.com/en-nz/news/world/defiant-redditors-buy-billboard-on-times-square-say-they-wont-sell-gamestop-shares/ar-BB1df8pG,,"Defiant Redditors buy billboard on Times Square , say they wont sell GameStop shares",20210131T020000Z,,msn.com,English,United States,2021-01-31 02:00:00+00:00,GME
https://www.heraldsun.com.au/business/gamestop-share-price-hits-dizzying-heights-as-wallstreetbets-reddit-users-refuse-to-back-down/news-story/8a4bf2e3c5b5cbdde94bcb6f49628615?nk=8e6214158f024a08753116c103e57015-1612058344,https://www.heraldsun.com.au/business/gamestop-share-price-hits-dizzying-heights-as-wallstreetbets-reddit-users-refuse-to-back-down/news-story/8a4bf2e3c5b5cbdde94bcb6f49628615?amp,GameStop share price hits dizzying heights as WallStreetBets Reddit users refuse to back down,20210131T023000Z,https://content.api.news/v3/images/bin/82586c5a58b6f4b3aed33c0548af15f0,heraldsun.com.au,English,Australia,2021-01-31 02:30:00+00:00,GME
https://www.dailytelegraph.com.au/lifestyle/gamestop-share-price-hits-dizzying-heights-as-wallstreetbets-reddit-users-refuse-to-back-down/news-story/8a4bf2e3c5b5cbdde94bcb6f49628615?nk=ba8384063ef8994015c95254c14a90db-1612062166,https://www.dailytelegraph.com.au/lifestyle/gamestop-share-price-hits-dizzying-heights-as-wallstreetbets-reddit-users-refuse-to-back-down/news-story/8a4bf2e3c5b5cbdde94bcb6f49628615?amp,GameStop share price hits dizzying heights as WallStreetBets Reddit users refuse to back down,20210131T031500Z,https://content.api.news/v3/images/bin/82586c5a58b6f4b3aed33c0548af15f0,dailytelegraph.com.au,English,Australia,2021-01-31 03:15:00+00:00,GME
https://www.zerohedge.com/markets/taibbi-suck-it-wall-street,,"Taibbi : Suck It , Wall Street ! ",20210131T040000Z,https://zh-prod-1cc738ca-7d3b-4a72-b792-20bd8d8fa069.storage.googleapis.com/s3fs-public/styles/16_9_max_700/public/2021-01/https___bucketeer-e05bbc84-baa3-437e-9518-adb32be77984.s3.amazonaws.com_public_images_6ed7d5e7-5253-4794-bd7a-c00cf1b87d4e_1894x1250.png?itok=0OZOQJ_q,zerohedge.com,English,United States,2021-01-31 04:00:00+00:00,GME
https://www.forbes.com/sites/greatspeculations/2021/01/30/bubble-markets-display-bizarre-behavior-right-before-they-tumble/,https://www.forbes.com/sites/greatspeculations/2021/01/30/bubble-markets-display-bizarre-behavior-right-before-they-tumble/amp/,Bubble Markets Display Bizarre Behavior Right Before They Tumble,20210131T044500Z,https://thumbor.forbes.com/thumbor/fit-in/1200x0/filters%3Aformat%28jpg%29/https%3A%2F%2Fspecials-images.forbesimg.com%2Fimageserve%2F601611d9694da18727cc8107%2F0x0.jpg,forbes.com,English,United States,2021-01-31 04:45:00+00:00,GME
https://www.moneycontrol.com/news/business/markets/beyond-gamestop-amc-nokia-and-blackberry-have-also-seen-a-retail-mob-rallying-their-prices-up-6419771.html,https://www.moneycontrol.com/news/business/markets/beyond-gamestop-amc-nokia-and-blackberry-have-also-seen-a-retail-mob-rallying-their-prices-up-6419771.html/amp,"  Beyond GameStop , AMC , Nokia And Blackberry Have Also Seen A Retail Mob Rallying Their Prices Up  ",20210131T054500Z,https://images.moneycontrol.com/static-mcnews/2021/01/gameStop-1-770x433.jpg,moneycontrol.com,English,India,2021-01-31 05:45:00+00:00,GME
https://business.inquirer.net/316795/investor-from-reddit-uses-gamestop-earnings-to-buy-nintendo-switch-for-childrens-hospital,https://business.inquirer.net/316795/investor-from-reddit-uses-gamestop-earnings-to-buy-nintendo-switch-for-childrens-hospital/amp,Investor from Reddit uses GameStop earnings to buy Nintendo Switch for children hospital,20210131T054500Z,https://business.inquirer.net/files/2021/01/000_8ZQ9N8-620x455.jpg,business.inquirer.net,English,Philippines,2021-01-31 05:45:00+00:00,GME
https://www.marketscreener.com/news/latest/Analysis-A-tulip-by-another-name-Gamestonk-and-the-case-for-investor-caution--32314808/,https://www.marketscreener.com/amp/news/latest/Analysis-A-tulip-by-another-name-Gamestonk-and-the-case-for-investor-caution--32314808/,Analysis : A tulip by another name ?  Gamestonk  and the case for investor caution,20210131T060000Z,https://img.zonebourse.com/reuters/2021-01-30T121614Z_1_LYNXMPEH0T0A8-OCABS_RTROPTP_3_CBUSINESS-US-RETAIL-TRADING-BUBBLES-ANALYSIS.JPG,marketscreener.com,English,,2021-01-31 06:00:00+00:00,GME
https://www.clarionledger.com/in-depth/news/2021/01/28/gamestop-how-did-stock-price-jump-so-quickly/4293221001/,,What happened on the stock market today ? How GameStop rose so quickly . ,20210131T064500Z,"https://www.gannett-cdn.com/presto/2021/01/29/USAT/9424ec4d-ebc3-4c86-bac4-c900221519d0-GameStop-Topper-promo.jpg?crop=760,428,x0,y1",clarionledger.com,English,United States,2021-01-31 06:45:00+00:00,GME
https://www.theday.com/business/20210131/gamestop-bubble-is-age-old-financial-craze-with-modern-twist,,The Day - The Gamestop bubble is an age - old financial craze with a modern twist - News from southeastern Connecticut,20210131T074500Z,https://www.theday.com/storyimage/NL/20210131/BIZ02/210139931/AR/0/AR-210139931.jpg&imageversion=16by9,theday.com,English,United States,2021-01-31 07:45:00+00:00,GME
https://investorplace.com/hypergrowthinvesting/2021/01/reddit-traders-squeeze-gamestop-these-stocks-could-be-next/,https://investorplace.com/hypergrowthinvesting/2021/01/reddit-traders-squeeze-gamestop-these-stocks-could-be-next/amp/,"Reddit Traders Squeeze GameStop , And These 5 Stocks Could Be Next",20210131T081500Z,,investorplace.com,English,United States,2021-01-31 08:15:00+00:00,GME
https://www.rt.com/usa/514156-robinhood-waters-financial-contributions/,https://www.rt.com/usa/514156-robinhood-waters-financial-contributions/amp/,Robinhood exec contributions to House Financial Services panel leaders under scrutiny as hearing over GameStop saga announced RT united states News,20210131T091500Z,https://cdni.rt.com/files/2021.01/article/6015faa685f54030dd409c2d.JPG,rt.com,English,Russia,2021-01-31 09:15:00+00:00,GME
https://www.cardschat.com/news/gamestop-stock-price-poker-player-reddit-97612/,,GameStop Stock Price Rises Following Poker Player Reddit Post,20210131T100000Z,https://www.cardschat.com/news/wp-content/uploads/2021/01/gamestop-stock-reddit-poker.jpg,cardschat.com,English,United States,2021-01-31 10:00:00+00:00,GME
https://www.japantimes.co.jp/news/2021/01/31/business/gamestop-pain-investors/,,A tulip by another name ?  Gamestonk  and the case for investor caution,20210131T104500Z,https://cdn-japantimes.com/wp-content/uploads/2021/01/np_file_66605-870x580.jpeg,japantimes.co.jp,English,Japan,2021-01-31 10:45:00+00:00,GME
https://www.thesun.co.uk/news/13901247/gamestop-reddit-army-troll-wall-street-billionaires-banners-billboards/,https://www.thesun.co.uk/news/13901247/gamestop-reddit-army-troll-wall-street-billionaires-banners-billboards/amp/,GameStop Reddit army trolls Wall Street billionaires with billboards and plane banners gloating over stock gains,20210131T104500Z,https://www.thesun.co.uk/wp-content/uploads/2021/01/XL-REDDIT-OFF-PLAT-1.jpg?strip=all&quality=100&crop=1,thesun.co.uk,English,United Kingdom,2021-01-31 10:45:00+00:00,GME
https://www.benzinga.com/trading-ideas/long-ideas/21/01/19408636/barrons-latest-picks-and-pans-roundtable-picks-quantumscape-commodities-and-more,https://amp.benzinga.com/amp/content/19408636,"Apple ( AAPL ), AMC Entertainment Holdings ( AMC ), Amazon ( AMZN ), Bed Bath & Beyond ( BBBY ), Crown Castle International Corp . ( CCI ), Deere & Company ( DE ), Freeport - McMoRan ( FCX ), Gamestop Corp . ( GME ), Johnson & Johnson ( JNJ ), Micros...",20210131T110000Z,,benzinga.com,English,United States,2021-01-31 11:00:00+00:00,GME
https://wacotrib.com/business/investment/personal-finance/the-3-stocks-wallstreetbets-should-really-be-rooting-for/article_035f6045-5153-5a14-b77a-8c55b809c676.html,https://wacotrib.com/business/investment/personal-finance/the-3-stocks-wallstreetbets-should-really-be-rooting-for/article_035f6045-5153-5a14-b77a-8c55b809c676.amp.html,The 3 Stocks WallStreetBets Should Really Be Rooting For,20210131T120000Z,https://bloximages.chicago2.vip.townnews.com/wacotrib.com/content/tncms/assets/v3/editorial/d/c1/dc17d459-8a16-53d3-8dfc-99d06df3cb12/601686bf3bf86.image.jpg?crop=700%2C394%2C0%2C36,wacotrib.com,English,United States,2021-01-31 12:00:00+00:00,GME
https://www.japantimes.co.jp/?post_type=news&p=2905551,,A tulip by another name ?  Gamestonk  and the case for investor caution,20210131T120000Z,https://cdn-japantimes.com/wp-content/uploads/2021/01/np_file_66605-870x580.jpeg,japantimes.co.jp,English,Japan,2021-01-31 12:00:00+00:00,GME
https://www.fool.com/investing/2021/01/31/the-3-stocks-wallstreetbets-should-really-be-rooti/,https://www.fool.com/amp/investing/2021/01/31/the-3-stocks-wallstreetbets-should-really-be-rooti/,The 3 Stocks WallStreetBets Should Really Be Rooting For,20210131T121500Z,https://g.foolcdn.com/editorial/images/610709/cheering-getty.jpg,fool.com,English,United States,2021-01-31 12:15:00+00:00,GME
https://www.fool.com/investing/2021/01/31/the-3-stocks-wallstreetbets-should-really-be-rooti/?source=iedfolrf0000001,https://www.fool.com/amp/investing/2021/01/31/the-3-stocks-wallstreetbets-should-really-be-rooti/,The 3 Stocks WallStreetBets Should Really Be Rooting For,20210131T121500Z,https://g.foolcdn.com/editorial/images/610709/cheering-getty.jpg,fool.com,English,United States,2021-01-31 12:15:00+00:00,GME
https://www.stltoday.com/business/investment/personal-finance/the-3-stocks-wallstreetbets-should-really-be-rooting-for/article_cbe8c0a8-a9a0-5078-9c15-ceb677198fa4.html,https://www.stltoday.com/business/investment/personal-finance/the-3-stocks-wallstreetbets-should-really-be-rooting-for/article_cbe8c0a8-a9a0-5078-9c15-ceb677198fa4.amp.html,The 3 Stocks WallStreetBets Should Really Be Rooting For,20210131T124500Z,https://bloximages.newyork1.vip.townnews.com/stltoday.com/content/tncms/assets/v3/editorial/0/a3/0a330ae8-8e81-5672-8314-e6e8fe3dd5af/601687082092e.image.jpg?crop=700%2C394%2C0%2C36,stltoday.com,English,United States,2021-01-31 12:45:00+00:00,GME
https://buffalonews.com/business/investment/personal-finance/the-3-stocks-wallstreetbets-should-really-be-rooting-for/article_7830b37b-b5d9-5188-bdee-9062b7c7ece1.html,https://buffalonews.com/business/investment/personal-finance/the-3-stocks-wallstreetbets-should-really-be-rooting-for/article_7830b37b-b5d9-5188-bdee-9062b7c7ece1.amp.html,The 3 Stocks WallStreetBets Should Really Be Rooting For,20210131T130000Z,https://bloximages.chicago2.vip.townnews.com/buffalonews.com/content/tncms/assets/v3/editorial/f/08/f080d914-7d51-5b6b-ac12-d89e13af92fb/601686b3b5919.image.jpg?crop=700%2C394%2C0%2C36,buffalonews.com,English,United States,2021-01-31 13:00:00+00:00,GME
https://omaha.com/business/investment/personal-finance/the-3-stocks-wallstreetbets-should-really-be-rooting-for/article_a788c0e0-f58b-5a22-acab-478f329f8fe4.html,https://omaha.com/business/investment/personal-finance/the-3-stocks-wallstreetbets-should-really-be-rooting-for/article_a788c0e0-f58b-5a22-acab-478f329f8fe4.amp.html,The 3 Stocks WallStreetBets Should Really Be Rooting For,20210131T131500Z,https://bloximages.newyork1.vip.townnews.com/omaha.com/content/tncms/assets/v3/editorial/0/21/02137daa-b508-5321-a40c-02c23996df67/601686b5d8890.image.jpg?crop=700%2C394%2C0%2C36,omaha.com,English,United States,2021-01-31 13:15:00+00:00,GME
https://www.businessinsider.com/stock-market-crash-wallstreetbets-reddit-catalysts-stagflation-inequality-rates-bofa-2021-1,,"Stock market crash , how WallStreetBets helps to end the bull run : BofA",20210131T131500Z,https://i.insider.com/601403eb1d2df20018b7184f?&format=jpeg,businessinsider.com,English,United States,2021-01-31 13:15:00+00:00,GME
http://www.tynmagazine.com/digital-economy-quienes-estan-detras-de-la-semana-negra-de-wall-street/,,Digital economy : ¿ Quiénes están detrás de la  semana negra  de Wall Street ? ,20210131T133000Z,http://tynmedia.com/tynmag/wp-content/uploads/sites/3/2021/01/Wall-Street-bull-1257795241-1200x761-e1612026386704.jpg,tynmagazine.com,Spanish,United States,2021-01-31 13:30:00+00:00,GME
https://www.msn.com/en-us/money/companies/gamestop-mayhem-hits-close-to-home-for-co-founders-son-whos-active-on-wallstreetbets/ar-BB1dfF1L,,"GameStop mayhem hits close to home for co - founder son , who active on WallStreetBets",20210131T133000Z,,msn.com,English,United States,2021-01-31 13:30:00+00:00,GME
https://www.news-journal.com/news/business/what-you-need-to-know-about-gamestops-stock-price-chaos/article_f6391d06-61e0-11eb-89ac-83272ed0f146.html,,What you need to know about GameStop stock price chaos,20210131T134500Z,https://bloximages.newyork1.vip.townnews.com/news-journal.com/content/tncms/assets/v3/editorial/c/3a/c3a69636-08e3-59d9-aced-5b95120e1217/601322a0c1168.image.jpg,news-journal.com,English,United States,2021-01-31 13:45:00+00:00,GME
https://www.reuters.com/www.reuters.com/article/us-retail-trading-bubbles-analysis/analysis-a-tulip-by-another-name-gamestonk-and-the-case-for-investor-caution-idUSKBN29Z0HG,https://mobile.reuters.com/article/amp/idUSKBN29Z0HG,Analysis : A tulip by another name ?  Gamestonk  and the case for investor caution,20210131T141500Z,https://s4.reutersmedia.net/resources/r/?m=02&d=20210130&t=2&i=1549659666&r=LYNXMPEH0T0A8,reuters.com,English,United States,2021-01-31 14:15:00+00:00,GME
https://finance.yahoo.com/news/barrons-latest-picks-pans-roundtable-102427339.html,https://finance.yahoo.com/amphtml/news/barrons-latest-picks-pans-roundtable-102427339.html,"Barron Latest Picks And Pans : Roundtable Picks , Quantumscape , Commodities And More",20210131T141500Z,https://s.yimg.com/uu/api/res/1.2/n6eweUsGAGkoVvnJw.omZQ--~B/aD00MDA7dz02MDA7YXBwaWQ9eXRhY2h5b24-/https://media.zenfs.com/en/Benzinga/ad6beaad5e594d01341245b1e41df5a2,finance.yahoo.com,English,United States,2021-01-31 14:15:00+00:00,GME
http://www.msn.com/en-us/money/companies/gamestop-mayhem-hits-close-to-home-for-co-founder-s-son-who-s-active-on-wallstreetbets/ar-BB1dfF1L,,"GameStop mayhem hits close to home for co - founder son , who active on WallStreetBets",20210131T141500Z,,msn.com,English,United States,2021-01-31 14:15:00+00:00,GME
https://www.thestar.com.my/business/business-news/2021/01/31/gamestop-a-tulip-by-another-name-raises-caution,,"GameStop , a tulip by another name , raises caution",20210131T141500Z,https://apicms.thestar.com.my/uploads/images/2021/01/31/1027496.jpg,thestar.com.my,English,Malaysia,2021-01-31 14:15:00+00:00,GME
https://www.reuters.com/article/businessNews/idUSKBN29Z0HG,https://mobile.reuters.com/article/amp/idUSKBN29Z0HG,Analysis : A tulip by another name ?  Gamestonk  and the case for investor caution,20210131T150000Z,https://static.reuters.com/resources/r/?m=02&d=20210130&t=2&i=1549659666&r=LYNXMPEH0T0A8,reuters.com,English,United States,2021-01-31 15:00:00+00:00,GME
https://meaww.com/gamestop-reddit-army-troll-wall-street-billboard-plane-banners-hedge-funds,https://meaww.com/amp/gamestop-reddit-army-troll-wall-street-billboard-plane-banners-hedge-funds,GameStop army trolls Wall Street with billboards and plane banners boasting about profits :  Were not leaving  ,20210131T151500Z,https://cheesecake.articleassets.meaww.com/519932/uploads/7d218260-63c4-11eb-9d55-23de3385206f_1200_630.jpeg,meaww.com,English,United States,2021-01-31 15:15:00+00:00,GME
https://www.enterprisenews.com/story/news/local/2021/01/30/social-media-reaction-twitter-tweets-brockton-native-keith-gill-gamestop-gme-stock-market-reddit/4323334001/,,Twitter reacts to Brockton native Keith Gill behind GameStop stock,20210131T153000Z,"https://www.gannett-cdn.com/presto/2021/01/29/USAT/9424ec4d-ebc3-4c86-bac4-c900221519d0-GameStop-Topper-promo.jpg?auto=webp&crop=760,428,x0,y1&format=pjpg",enterprisenews.com,English,United States,2021-01-31 15:30:00+00:00,GME
https://www.nme.com/news/gaming-news/gamestop-redditors-buy-playful-times-square-billboard-ad-2868669,,GameStop Redditors buy playful Times Square billboard ad,20210131T154500Z,https://www.nme.com/wp-content/uploads/2021/01/012821-GameStop-Stocks-Reddit-WallStreetBets.jpg,nme.com,English,United Kingdom,2021-01-31 15:45:00+00:00,GME
https://charter97.org/ru/news/2021/1/31/409649/,https://amp.charter97.org/ru/news/2021/1/31/409649/,История восстания « Реддитских хомячков » против жирных котов Уолл - стрит,20210131T160000Z,https://i.c97.org/ai/409649/aux-head-1612103439-20210131_game_360.jpg,charter97.org,Russian,Belarus,2021-01-31 16:00:00+00:00,GME
https://www.the-sun.com/news/2240915/gamestop-reddit-army-troll-wall-street-billionaires-banners-billboards/,https://www.the-sun.com/news/2240915/gamestop-reddit-army-troll-wall-street-billionaires-banners-billboards/amp/,GameStop Reddit army trolls Wall Street billionaires with billboards and plane banners gloating over stock gains,20210131T160000Z,https://www.the-sun.com/wp-content/uploads/sites/6/2021/01/XL-REDDIT-OFF-PLAT-1.jpg?strip=all&quality=100&crop=1,the-sun.com,English,,2021-01-31 16:00:00+00:00,GME
http://econintersect.com/pages/investing/investing.php?post=202101310536,,The Week Ahead : The Reddit Threat,20210131T163000Z,,econintersect.com,English,United States,2021-01-31 16:30:00+00:00,GME
https://lexch.com/business/investment/personal-finance/the-3-stocks-wallstreetbets-should-really-be-rooting-for/article_7cd38e0f-31fc-5db2-9060-8cd82126ec80.html,,The 3 Stocks WallStreetBets Should Really Be Rooting For,20210131T170000Z,https://bloximages.chicago2.vip.townnews.com/lexch.com/content/tncms/assets/v3/editorial/9/88/988eb1f4-f7a6-57ee-89d4-998fad7f1e2d/601686c63b717.image.jpg?crop=700%2C394%2C0%2C36,lexch.com,English,United States,2021-01-31 17:00:00+00:00,GME
http://www.msn.com/en-nz/money/companies/gamestop-mayhem-hits-close-to-home-for-co-founder-s-son-who-s-active-on-wallstreetbets/ar-BB1dfF1L,,"GameStop mayhem hits close to home for co - founder son , who active on WallStreetBets",20210131T174500Z,,msn.com,English,United States,2021-01-31 17:45:00+00:00,GME
https://www.biznews.com/global-investing/2021/01/31/gamestop-keith-gill,https://www.biznews.com/global-investing/2021/01/31/gamestop-keith-gill/amp,The man who turned the investing world upside down - Insights from The Wall Street Journal,20210131T180000Z,https://mk0biznewspnpsk9lrfl.kinstacdn.com/wp-content/uploads/2021/01/367680852.jpg,biznews.com,English,South Africa,2021-01-31 18:00:00+00:00,GME
https://cleantechnica.com/2021/01/31/gamestonk-gme-tesla-tsla-shorts-paved-the-way/,https://cleantechnica.com/2021/01/31/gamestonk-gme-tesla-tsla-shorts-paved-the-way/amp/,Gamestonk [ GME ]? Did Tesla [ TSLA ] Shorts & Retail Investors Pave The Way ? ,20210131T181500Z,,cleantechnica.com,English,United States,2021-01-31 18:15:00+00:00,GME
https://www.dualshockers.com/gamestop-stocks-reddit/,https://www.dualshockers.com/gamestop-stocks-reddit/amp/,"GameStop Stocks Soar , Plummet , and Soar Again Thanks to Reddit",20210131T194500Z,https://cdn3.dualshockers.com/wp-content/uploads/2021/01/GameStop-Amazon-eCommerce.jpg,dualshockers.com,English,Japan,2021-01-31 19:45:00+00:00,GME
https://forklog.com/itogi-nedeli-ilon-mask-zapampil-bitkoin-a-polzovateli-reddit-vyveli-dogecoin-na-novyj-maksimum/,https://forklog.com/itogi-nedeli-ilon-mask-zapampil-bitkoin-a-polzovateli-reddit-vyveli-dogecoin-na-novyj-maksimum/amp/,"Итоги недели : Илон Маск запампил биткоин , а пользователи Reddit вывели Dogecoin на новый максимум",20210131T201500Z,https://forklog.com/wp-content/uploads/News_Digest_1-min-1024x819.png,forklog.com,Russian,,2021-01-31 20:15:00+00:00,GME
https://www.fxstreet.com/analysis/sp-500-weekly-forecast-a-balck-swan-so-soon-for-2021-in-gamestop-gme-is-a-new-dynamic-202101312046,https://www.fxstreet.com/amp/analysis/sp-500-weekly-forecast-a-balck-swan-so-soon-for-2021-in-gamestop-gme-is-a-new-dynamic-202101312046,"S & P 500 Weekly Forecast : A Black Swan so soon for 2021 in Gamestop GME , a new dynamic",20210131T211500Z,https://editorial.fxstreet.com/images/Markets/Equities/SP500/wall-street-sign-637299022550250958_Large.jpg,fxstreet.com,English,China,2021-01-31 21:15:00+00:00,GME
https://www.sott.net/article/448034-Now-Reddit-investors-are-talking-about-targeting-silver-and-that-could-change-everything,,"Now Reddit investors are talking about targeting silver , and that could change everything -- Puppet Masters -- Sott . net",20210131T220000Z,https://www.sott.net/image/s29/597568/full/1_Wall_Street_NY_Stock_Exchang.jpg,sott.net,English,United States,2021-01-31 22:00:00+00:00,GME
https://theconservativetreehouse.com/2021/01/29/tucker-carlson-and-dave-portnoy-outlines-the-reddit-vs-wall-street-market-manipulation/comment-page-2/,,Tucker Carlson and Dave Portnoy Outlines the Reddit vs Wall Street Market Manipulation,20210131T221500Z,https://eadn-wc04-3211983.nxedge.io/cdn/wp-content/uploads/2021/01/reeddit-wall-street-bets-e1611858680948.jpg,theconservativetreehouse.com,English,United States,2021-01-31 22:15:00+00:00,GME
https://www.sott.net/article/448020-Its-not-just-Robinhood-The-Reddit-Rebellion-has-gummed-up-the-entire-financial-systems-plumbing,,It not just Robinhood : The Reddit Rebellion has gummed up the entire financial system plumbing -- Society Child -- Sott . net,20210131T221500Z,https://www.sott.net/image/s29/597615/full/zh_prod_1cc738ca_7d3b_4a72_b79.jpg,sott.net,English,United States,2021-01-31 22:15:00+00:00,GME
https://www.sott.net/article/448031-Everyone-is-afraid-ahead-of-the-open-as-Reddit-Raiders-spark-nationwide-physical-silver-shortage,,  Everyone is afraid ahead of the open  as Reddit - Raiders spark nationwide physical silver shortage -- Puppet Masters -- Sott . net,20210131T221500Z,https://www.sott.net/image/s29/597612/full/1_silver_shutterstock.jpg,sott.net,English,United States,2021-01-31 22:15:00+00:00,GME
https://www.newsnow.co.uk/h/Hot+Topics/Melvin+Capital,,Melvin Capital News | Live Feed & Top Stories,20210131T224500Z,,newsnow.co.uk,English,United Kingdom,2021-01-31 22:45:00+00:00,GME
https://www.news.com.au/finance/markets/world-markets/gamestop-reddit-investors-troll-hedge-fund-billionaires-with-billboards-as-wall-street-remains-in-chaos/news-story/d75b9f67ec5075222ef6532308514d97,https://amp.news.com.au/finance/markets/world-markets/gamestop-reddit-investors-troll-hedge-fund-billionaires-with-billboards-as-wall-street-remains-in-chaos/news-story/d75b9f67ec5075222ef6532308514d97,GameStop : Reddit trolls Wall Street hedge funds with billboards,20210131T231500Z,https://cdn.newsapi.com.au/image/v1/509a0f20f01d2a1d8a7872c929916f54,news.com.au,English,Australia,2021-01-31 23:15:00+00:00,GME
https://www.bizpacreview.com/2021/01/31/revenge-of-the-little-guys-gamestop-investors-troll-hedge-fund-billionaires-with-taunting-billboards-1023789/,,Revenge of the little guys : GameStop investors troll hedge fund billionaires with taunting billboards,20210131T233000Z,https://www.bizpacreview.com/wp-content/uploads/2021/01/GettyImages-579121964-1200x630.jpg,bizpacreview.com,English,United States,2021-01-31 23:30:00+00:00,GME
https://www.newshub.co.nz/home/world/2021/01/gamestop-stock-defiant-wallstreetbets-redditors-buy-billboard-on-times-square-say-they-won-t-sell.html,https://www.newshub.co.nz/home/world/2021/01/gamestop-stock-defiant-wallstreetbets-redditors-buy-billboard-on-times-square-say-they-won-t-sell.amp.html,"GameStop stock : Defiant WallStreetBets Redditors buy billboard on Times Square , say they wont sell",20210131T234500Z,https://www.newshub.co.nz/home/world/2021/01/gamestop-stock-defiant-wallstreetbets-redditors-buy-billboard-on-times-square-say-they-won-t-sell/_jcr_content/par/video/image.dynimg.1280.q75.jpg/v1612049384496/TIKTOK-GME-GO-BRRR-Billboard-New-York-1120.jpg,newshub.co.nz,English,New Zealand,2021-01-31 23:45:00+00:00,GME
http://markets.buffalonews.com/buffnews/news/read/40924142/are_these_the_best_heavily_shorted_stocks_to_buy_right_now,,Are These The Best Heavily Shorted Stocks To Buy Right Now ? 5 Names To Watch,20210131T234500Z,,markets.buffalonews.com,English,United States,2021-01-31 23:45:00+00:00,GME
https://www.couriermail.com.au/business/markets/gamestop-reddit-investors-troll-hedge-fund-billionaires-with-billboards-as-wall-street-remains-in-chaos/news-story/d75b9f67ec5075222ef6532308514d97?nk=6d60e53725dc8c1b4ddcc45062281df8-1612134351,https://www.couriermail.com.au/business/markets/gamestop-reddit-investors-troll-hedge-fund-billionaires-with-billboards-as-wall-street-remains-in-chaos/news-story/d75b9f67ec5075222ef6532308514d97?amp,GameStop : Reddit trolls Wall Street hedge funds with billboards,20210201T000000Z,https://content.api.news/v3/images/bin/509a0f20f01d2a1d8a7872c929916f54,couriermail.com.au,English,Australia,2021-02-01 00:00:00+00:00,GME
http://finance.dailyherald.com/dailyherald/news/read/40924142/are_these_the_best_heavily_shorted_stocks_to_buy_right_now,,Are These The Best Heavily Shorted Stocks To Buy Right Now ? 5 Names To Watch,20210201T000000Z,,finance.dailyherald.com,English,United States,2021-02-01 00:00:00+00:00,GME
https://www.whitsundaytimes.com.au/news/gamestop-investors-troll-wall-st-fat-cats/4188813/,https://m.whitsundaytimes.com.au/news/gamestop-investors-troll-wall-st-fat-cats/4188813/,GameStop investors troll Wall St fat cats,20210201T000000Z,https://media.apnarm.net.au/media/images/2021/02/01/v3imagesbin509a0f20f01d2a1d8a7872c929916f54-bz9urju3h68hf2xmsv2_ct1880x930.jpg,whitsundaytimes.com.au,English,Australia,2021-02-01 00:00:00+00:00,GME
https://www.gattonstar.com.au/news/gamestop-investors-troll-wall-st-fat-cats/4188813/,https://m.gattonstar.com.au/news/gamestop-investors-troll-wall-st-fat-cats/4188813/,GameStop investors troll Wall St fat cats,20210201T001500Z,https://media.apnarm.net.au/media/images/2021/02/01/v3imagesbin509a0f20f01d2a1d8a7872c929916f54-bz9urju3h68hf2xmsv2_ct1880x930.jpg,gattonstar.com.au,English,Australia,2021-02-01 00:15:00+00:00,GME
https://www.ballinaadvocate.com.au/news/gamestop-investors-troll-wall-st-fat-cats/4188813/,https://m.ballinaadvocate.com.au/news/gamestop-investors-troll-wall-st-fat-cats/4188813/,GameStop investors troll Wall St fat cats,20210201T003000Z,https://media.apnarm.net.au/media/images/2021/02/01/v3imagesbin509a0f20f01d2a1d8a7872c929916f54-bz9urju3h68hf2xmsv2_ct1880x930.jpg,ballinaadvocate.com.au,English,Australia,2021-02-01 00:30:00+00:00,GME
https://markets.financialcontent.com/stocks/news/read/40924142/are_these_the_best_heavily_shorted_stocks_to_buy_right_now,,Are These The Best Heavily Shorted Stocks To Buy Right Now ? 5 Names To Watch,20210201T014500Z,,markets.financialcontent.com,English,United States,2021-02-01 01:45:00+00:00,GME
https://www.cqnews.com.au/news/gamestop-investors-troll-wall-st-fat-cats/4188813/,https://m.cqnews.com.au/news/gamestop-investors-troll-wall-st-fat-cats/4188813/,GameStop investors troll Wall St fat cats,20210201T021500Z,https://media.apnarm.net.au/media/images/2021/02/01/v3imagesbin509a0f20f01d2a1d8a7872c929916f54-bz9urju3h68hf2xmsv2_ct1880x930.jpg,cqnews.com.au,English,Australia,2021-02-01 02:15:00+00:00,GME
https://www.sott.net/article/448039-Suck-It-Wall-Street,,"Suck It , Wall Street -- Society Child -- Sott . net",20210201T021500Z,https://www.sott.net/image/s29/597648/full/pitchforks.jpg,sott.net,English,United States,2021-02-01 02:15:00+00:00,GME
https://www.noosanews.com.au/news/gamestop-investors-troll-wall-st-fat-cats/4188813/,https://m.noosanews.com.au/news/gamestop-investors-troll-wall-st-fat-cats/4188813/,GameStop investors troll Wall St fat cats,20210201T034500Z,https://media.apnarm.net.au/media/images/2021/02/01/v3imagesbin509a0f20f01d2a1d8a7872c929916f54-bz9urju3h68hf2xmsv2_ct1880x930.jpg,noosanews.com.au,English,Australia,2021-02-01 03:45:00+00:00,GME
https://www.byronnews.com.au/news/gamestop-investors-troll-wall-st-fat-cats/4188813/,https://m.byronnews.com.au/news/gamestop-investors-troll-wall-st-fat-cats/4188813/,GameStop investors troll Wall St fat cats,20210201T034500Z,https://media.apnarm.net.au/media/images/2021/02/01/v3imagesbin509a0f20f01d2a1d8a7872c929916f54-bz9urju3h68hf2xmsv2_ct1880x930.jpg,byronnews.com.au,English,Australia,2021-02-01 03:45:00+00:00,GME
https://investingnews.com/daily/resource-investing/precious-metals-investing/silver-investing/top-weekly-tsx-stocks-first-majestic-speculative-trading-increases/,,5 Top Weekly TSX Stocks : First Majestic Up on Speculative Trading,20210201T041500Z,https://cdn.investingnews.com/app/uploads/2018/04/top-weekly-tsx-stocks-2.jpg,investingnews.com,English,Canada,2021-02-01 04:15:00+00:00,GME
https://www.investordaily.com.au/markets/48607-why-everybody-should-be-worried-about-wallstreetbets,https://www.investordaily.com.au/markets/48607-why-everybody-should-be-worried-about-wallstreetbets/amp,Why everybody should be worried about WallStreetBets,20210201T043000Z,,investordaily.com.au,English,Australia,2021-02-01 04:30:00+00:00,GME
https://investingnews.com/daily/resource-investing/precious-metals-investing/gold-investing/top-weekly-tsxv-stocks-st-james-gold-up/,,5 Top Weekly TSXV Stocks : St . James Gold Up Over 100 Percent,20210201T044500Z,https://cdn.investingnews.com/app/uploads/2018/04/top-weekly-tsxv-stocks-2.jpg,investingnews.com,English,Canada,2021-02-01 04:45:00+00:00,GME
https://www.fool.com.au/2021/02/01/why-these-asx-silver-shares-are-surging-today/,https://www.fool.com.au/2021/02/01/why-these-asx-silver-shares-are-surging-today/amp/,Why these ASX silver shares are surging today,20210201T051500Z,,fool.com.au,English,Australia,2021-02-01 05:15:00+00:00,GME
https://www.globalbankingandfinance.com/ig-group-restricts-trading-on-gamestop-and-amc-due-to-extreme-volatility/,https://www.globalbankingandfinance.com/ig-group-restricts-trading-on-gamestop-and-amc-due-to-extreme-volatility/amp/,IG Group restricts trading on GameStop and AMC due to  extreme volatility  ,20210201T051500Z,https://mk0globalbankin3xg02.kinstacdn.com/wp-content/uploads/2021/02/2021-01-30T154019Z_1_LYNXMPEH0T0CV_RTROPTP_4_MARKETS-RETAIL-TRADING-REDDIT.jpg,globalbankingandfinance.com,English,United Kingdom,2021-02-01 05:15:00+00:00,GME
https://www.msn.com/en-us/news/technology/how-might-the-gamestop-run-develop-in-week-two/ar-BB1dgS5u,,How Might the GameStop Run Develop in Week Two ? ,20210201T053000Z,,msn.com,English,United States,2021-02-01 05:30:00+00:00,GME
https://vdare.com/articles/gamerstopgate-why-the-left-hates-normal-americans-making-money-day-trading,,  GamerStopGate  Why The Left Hates Normal Americans Making Money Day Trading | Articles,20210201T054500Z,https://vdare.com/public_upload/publication/featured_image/53982/VDARE-gamestop--1917835486_1__1_.jpg,vdare.com,English,United States,2021-02-01 05:45:00+00:00,GME
https://freerepublic.com/tag/*/index?more=3930604,,Latest Articles,20210201T061500Z,,freerepublic.com,English,United States,2021-02-01 06:15:00+00:00,GME
https://www.afr.com/wealth/investing/why-gamestop-saga-probably-couldn-t-happen-here-20210201-p56yfc,,Why GameStop saga probably couldnt happen here,20210201T064500Z,https://static.ffx.io/images/$zoom_0.1494%2C$multiply_0.7554%2C$ratio_1.777778%2C$width_1059%2C$x_0%2C$y_0/t_crop_custom/e_sharpen:25%2Cq_85%2Cf_jpg/t_afr_no_label_no_age_social_wm/0b003e966756b61b80a5101ceaca460cb5525cea,afr.com,English,Australia,2021-02-01 06:45:00+00:00,GME
http://www.jewishworldreview.com/0221/Gamestop_bubble.php3,,The Gamestop bubble is an age - old financial craze with a modern twist,20210201T074500Z,,jewishworldreview.com,English,United States,2021-02-01 07:45:00+00:00,GME
http://theeconomiccollapseblog.com/is-the-reddit-army-on-the-verge-of-creating-the-most-epic-silver-short-squeeze-in-u-s-history/,,Is  The Reddit Army  On The Verge Of Creating The Most Epic Silver Short Squeeze In U . S . History ? ,20210201T074500Z,http://theeconomiccollapseblog.com/wp-content/uploads/2021/01/Silver-Bars-Pixabay.jpg,theeconomiccollapseblog.com,English,United States,2021-02-01 07:45:00+00:00,GME
https://freerepublic.com/tag/*/index?more=3930610,,Latest Articles,20210201T080000Z,,freerepublic.com,English,United States,2021-02-01 08:00:00+00:00,GME
https://www.periodistadigital.com/economia/bolsa/20210201/ibex-35-cinco-claves-mercados-semana-empieza-1-febrero-2021-noticia-689404424809/,https://www.periodistadigital.com/economia/bolsa/20210201/ibex-35-cinco-claves-mercados-semana-empieza-1-febrero-2021-noticia-689404424809/amp,Ibex 35 : las cinco claves de los mercados la semana que empieza este 1 de febrero de 2021,20210201T080000Z,https://www.periodistadigital.com/wp-content/uploads/2020/02/Coronavirus-peste-china-pa%CC%81nico-finanzas-bolsa-y-crisis-econo%CC%81mica.jpg,periodistadigital.com,Spanish,Spain,2021-02-01 08:00:00+00:00,GME
https://www.lewrockwell.com/2021/02/kevin-duffy/787473-2/,,Game Over - LewRockwell,20210201T090000Z,,lewrockwell.com,English,United States,2021-02-01 09:00:00+00:00,GME
https://dailytrojan.com/2021/02/01/the-corruption-behind-the-robinhood-disaster-skyrockets-to-the-moon/,,The corruption behind the Robinhood disaster skyrockets  to the moon  ,20210201T100000Z,https://i2.wp.com/dailytrojan.com/wp-content/uploads/2015/02/DT-facebook1.png?fit=340%2C340&ssl=1,dailytrojan.com,English,United States,2021-02-01 10:00:00+00:00,GME
https://www.benzinga.com/markets/penny-stocks/21/02/19413789/gamestop-amc-silver-stocks-continue-rally-pre-market,https://amp.benzinga.com/amp/content/19413789,"Gamestop Corporation ( NYSE : GME ), ( AMC ) - GameStop , AMC , Silver Stocks Continue Rally Pre - Market",20210201T103000Z,,benzinga.com,English,United States,2021-02-01 10:30:00+00:00,GME
https://article.wn.com/view/2021/02/01/GameStop_s_Revolt_And_Capitol_Insurrection_Speaks_Volumes_Ab/,,GameStop Revolt And Capitol Insurrection Speaks Volumes About America Social Contract,20210201T113000Z,https://ecdn7.wn.com/o25/ph/img/45/8b/520bf072b9e710259693d60c613e-grande.jpg,article.wn.com,English,United States,2021-02-01 11:30:00+00:00,GME
https://newrepublic.com/article/161182/bought-tens-thousands-dollars-gamestop-stock-no-regrets,,I Bought Tens of Thousands of Dollars of GameStop Stock . And I Have No Regrets . ,20210201T113000Z,https://images.newrepublic.com/58bc8dc63cadc5beceff0156da94a8b23dc15eb5.jpeg?&crop=faces&fit=crop&fm=jpg,newrepublic.com,English,United States,2021-02-01 11:30:00+00:00,GME
https://www.channel3000.com/i/why-squeezing-ishares-silver-trust-is-doomed-to-fail/,,Why Squeezing iShares Silver Trust Is Doomed to Fail,20210201T113000Z,https://wpcdn.us-east-1.vip.tn-cloud.net/www.channel3000.com/content/uploads/2021/02/6017d8619280b.image_.jpg,channel3000.com,English,United States,2021-02-01 11:30:00+00:00,GME
https://www.fool.com/investing/2021/02/01/why-squeezing-ishares-silver-trust-doomed-to-fail/,https://www.fool.com/amp/investing/2021/02/01/why-squeezing-ishares-silver-trust-doomed-to-fail/,Why Squeezing iShares Silver Trust Is Doomed to Fail,20210201T114500Z,https://g.foolcdn.com/editorial/images/610741/silver-coins-gettyimages-482337245.jpg,fool.com,English,United States,2021-02-01 11:45:00+00:00,GME
https://www.fool.com/investing/2021/02/01/why-squeezing-ishares-silver-trust-doomed-to-fail/?source=iedfolrf0000001,https://www.fool.com/amp/investing/2021/02/01/why-squeezing-ishares-silver-trust-doomed-to-fail/,Why Squeezing iShares Silver Trust Is Doomed to Fail,20210201T114500Z,https://g.foolcdn.com/editorial/images/610741/silver-coins-gettyimages-482337245.jpg,fool.com,English,United States,2021-02-01 11:45:00+00:00,GME
https://herald-review.com/business/investment/personal-finance/the-3-stocks-wallstreetbets-should-really-be-rooting-for/article_7a87f6e7-3ec6-559c-aa23-e93549566f21.html,https://herald-review.com/business/investment/personal-finance/the-3-stocks-wallstreetbets-should-really-be-rooting-for/article_7a87f6e7-3ec6-559c-aa23-e93549566f21.amp.html,The 3 Stocks WallStreetBets Should Really Be Rooting For,20210201T114500Z,https://bloximages.chicago2.vip.townnews.com/herald-review.com/content/tncms/assets/v3/editorial/5/e1/5e1ab8ec-7a74-5cf3-82f9-f3f4108a1332/601686d291733.image.jpg?crop=700%2C394%2C0%2C36,herald-review.com,English,United States,2021-02-01 11:45:00+00:00,GME
https://www.fool.com/investing/2021/02/01/the-top-50-robinhood-stocks-in-february/?source=iedfolrf0000001,https://www.fool.com/amp/investing/2021/02/01/the-top-50-robinhood-stocks-in-february/,The Top 50 Robinhood Stocks in February,20210201T114500Z,https://g.foolcdn.com/editorial/images/610441/investor-stock-quote-trading-smartphone-laptop-robinhood-invest-getty.jpg,fool.com,English,United States,2021-02-01 11:45:00+00:00,GME
https://www.fool.com/investing/2021/02/01/the-top-50-robinhood-stocks-in-february/,https://www.fool.com/amp/investing/2021/02/01/the-top-50-robinhood-stocks-in-february/,The Top 50 Robinhood Stocks in February,20210201T120000Z,https://g.foolcdn.com/editorial/images/610441/investor-stock-quote-trading-smartphone-laptop-robinhood-invest-getty.jpg,fool.com,English,United States,2021-02-01 12:00:00+00:00,GME
https://omaha.com/business/investment/personal-finance/why-squeezing-ishares-silver-trust-is-doomed-to-fail/article_b3f8a04d-2731-528b-b1b0-7bc3e9df06b8.html,https://omaha.com/business/investment/personal-finance/why-squeezing-ishares-silver-trust-is-doomed-to-fail/article_b3f8a04d-2731-528b-b1b0-7bc3e9df06b8.amp.html,Why Squeezing iShares Silver Trust Is Doomed to Fail,20210201T121500Z,https://bloximages.newyork1.vip.townnews.com/omaha.com/content/tncms/assets/v3/editorial/8/d6/8d681aa2-2c90-536b-9b85-20b7b33bf7c2/6017dc3250a77.image.jpg?crop=700%2C394%2C0%2C51,omaha.com,English,United States,2021-02-01 12:15:00+00:00,GME
https://www.cbsnews.com/news/meme-stocks-reddit-wallstreetbets-amc-nokia-stock/,https://www.cbsnews.com/amp/news/meme-stocks-reddit-wallstreetbets-amc-nokia-stock/,"AMC , Nokia and other  meme stocks  targeted by Reddit Wallstreetbets",20210201T123000Z,https://cbsnews2.cbsistatic.com/hub/i/r/2018/05/11/a52b68f7-2db3-413f-813e-60317fb90a4b/thumbnail/1200x630/88e0627eaaf8aecad647aeecbe45a881/gamestop-rtx17ec8.jpg,cbsnews.com,English,United States,2021-02-01 12:30:00+00:00,GME
https://www.thenationalnews.com/business/markets/to-understand-the-gamestop-redditors-listen-to-them-1.1157591,,"To understand the GameStop Redditors , listen to them",20210201T124500Z,https://www.thenationalnews.com/image/policy:1.1157589:1612180626/image.jpg?f=16x9&q=0.6&$p$f$q$w=70c86c9,thenationalnews.com,English,,2021-02-01 12:45:00+00:00,GME
https://www.coinspeaker.com/trading-activity-reddit-retail-investors/,https://www.coinspeaker.com/trading-activity-reddit-retail-investors/amp/,This New Week May See Increased Trading Activity from Reddit Investors,20210201T130000Z,https://www.coinspeaker.com/wp-content/uploads/2021/02/trading-activity-reddit-retail-investors.jpg,coinspeaker.com,English,United States,2021-02-01 13:00:00+00:00,GME
https://www.coinspeaker.com/melvin-capital-january-gamestop/,https://www.coinspeaker.com/melvin-capital-january-gamestop/amp/,"Melvin Capital Lost 53 % in January , Hurt by GameStop Bets",20210201T130000Z,https://www.coinspeaker.com/wp-content/uploads/2021/02/melvin-capital-january-gamestop.jpg,coinspeaker.com,English,United States,2021-02-01 13:00:00+00:00,GME
https://www.stltoday.com/business/investment/personal-finance/why-squeezing-ishares-silver-trust-is-doomed-to-fail/article_7e3d6fef-4aa1-56f8-84cc-823eb001bbb0.html,https://www.stltoday.com/business/investment/personal-finance/why-squeezing-ishares-silver-trust-is-doomed-to-fail/article_7e3d6fef-4aa1-56f8-84cc-823eb001bbb0.amp.html,Why Squeezing iShares Silver Trust Is Doomed to Fail,20210201T130000Z,https://bloximages.newyork1.vip.townnews.com/stltoday.com/content/tncms/assets/v3/editorial/d/24/d248f83a-aee3-5474-8141-75e393292fc0/6017dbd74473c.image.jpg?crop=700%2C394%2C0%2C51,stltoday.com,English,United States,2021-02-01 13:00:00+00:00,GME
https://www.thestreet.com/markets/5-things-you-must-know-before-the-market-opens-monday-020121,https://www.thestreet.com/.amp/markets/5-things-you-must-know-before-the-market-opens-monday-020121,"Silver , GameStop , Robinhood , Exxon / Chevron : 5 Things You Must Know",20210201T130000Z,,thestreet.com,English,United States,2021-02-01 13:00:00+00:00,GME
https://www.zerohedge.com/commodities/its-been-nuts-silver-surges-most-lehman-bankruptcy-hits-7-year-high-over-30,,  It Been Nuts : Silver Surges Most Since Lehman Bankruptcy ; Hits 7 - Year High Over $30,20210201T133000Z,https://zh-prod-1cc738ca-7d3b-4a72-b792-20bd8d8fa069.storage.googleapis.com/s3fs-public/styles/16_9_max_700/public/2021-02/silver%202.1.jpg?f1ea0c2&itok=BvNcxi6y,zerohedge.com,English,United States,2021-02-01 13:30:00+00:00,GME
https://techxplore.com/news/2021-02-gamestop-reddit-stock.html,https://techxplore.com/news/2021-02-gamestop-reddit-stock.amp,GameStop and Reddit : What happening in the stock market ? ,20210201T140000Z,https://scx2.b-cdn.net/gfx/news/hires/2020/stockmarket.jpg,techxplore.com,English,United States,2021-02-01 14:00:00+00:00,GME
http://www.proactiveinvestors.co.uk/companies/news/939949/ftse-100-finds-silver-lining-939949.html,https://www.proactiveinvestors.co.uk/companies/amp/news/939949,FTSE 100 finds silver lining,20210201T140000Z,https://www.proactiveinvestors.co.uk/thumbs/upload/News/Image/2021_02/1200z630_1612183002_2020-01-22-12-50-17_8a80dced8dc656cb0b9fafb87c4fc847.jpg,proactiveinvestors.co.uk,English,United Kingdom,2021-02-01 14:00:00+00:00,GME
https://www.businessinsider.in/stock-market/news/michael-burry-compared-gamestop-to-the-big-short-and-said-he-would-cash-out-if-he-won-big-on-the-stock/articleshow/80632636.cms,https://www.businessinsider.in/stock-market/news/michael-burry-compared-gamestop-to-the-big-short-and-said-he-would-cash-out-if-he-won-big-on-the-stock/amp_articleshow/80632636.cms,Michael Burry compared GameStop to  The Big Short  - and said he would cash out if he won big on the stock,20210201T140000Z,https://www.businessinsider.in/photo/80632636/michael-burry-compared-gamestop-to-the-big-short-and-said-he-would-cash-out-if-he-won-big-on-the-stock.jpg?imgsize=44031,businessinsider.in,English,India,2021-02-01 14:00:00+00:00,GME
https://www.dailymail.co.uk/news/article-9210381/Redditors-push-silver-eight-year-high-user-suggested-punishing-banks.html,https://www.dailymail.co.uk/news/article-9210381/amp/Redditors-push-silver-eight-year-high-user-suggested-punishing-banks.html,Redditors push silver to eight - year high,20210201T151500Z,https://i.dailymail.co.uk/1s/2021/02/01/14/38738700-0-image-a-36_1612190833721.jpg,dailymail.co.uk,English,United Kingdom,2021-02-01 15:15:00+00:00,GME
https://patriotpost.us/articles/77399-wall-street-is-part-of-the-swamp-2021-02-01,,Arnold Ahlert : Wall Street Is Part of the Swamp The Patriot Post,20210201T151500Z,https://patriot.imgix.net/3494447bddd6964f7ec58a22566e6d77fffa2e23b7e6357e39371fb957c7b290.jpg,patriotpost.us,English,United States,2021-02-01 15:15:00+00:00,GME
https://www.investmentwatchblog.com/is-the-reddit-army-on-the-verge-of-creating-the-most-epic-silver-short-squeeze-in-u-s-history/,,Is  The Reddit Army  On The Verge Of Creating The Most Epic Silver Short Squeeze In U . S . History ? – Investment Watch,20210201T151500Z,,investmentwatchblog.com,English,United States,2021-02-01 15:15:00+00:00,GME
https://www.investmentwatchblog.com/these-are-the-shadowy-new-york-financial-institutions-that-forced-robinhood-to-restrict-trading-in-certain-stocks/,,These Are The Shadowy New York Financial Institutions That Forced Robinhood To Restrict Trading In Certain Stocks – Investment Watch,20210201T151500Z,,investmentwatchblog.com,English,United States,2021-02-01 15:15:00+00:00,GME
https://www.thestreet.com/investing/silver-miners-hecla-wheaton-pan-american-surge-on-retail-demand-for-metal,https://www.thestreet.com/.amp/investing/silver-miners-hecla-wheaton-pan-american-surge-on-retail-demand-for-metal,"Silver Miners Hecla , Wheaton Surge on Retail Investor Demand for Metal",20210201T153000Z,,thestreet.com,English,United States,2021-02-01 15:30:00+00:00,GME
https://www.redandblack.com/uganews/wolf-of-broad-street-uga-community-discusses-squeeze-on-wall-street-short-sellers/article_68688620-6441-11eb-807e-5f4e9eac649b.html,,Wolf of Broad Street : UGA community discusses squeeze on Wall Street short sellers,20210201T153000Z,https://bloximages.newyork1.vip.townnews.com/redandblack.com/content/tncms/assets/v3/editorial/0/92/0929f7d0-61ed-11eb-8b8b-7bed851416e5/601393702b1f8.image.png,redandblack.com,English,United States,2021-02-01 15:30:00+00:00,GME
https://www.lest-eclair.fr/id228515/article/2021-02-01/revolte-boursiere-comment-des-internautes-ont-fait-grimper-laction-de-gamestop,https://www.lest-eclair.fr/id228515/article/2021-02-01/revolte-boursiere-comment-des-internautes-ont-fait-grimper-laction-de-gamestop?amp," « Révolte » boursière : Comment des internautes ont fait grimper laction de GameStop , une entreprise de vente de jeux vidéo en difficulté",20210201T153000Z,https://remeng.rosselcdn.net/sites/default/files/dpistyles_v2/ena_16_9_extra_big/2021/02/01/node_228515/12215176/public/2021/02/01/B9725998201Z.1_20210201130201_000%2BGARHGTHTG.2-0.jpg?itok=HK_ISXId1612182285,lest-eclair.fr,French,France,2021-02-01 15:30:00+00:00,GME
http://www.proactiveinvestors.com/companies/news/940000/wall-street-opens-higher-as-retail-trader-frenzy-reaches-silver-market-940000.html,https://www.proactiveinvestors.com/companies/amp/news/940000,Wall Street opens higher as retail trader frenzy reaches silver market,20210201T153000Z,https://www.proactiveinvestors.com/thumbs/upload/News/Image/2021_02/1200z630_1612190614_2021-02-01-09-43-34_f7d605ebb494e0e6272d8af1e607ff8f.jpg,proactiveinvestors.com,English,United States,2021-02-01 15:30:00+00:00,GME
https://www.forbes.com/sites/roberthart/2021/02/01/the-silver-squeeze-redditors-divided-and-silver-value-soars-as-online-traders-switch-focus-to-commodities/,https://www.forbes.com/sites/roberthart/2021/02/01/the-silver-squeeze-redditors-divided-and-silver-value-soars-as-online-traders-switch-focus-to-commodities/amp/,  The Silver Squeeze : Redditors Divided And Silver Value Soars As Online Traders Switch Focus To Commodities,20210201T154500Z,https://thumbor.forbes.com/thumbor/fit-in/1200x0/filters%3Aformat%28jpg%29/https%3A%2F%2Fspecials-images.forbesimg.com%2Fimageserve%2F6018036f68bf02493657ca5e%2F0x0.jpg,forbes.com,English,United States,2021-02-01 15:45:00+00:00,GME
https://www.news18.com/news/buzz/redditors-bought-ad-on-times-square-billboard-to-celebrate-gamestop-victory-internet-cant-get-over-it-3375584.html,https://www.news18.com/amp/news/buzz/redditors-bought-ad-on-times-square-billboard-to-celebrate-gamestop-victory-internet-cant-get-over-it-3375584.html,"Redditors Bought Ad on Times Square Billboard to Celebrate GameStop Victory , Internet Cant Get Over it",20210201T154500Z,https://images.news18.com/ibnlive/uploads/2021/02/1612190010_stocks.jpeg,news18.com,English,India,2021-02-01 15:45:00+00:00,GME
https://www.investors.com/market-trend/stock-market-today/dow-jones-today-futures-rebound-stimulus-talks-tesla-stock-target-doubled-reddit-crew-buys-spacs-silver/,,"Dow Jones Today , Stocks Rebound Amid Stimulus Talks ; Tesla Target Doubled , Reddit Crew Buys SPACs , Silver",20210201T160000Z,https://www.investors.com/wp-content/uploads/2018/12/Stock-NYSE-09-adobe.jpg,investors.com,English,United States,2021-02-01 16:00:00+00:00,GME
https://www.infowars.com/posts/these-are-the-shadowy-new-york-financial-institutions-that-forced-robinhood-to-restrict-trading-in-certain-stocks/,,These Are The Shadowy New York Financial Institutions That Forced Robinhood To Restrict Trading In Certain Stocks,20210201T160000Z,https://api-assets.infowars.com/2021/02/GettyImages-1230551031.jpg,infowars.com,English,United States,2021-02-01 16:00:00+00:00,GME
https://wccftech.com/wallstreetbets-is-waging-a-david-vs-goliath-battle-against-financial-titans-and-the-victor-will-determine-how-the-market-approaches-shorting-and-the-rehypothecation-of-securities/,https://wccftech.com/wallstreetbets-is-waging-a-david-vs-goliath-battle-against-financial-titans-and-the-victor-will-determine-how-the-market-approaches-shorting-and-the-rehypothecation-of-securities/amp/,WallStreetBets Is Waging a David vs . Goliath Battle Against Financial Titans and the Victor Will Determine How the Market Approaches Shorting and the Rehypothecation of Securities,20210201T160000Z,https://cdn.wccftech.com/wp-content/uploads/2021/02/5dfb7ebf855cc232fc6669ac.png,wccftech.com,English,United States,2021-02-01 16:00:00+00:00,GME
https://hypebeast.com/2021/2/wallstreetbets-gamestop-investor-san-francisco-robinhood-hq-banner-news,https://hypebeast.com/2021/2/wallstreetbets-gamestop-investor-san-francisco-robinhood-hq-banner-news?amp=1,ROBINHOOD SF Aerial Banner,20210201T161500Z,https://image-cdn.hypb.st/https%3A%2F%2Fhypebeast.com%2Fimage%2F2021%2F01%2FTW-2-wallstreetbets-gamestop-investor-san-francisco-robinhood-hq-banner-news.jpg?&cbr=1&q=90&fit=max,hypebeast.com,English,United States,2021-02-01 16:15:00+00:00,GME
https://www.blacklistednews.com/article/79157/is-the-reddit-army-on-the-verge-of-creating-the-most-epic-silver-short-squeeze-in-us.html,,Is  The Reddit Army  On The Verge Of Creating The Most Epic Silver Short Squeeze In U . S . History ? ,20210201T163000Z,http://theeconomiccollapseblog.com/wp-content/uploads/2021/01/Silver-Bars-Pixabay.jpg,blacklistednews.com,English,United States,2021-02-01 16:30:00+00:00,GME
https://www.blacklistednews.com/article/79158/these-are-the-shadowy-new-york-financial-institutions-that-forced-robinhood-to-restrict-trading-in.html,,These Are The Shadowy New York Financial Institutions That Forced Robinhood To Restrict Trading In Certain Stocks,20210201T163000Z,http://endoftheamericandream.com/wp-content/uploads/2021/01/Shadowy-Pixabay-1.jpg,blacklistednews.com,English,United States,2021-02-01 16:30:00+00:00,GME
https://www.theepochtimes.com/reddit-wallstreetbets-users-urge-others-not-to-buy-silver-stick-with-gamestop_3677775.html,https://www.theepochtimes.com/reddit-wallstreetbets-users-urge-others-not-to-buy-silver-stick-with-gamestop_3677775.html/amp,Reddit WallStreetBets Users Urge Others Not to Buy Silver ; Stick With Gamestop,20210201T164500Z,https://img.theepochtimes.com/assets/uploads/2021/01/31/AP21027509559258-web-1200x800.jpg,theepochtimes.com,English,United States,2021-02-01 16:45:00+00:00,GME
https://investorplace.com/2021/01/reddit-wallstreetbets-took-down-hedge-fund-what-comes-next-geme-stock/,https://investorplace.com/2021/01/reddit-wallstreetbets-took-down-hedge-fund-what-comes-next-geme-stock/amp/,Reddit r / WallStreetBets Killed A Hedge Fund . Youll Love What Next . ,20210201T171500Z,https://investorplace.com/wp-content/uploads/2021/01/reddit-2.jpg,investorplace.com,English,United States,2021-02-01 17:15:00+00:00,GME
https://investorplace.com/stock-market-live-updates-monday-stock-market-today-news-02012021/,https://investorplace.com/stock-market-live-updates-monday-stock-market-today-news-02012021/amp/,Stock Market Live Updates Monday : Where Will the Reddit Story Go Next ? ,20210201T171500Z,https://investorplace.com/wp-content/uploads/2019/07/wall-street-sign-broadway-sign.jpg,investorplace.com,English,United States,2021-02-01 17:15:00+00:00,GME
https://mrtopstep.com/need-to-know-wallstreetbets-has-set-its-sights-on-silver-the-price-surge-doesnt-seem-far-stretched-yet-but-it-may-be-short-lived-says-this-analyst/,https://mrtopstep.com/need-to-know-wallstreetbets-has-set-its-sights-on-silver-the-price-surge-doesnt-seem-far-stretched-yet-but-it-may-be-short-lived-says-this-analyst/amp/,"Need to Know : WallStreetBets has set its sights on silver the price surge  doesnt seem far - stretched yet  but it may be short - lived , says this analyst",20210201T173000Z,https://mrtopstep.com/wp-content/uploads/2021/02/im-293030-1.jpg,mrtopstep.com,English,United States,2021-02-01 17:30:00+00:00,GME
https://www.cbsnews.com/news/silver-stock-gme-wallstreetbets/,https://www.cbsnews.com/amp/news/silver-stock-gme-wallstreetbets/,WallStreetBets triggers silver market frenzy in attempt to stick it to Wall Street,20210201T173000Z,https://cbsnews1.cbsistatic.com/hub/i/r/2021/02/01/6c0d6435-02f4-45f0-9ef8-ac75a2a4121b/thumbnail/1200x630/148a2cf4fd24c049852acf317fc922d1/silver-ap-photomichael-probst.jpg,cbsnews.com,English,United States,2021-02-01 17:30:00+00:00,GME
https://www.investors.com/market-trend/stock-market-today/dow-jones-rallies-republicans-offer-joe-biden-stimulus-bargain-microsoft-surges-gamestop-falls/,,Dow Rallies As Republicans Offer Biden Stimulus Bargain ; Microsoft Surges As Gamestop Falls,20210201T180000Z,https://www.investors.com/wp-content/uploads/2021/02/SMT900-biden-07-news.jpg,investors.com,English,United States,2021-02-01 18:00:00+00:00,GME
https://www.coinspeaker.com/gamestop-gme-shares-pre-market/,https://www.coinspeaker.com/gamestop-gme-shares-pre-market/amp/,GameStop ( GME ) Shares Slightly Down in Pre - Market amid Retail Boost,20210201T180000Z,,coinspeaker.com,English,United States,2021-02-01 18:00:00+00:00,GME
https://www.zerohedge.com/markets/these-are-shadowy-new-york-financial-institutions-forced-robinhood-restrict-trading-certain,,These Are The Shadowy New York Financial Institutions That Forced Robinhood To Restrict Trading In Certain Stocks,20210201T180000Z,https://zh-prod-1cc738ca-7d3b-4a72-b792-20bd8d8fa069.storage.googleapis.com/s3fs-public/styles/16_9_max_700/public/2021-02/Shadowy-Pixabay-800x450.jpg?itok=rhF5BWGL,zerohedge.com,English,United States,2021-02-01 18:00:00+00:00,GME
http://www.proactiveinvestors.co.uk/companies/news/939949/ftse-100-closes-ahead-as-reddit-investors-set-sights-on-silver-939949.html,https://www.proactiveinvestors.co.uk/companies/amp/news/939949,FTSE 100 enjoys solid day,20210201T180000Z,https://www.proactiveinvestors.co.uk/thumbs/upload/News/Image/2021_02/1200z630_1612195797_financial-trading-floor-IG-group.jpg,proactiveinvestors.co.uk,English,United Kingdom,2021-02-01 18:00:00+00:00,GME
https://www.biznews.com/thought-leaders/2021/02/01/keith-gill,https://www.biznews.com/thought-leaders/2021/02/01/keith-gill/amp,Keith Gill : From star runner to investment disruptor - The Wall Street Journal,20210201T181500Z,https://mk0biznewspnpsk9lrfl.kinstacdn.com/wp-content/uploads/2021/01/367654572.jpg,biznews.com,English,South Africa,2021-02-01 18:15:00+00:00,GME
https://www.bullionvault.com/gold-news/silver-slv-price-020120212,https://www.bullionvault.com/gold-news/silver-slv-price-020120212.amp,"Silver Price Spikes to $30 as WallStreetBets Pours a Record 1 , 000 Tonnes into SLV",20210201T181500Z,,bullionvault.com,English,United Kingdom,2021-02-01 18:15:00+00:00,GME
https://www.businessinsider.in/stock-market/news/dow-rebounds-200-points-after-suffering-worst-week-since-october/articleshow/80635297.cms,https://www.businessinsider.in/stock-market/news/dow-rebounds-200-points-after-suffering-worst-week-since-october/amp_articleshow/80635297.cms,Dow rebounds 200 points after suffering worst week since October,20210201T181500Z,https://www.businessinsider.in/photo/80635297/dow-rebounds-200-points-after-suffering-worst-week-since-october.jpg?imgsize=207349,businessinsider.in,English,India,2021-02-01 18:15:00+00:00,GME
http://finance.dailyherald.com/dailyherald/news/read/40928522/4_top_silver_stocks_to_watch_right_now,,4 Top Silver Stocks To Watch Right Now,20210201T183000Z,,finance.dailyherald.com,English,United States,2021-02-01 18:30:00+00:00,GME
https://investorplace.com/2021/02/cciv-stock-reddit-wallstreebets-lucid-motors-spac-merger/,https://investorplace.com/2021/02/cciv-stock-reddit-wallstreebets-lucid-motors-spac-merger/amp/,CCIV Stock : Is Reddit Lifting CCIV Before a Lucid Motors SPAC Merger ? ,20210201T184500Z,https://investorplace.com/wp-content/uploads/2021/01/lucid-motors.jpg,investorplace.com,English,United States,2021-02-01 18:45:00+00:00,GME
http://markets.buffalonews.com/buffnews/news/read/40928522/4_top_silver_stocks_to_watch_right_now,,4 Top Silver Stocks To Watch Right Now,20210201T184500Z,,markets.buffalonews.com,English,United States,2021-02-01 18:45:00+00:00,GME
https://www.investors.com/news/silver-price-short-squeeze-gamestop-stock-robinhood-eases-trading-limits/,,Silver Price Sparkles In Short - Squeeze ; GameStop Stock Falls As Robinhood Eases Limits,20210201T184500Z,https://www.investors.com/wp-content/uploads/2021/02/Stock-SilverBars-01-adobe.jpg,investors.com,English,United States,2021-02-01 18:45:00+00:00,GME
https://www.marketwatch.com/story/gamestop-short-squeeze-fuels-new-stock-market-services-tracking-reddit-messages-11612203740,https://www.marketwatch.com/amp/story/gamestop-short-squeeze-fuels-new-stock-market-services-tracking-reddit-messages-11612203740,GameStop short squeeze fuels new stock - market services tracking Reddit messages,20210201T190000Z,https://images.mktw.net/im-293186/social,marketwatch.com,English,United States,2021-02-01 19:00:00+00:00,GME
https://www.marketwatch.com/story/gamestop-stock-retreats-from-record-gains-after-more-than-half-of-short-positions-eliminated-11612203497,https://www.marketwatch.com/amp/story/gamestop-stock-retreats-from-record-gains-after-more-than-half-of-short-positions-eliminated-11612203497,GameStop stock retreats from record gains after more than half of short positions eliminated,20210201T190000Z,,marketwatch.com,English,United States,2021-02-01 19:00:00+00:00,GME
https://www.marketwatch.com/story/silver-gets-the-gamestop-treatment-rallies-by-as-much-as-13-11612203674,https://www.marketwatch.com/amp/story/silver-gets-the-gamestop-treatment-rallies-by-as-much-as-13-11612203674,"Silver gets the GameStop treatment , rallies by as much as 13 % ",20210201T190000Z,https://images.mktw.net/im-293206/social,marketwatch.com,English,United States,2021-02-01 19:00:00+00:00,GME
https://www.icaew.com/insights/viewpoints-on-the-news/2021/feb-2021/gamestop-redditors-give-wall-street-a-run-for-its-money,,GameStop : Redditors give Wall Street a run for its money,20210201T190000Z,,icaew.com,English,United Kingdom,2021-02-01 19:00:00+00:00,GME
https://www.benzinga.com/trading-ideas/long-ideas/21/02/19420829/wallstreetbets-posters-warn-retail-traders-on-silver-squeeze-the-antithesis-of-who-we-ar,https://amp.benzinga.com/amp/content/19420829,"AMC Entertainment Holdings ( AMC ), Gamestop Corp . ( GME ), Nokia Corp . ( NOK ), iShares Silver Trust ( SLV ) - WallStreetBets Posters Warn Retail Traders On Silver Squeeze :  The Antithesis Of Who We Are  ",20210201T190000Z,,benzinga.com,English,United States,2021-02-01 19:00:00+00:00,GME
https://www.marketwatch.com/story/how-the-reddit-fueled-options-frenzy-could-price-itself-out-of-existence-11612203451,https://www.marketwatch.com/amp/story/how-the-reddit-fueled-options-frenzy-could-price-itself-out-of-existence-11612203451,How the Reddit - fueled options frenzy could price itself out of existence,20210201T191500Z,https://images.mktw.net/im-293227/social,marketwatch.com,English,United States,2021-02-01 19:15:00+00:00,GME
https://www.marketwatch.com/story/retirement-tip-of-the-week-active-investing-a-reddit-fueled-gamestop-rally-and-your-retirement-savings-11612199469,https://www.marketwatch.com/amp/story/retirement-tip-of-the-week-active-investing-a-reddit-fueled-gamestop-rally-and-your-retirement-savings-11612199469,"Retirement Tip of the Week : Active investing , a Reddit - fueled GameStop rally and your retirement savings",20210201T191500Z,https://images.mktw.net/im-293182/social,marketwatch.com,English,United States,2021-02-01 19:15:00+00:00,GME
https://www.psychologytoday.com/us/blog/the-science-behind-behavior/202102/the-psychology-ideological-investing,https://www.psychologytoday.com/us/blog/the-science-behind-behavior/202102/the-psychology-ideological-investing?amp,The Psychology of Ideological Investing,20210201T191500Z,https://cdn.psychologytoday.com/sites/default/files/styles/og_image/public/field_blog_entry_teaser_image/2021-01/pexels-energepiccom-159888.jpg?itok=fY0WYOq_,psychologytoday.com,English,United States,2021-02-01 19:15:00+00:00,GME
https://www.proactiveinvestors.co.uk/companies/news/939949/ftse-100-closes-ahead-as-reddit-investors-now-set-sights-on-silver-939949.html,https://www.proactiveinvestors.co.uk/companies/amp/news/939949,FTSE 100 enjoys solid day,20210201T191500Z,https://www.proactiveinvestors.co.uk/thumbs/upload/News/Image/2021_02/1200z630_1612195797_financial-trading-floor-IG-group.jpg,proactiveinvestors.co.uk,English,United Kingdom,2021-02-01 19:15:00+00:00,GME
https://www.dispatch.com/in-depth/business/2021/02/01/gamestop-how-did-stock-price-jump-so-quickly/4342798001/,,What happened on the stock market today ? How GameStop rose so quickly . ,20210201T191500Z,"https://www.gannett-cdn.com/presto/2021/01/29/USAT/9424ec4d-ebc3-4c86-bac4-c900221519d0-GameStop-Topper-promo.jpg?crop=760,428,x0,y1",dispatch.com,English,United States,2021-02-01 19:15:00+00:00,GME
https://www.credit.com/blog/gamestop-stock-explained/,https://www.credit.com/blog/gamestop-stock-explained/?amp,Explained : The Adrenaline - Driven Rise to GameStop Stock,20210201T193000Z,https://www.credit.com/blog/wp-content/uploads/2021/01/GameStop-Stock.jpg,credit.com,English,United States,2021-02-01 19:30:00+00:00,GME
https://www.businessinsider.com/gamestop-gme-billboard-times-square-reddit-robinhood-plane-banner-wallstreetbets-2021-1,https://www.businessinsider.com/gamestop-gme-billboard-times-square-reddit-robinhood-plane-banner-wallstreetbets-2021-1?amp,GameStop billboard and plane mocking Robinhood emerge,20210201T194500Z,https://i.insider.com/6018368b6dfbe10018e0113c?&format=jpeg,businessinsider.com,English,United States,2021-02-01 19:45:00+00:00,GME
https://www.proactiveinvestors.co.uk/companies/news/939949/ftse-100-closes-ahead-as-reddit-investors-set-sights-on-silver-939949.html,https://www.proactiveinvestors.co.uk/companies/amp/news/939949,FTSE 100 enjoys solid day,20210201T194500Z,https://www.proactiveinvestors.co.uk/thumbs/upload/News/Image/2021_02/1200z630_1612195797_financial-trading-floor-IG-group.jpg,proactiveinvestors.co.uk,English,United Kingdom,2021-02-01 19:45:00+00:00,GME
http://www.proactiveinvestors.com/companies/news/940000/wall-street-shares-head-higher-as-investor-confidence-returns-940000.html,https://www.proactiveinvestors.com/companies/amp/news/940000,Wall Street opens higher as retail trader frenzy reaches silver market,20210201T200000Z,https://www.proactiveinvestors.com/thumbs/upload/News/Image/2021_02/1200z630_1612202210_shutterstock_586979225.jpg,proactiveinvestors.com,English,United States,2021-02-01 20:00:00+00:00,GME
https://www.investmentwatchblog.com/emotional-involvement-has-never-been-this-high-please-understand-the-risk-involved/,,"Emotional involvement has never been this high , please understand the risk involved . – Investment Watch",20210201T201500Z,,investmentwatchblog.com,English,United States,2021-02-01 20:15:00+00:00,GME
https://patriotpost.us/digests/77424-mid-day-digest-2021-02-01,,Mid - Day Digest,20210201T201500Z,https://patriot.imgix.net/a36317c11329f78b1e4328642737b4bb7717301b1f4a93b7b0fee5158373a6c0.png,patriotpost.us,English,United States,2021-02-01 20:15:00+00:00,GME
https://www.cnn.com/2021/02/01/investing/gamestop-robinhood-stocks-explained/,https://amp.cnn.com/cnn/2021/02/01/investing/gamestop-robinhood-stocks-explained/index.html,The GameStop frenzy is moving fast . Catch up here,20210201T203000Z,https://cdn.cnn.com/cnnnext/dam/assets/210201122123-silver-precious-metal---stock-super-tease.jpg,cnn.com,English,United States,2021-02-01 20:30:00+00:00,GME
https://www.marketwatch.com/articles/gamestop-stock-is-down-hard-in-the-latest-wild-swing-51612197472,,"GameStop Stock Is Down , Hard , in the Latest Wild Swing",20210201T203000Z,https://images.barrons.com/im-293145/social,marketwatch.com,English,United States,2021-02-01 20:30:00+00:00,GME
https://www.thestreet.com/tech/news/speculatejdm020121,https://www.thestreet.com/tech/.amp/news/speculatejdm020121,"Welcome , New Generation of Speculators",20210201T204500Z,,thestreet.com,English,United States,2021-02-01 20:45:00+00:00,GME
https://finance.townhall.com/columnists/bryanperry/2021/02/01/big-shorts-feeling-the-big-squeeze-n2584035,,Big Shorts Feeling The Big Squeeze,20210201T204500Z,https://media.townhall.com/_townhall/resources/images/thog.png,finance.townhall.com,English,United States,2021-02-01 20:45:00+00:00,GME
https://y102reading.iheart.com/featured/andi-and-kenny/content/2021-02-01-daily-do-good-investor-pays-forward-gamestop-gains-to-sick-kids/,https://y102reading.iheart.com/alternate/amp/2021-02-01-daily-do-good-investor-pays-forward-gamestop-gains-to-sick-kids/,Daily Do Good : Investor Pays Forward GameStop Gains To Sick Kids | Y102,20210201T204500Z,"https://i.iheart.com/v3/re/new_assets/5e2982caa8587d94f68d2910?ops=gravity(%22north%22),fit(740,416),quality(65)",y102reading.iheart.com,English,United States,2021-02-01 20:45:00+00:00,GME
https://www.youredm.com/2021/02/01/did-boys-noize-just-drop-a-meme-trap-song-about-gamestop-on-audius/,https://www.youredm.com/2021/02/01/did-boys-noize-just-drop-a-meme-trap-song-about-gamestop-on-audius/amp/,Did Boys Noize Just Drop A Meme Trap Song About GameStop on Audius ? ,20210201T204500Z,https://www.youredm.com/wp-content/uploads/2018/11/boys-noize-rukes.jpg,youredm.com,English,United States,2021-02-01 20:45:00+00:00,GME
https://mashable.com/article/stock-market-explained-by-my-tinder-matches/,,"The stock market , explained by my Tinder matches",20210201T211500Z,https://blueprint-api-production.s3.amazonaws.com,mashable.com,English,United States,2021-02-01 21:15:00+00:00,GME
https://www.energyandcapital.com/articles/looking-for-the-next-gamestop-/98295,https://www.energyandcapital.com/amp/articles/looking-for-the-next-gamestop-/98295,Looking for the Next GameStop ? ,20210201T213000Z,https://assets.angelpub.com/images/2021/05/gamestop-header-65445.jpg,energyandcapital.com,English,United States,2021-02-01 21:30:00+00:00,GME
https://www.businessinsider.in/tech/news/people-paid-for-a-times-square-billboard-to-promote-gamestop-trading-and-even-a-plane-banner-mocking-robinhood/articleshow/80639217.cms,https://www.businessinsider.in/tech/news/people-paid-for-a-times-square-billboard-to-promote-gamestop-trading-and-even-a-plane-banner-mocking-robinhood/amp_articleshow/80639217.cms,People paid for a Times Square billboard to promote GameStop trading and even a plane banner mocking Robinhood,20210201T220000Z,https://www.businessinsider.in/photo/80639217/people-paid-for-a-times-square-billboard-to-promote-gamestop-trading-and-even-a-plane-banner-mocking-robinhood.jpg?imgsize=960071,businessinsider.in,English,India,2021-02-01 22:00:00+00:00,GME
https://www.foxnews.com/us/investor-puts-gamestop-gains-to-good-use-at-texas-children-hospotal,https://www.foxnews.com/us/investor-puts-gamestop-gains-to-good-use-at-texas-children-hospotal.amp,Investor puts GameStop gains to good use at Texas children hospital,20210201T220000Z,https://static.foxnews.com/foxnews.com/content/uploads/2021/02/nintendo.jpeg,foxnews.com,English,United States,2021-02-01 22:00:00+00:00,GME
https://www.newsweek.com/robinhood-has-loosened-limitations-buying-gamestop-amc-other-meme-stocks-1565888,https://www.newsweek.com/robinhood-has-loosened-limitations-buying-gamestop-amc-other-meme-stocks-1565888?amp=1,"Robinhood Has Loosened Limitations on Buying GameStop , AMC and Other Meme Stocks",20210201T220000Z,https://d.newsweek.com/en/full/1721929/robinhood-stocks.jpg,newsweek.com,English,United States,2021-02-01 22:00:00+00:00,GME
https://www.sott.net/article/448074-Reddit-activists-cause-silver-futures-to-suffer-wave-of-sales-not-seen-since-collapse-of-Lehman-Or-did-they,,Reddit activists cause silver futures to suffer wave of sales not seen since collapse of Lehman . Or did they ? -- Society Child -- Sott . net,20210201T221500Z,https://www.sott.net/image/s29/597733/full/2021_02_01_7_53_16.jpg,sott.net,English,United States,2021-02-01 22:15:00+00:00,GME
https://www.reuters.com/article/us-retail-trading-gamestop-reddit/gamestonks-or-silver-reddit-investors-worry-about-losing-gamestop-focus-idUSKBN2A13PV,https://mobile.reuters.com/article/amp/idUSKBN2A13PV,  Gamestonk or silver ? Reddit investors worry about losing GameStop focus,20210201T221500Z,https://static.reuters.com/resources/r/?m=02&d=20210201&t=2&i=1549902209&r=LYNXMPEH10255,reuters.com,English,United States,2021-02-01 22:15:00+00:00,GME
https://ktvz.com/money/2021/02/01/the-gamestop-frenzy-is-moving-fast-catch-up-here/,https://ktvz.com/amp/the-gamestop-frenzy-is-moving-fast-catch-up-here,The GameStop frenzy is moving fast . Catch up here,20210201T221500Z,https://ktvz.b-cdn.net/2021/02/DN2cYZ91-210129151517-gamestop-sign-0127-live-video.jpg,ktvz.com,English,United States,2021-02-01 22:15:00+00:00,GME
https://isp.netscape.com/pf/story/0002/20210201/KBN2A13PV_1,,  Gamestonk or silver ? Reddit investors worry about losing GameStop focus,20210201T223000Z,,isp.netscape.com,English,United States,2021-02-01 22:30:00+00:00,GME
https://www.benzinga.com/trading-ideas/long-ideas/21/02/19418714/10-most-heavily-shorted-stocks-on-the-russell-3000,https://amp.benzinga.com/amp/content/19418714,"AMC Entertainment Holdings ( AMC ), AIRSHARES EU CARBON ( ASO ), Accelerate Diagnostics ( AXDX ), Bed Bath & Beyond ( BBBY ), Best Buy Co . ( BBY ), National Beverage ( FIZZ ), Gamestop Corp . ( GME ), Ligand Pharmaceuticals Incorporated ( LGND ), Ma...",20210201T223000Z,,benzinga.com,English,United States,2021-02-01 22:30:00+00:00,GME
https://www.proactiveinvestors.co.uk/companies/news/939949/ftse-100-loses-a-little-steam-wall-street-starts-higher-939949.html,https://www.proactiveinvestors.co.uk/companies/amp/news/939949,FTSE 100 enjoys solid day,20210201T223000Z,https://www.proactiveinvestors.co.uk/thumbs/upload/News/Image/2021_02/1200z630_1612195797_financial-trading-floor-IG-group.jpg,proactiveinvestors.co.uk,English,United Kingdom,2021-02-01 22:30:00+00:00,GME
https://news.yahoo.com/gamestonks-silver-reddit-investors-worry-215248282.html,https://news.yahoo.com/amphtml/gamestonks-silver-reddit-investors-worry-215248282.html,  Gamestonk or silver ? Reddit investors worry about losing GameStop focus,20210201T223000Z,https://s.yimg.com/uu/api/res/1.2/woxd4DZKJxqkATUzbAZ4Kw--~B/aD01MzM7dz04MDA7YXBwaWQ9eXRhY2h5b24-/https://media.zenfs.com/en/reuters.com/22af1e2991f1ff45db59e57967e94369,news.yahoo.com,English,United States,2021-02-01 22:30:00+00:00,GME
https://www.dailymail.co.uk/news/article-9211993/Robinhoods-CEO-Vlad-Tenev-hauled-Congress-testify-GameStop-trades.html,https://www.dailymail.co.uk/news/article-9211993/amp/Robinhoods-CEO-Vlad-Tenev-hauled-Congress-testify-GameStop-trades.html,Robinhood CEO Vlad Tenev  to be hauled before Congress to testify on GameStop trades  ,20210201T223000Z,https://i.dailymail.co.uk/1s/2021/02/01/22/38756006-0-image-a-13_1612217426695.jpg,dailymail.co.uk,English,United Kingdom,2021-02-01 22:30:00+00:00,GME
http://www.msn.com/en-us/money/topstocks/10-top-shorted-stocks-for-longer-term-buyers/ss-BB1diktF,,10 Top Shorted Stocks for Longer - Term Buyers,20210201T223000Z,,msn.com,English,United States,2021-02-01 22:30:00+00:00,GME
https://www.wealthdaily.com/articles/the-curious-case-of-the-gamestop-short-squeeze/98297,https://www.wealthdaily.com/amp/articles/the-curious-case-of-the-gamestop-short-squeeze/98297,The Curious Case of the GameStop Short Squeeze,20210201T224500Z,https://assets.angelpub.com/images/2021/04/wd-site-wallstreetbets-65419.jpg,wealthdaily.com,English,United States,2021-02-01 22:45:00+00:00,GME
https://www.benzinga.com/markets/mutual-funds/21/02/19410759/this-is-not-the-market-participants-problem-volatility-arbitrage-trader-talks-gamestop-marke,https://amp.benzinga.com/amp/content/19410759," ( AMC ), BlackBerry ( NASDAQ : BB ) -  This Is Not The Market Participant Problem : Volatility Arbitrage Trader Talks GameStop , Market Microstructure , Regulation",20210201T224500Z,,benzinga.com,English,United States,2021-02-01 22:45:00+00:00,GME
https://www.benzinga.com/news/21/02/19427536/1-000-5-years-later-what-would-gamestop-stock-be-worth,https://amp.benzinga.com/amp/content/19427536,"Gamestop Corporation ( NYSE : GME ), ( CHWY ) - $1 , 000 , 5 Years Later : What Would GameStop Stock Be Worth ? ",20210201T224500Z,,benzinga.com,English,United States,2021-02-01 22:45:00+00:00,GME
https://wsau.com/2021/02/01/gamestonks-or-silver-reddit-investors-worry-about-losing-gamestop-focus/,,  Gamestonk or silver ? Reddit investors worry about losing GameStop focus | WSAU News / Talk 550 AM · 99 . 9 FM,20210201T231500Z,https://storage.googleapis.com/media.mwcradio.com/mimesis/2021-02/01/2021-02-01T215248Z_1_LYNXMPEH10255_RTROPTP_3_RETAIL-TRADING-GAMESTOP-REDDIT.JPG,wsau.com,English,United States,2021-02-01 23:15:00+00:00,GME
https://www.reuters.com/www.reuters.com/article/us-retail-trading-gamestop-reddit/gamestonks-or-silver-reddit-investors-worry-about-losing-gamestop-focus-idUSKBN2A13PV,https://mobile.reuters.com/article/amp/idUSKBN2A13PV,  Gamestonk or silver ? Reddit investors worry about losing GameStop focus,20210201T231500Z,https://s3.reutersmedia.net/resources/r/?m=02&d=20210201&t=2&i=1549902209&r=LYNXMPEH10255,reuters.com,English,United States,2021-02-01 23:15:00+00:00,GME
https://katcountry989.com/2021/02/01/gamestonks-or-silver-reddit-investors-worry-about-losing-gamestop-focus/,,  Gamestonk or silver ? Reddit investors worry about losing GameStop focus | Kat Country 98 . 9,20210201T233000Z,https://storage.googleapis.com/media.mwcradio.com/mimesis/2021-02/01/2021-02-01T215248Z_1_LYNXMPEH10255_RTROPTP_3_RETAIL-TRADING-GAMESTOP-REDDIT.JPG,katcountry989.com,English,United States,2021-02-01 23:30:00+00:00,GME
https://www.hollywoodreporter.com/index.php/news/jordan-belfort-encourages-gamestop-traders-via-wolf-of-wall-street-scene,https://www.hollywoodreporter.com/amp/index.php/news/jordan-belfort-encourages-gamestop-traders-via-wolf-of-wall-street-scene,Jordan Belfort Encourages GameStop Traders Via  Wolf of Wall Street  Scene,20210201T233000Z,https://static.hollywoodreporter.com/wp-content/uploads/2021/01/1726S04_XQ007-H-2021-1611852504-1024x577.jpg,hollywoodreporter.com,English,United States,2021-02-01 23:30:00+00:00,GME
https://www.livemint.com/news/world/reddit-users-fuel-rally-in-silver-11612209550012.html,https://www.livemint.com/news/world/reddit-users-fuel-rally-in-silver/amp-11612209550012.html,Reddit users fuel rally in silver,20210201T233000Z,https://images.livemint.com/img/2021/02/01/600x338/2021-02-01T171803Z_1_LYNXMPEH101TW_RTROPTP_3_RETAIL-TRADING-SILVER_1612209630698_1612209639043.JPG,livemint.com,English,India,2021-02-01 23:30:00+00:00,GME
https://www.psychologytoday.com/us/blog/the-science-behind-behavior/202102/how-gamestop-demonstrates-the-phenomenon-ideological,https://www.psychologytoday.com/us/blog/the-science-behind-behavior/202102/how-gamestop-demonstrates-the-phenomenon-ideological?amp,How GameStop Demonstrates the Phenomenon of Ideological Investing,20210201T234500Z,https://cdn.psychologytoday.com/sites/default/files/styles/og_image/public/field_blog_entry_teaser_image/2021-01/pexels-energepiccom-159888.jpg?itok=fY0WYOq_,psychologytoday.com,English,United States,2021-02-01 23:45:00+00:00,GME
https://www.reuters.com/article/idUSKBN2A13PV,https://mobile.reuters.com/article/amp/idUSKBN2A13PV,  Gamestonk or silver ? Reddit investors worry about losing GameStop focus,20210202T000000Z,https://static.reuters.com/resources/r/?m=02&d=20210201&t=2&i=1549902209&r=LYNXMPEH10255,reuters.com,English,United States,2021-02-02 00:00:00+00:00,GME
https://www.reuters.com/article/technologyNews/idUSKBN2A13PV,https://mobile.reuters.com/article/amp/idUSKBN2A13PV,  Gamestonk or silver ? Reddit investors worry about losing GameStop focus,20210202T000000Z,https://static.reuters.com/resources/r/?m=02&d=20210201&t=2&i=1549902209&r=LYNXMPEH10255,reuters.com,English,United States,2021-02-02 00:00:00+00:00,GME
https://www.hollywoodreporter.com/news/jordan-belfort-encourages-gamestop-traders-via-wolf-of-wall-street-scene,https://www.hollywoodreporter.com/amp/news/jordan-belfort-encourages-gamestop-traders-via-wolf-of-wall-street-scene,Jordan Belfort Encourages GameStop Traders Via  Wolf of Wall Street  Scene,20210202T003000Z,https://static.hollywoodreporter.com/wp-content/uploads/2021/01/1726S04_XQ007-H-2021-1611852504-1024x577.jpg,hollywoodreporter.com,English,United States,2021-02-02 00:30:00+00:00,GME
https://www.thesun.co.uk/news/13919042/robinhood-traders-celebrate-stock-wins-but-experts-predict-trainwreck/,https://www.thesun.co.uk/news/13919042/robinhood-traders-celebrate-stock-wins-but-experts-predict-trainwreck/amp/,"Robinhood traders celebrate stock wins including amateur , 23 , who made $6K in 4hrs ... but experts predict  trainwreck  ",20210202T003000Z,https://www.thesun.co.uk/wp-content/uploads/2021/02/SF-Robinhood-traders-celebrate-stock-wins-including-amateur-made-6k-COMP.jpg?strip=all&quality=100&crop=1,thesun.co.uk,English,United Kingdom,2021-02-02 00:30:00+00:00,GME
http://www.proactiveinvestors.com/companies/news/940000/wall-street-ends-higher-as-investor-confidence-returns-silver-futures-take-over-as-retail-investor-trade-du-jour-940000.html,https://www.proactiveinvestors.com/companies/amp/news/940000,Wall Street ends higher as investor confidence returns ; silver futures take over as retail investor trade du jour,20210202T004500Z,https://www.proactiveinvestors.com/thumbs/upload/News/Image/2021_02/1200z630_1612202210_shutterstock_586979225.jpg,proactiveinvestors.com,English,United States,2021-02-02 00:45:00+00:00,GME
https://www.washingtonpost.com/business/2021/02/01/gamestop-origins/,https://www.washingtonpost.com/business/2021/02/01/gamestop-origins/?outputType=amp,"GameStop , AMC origins were in a letter from a Wall Street investor before a Reddit WallStreetBets message board took up the cause",20210202T004500Z,https://arc-anglerfish-washpost-prod-washpost.s3.amazonaws.com/public/VVSAK7DEWYI6XOVYOB7YO2OXQU.jpg,washingtonpost.com,English,United States,2021-02-02 00:45:00+00:00,GME
https://www.businessinsider.com/gamestonks-or-silver-reddit-investors-worry-about-losing-gamestop-focus-2021-2,https://www.businessinsider.com/gamestonks-or-silver-reddit-investors-worry-about-losing-gamestop-focus-2021-2?amp,  Gamestonk or silver ? Reddit investors worry about losing GameStop focus,20210202T013000Z,,businessinsider.com,English,United States,2021-02-02 01:30:00+00:00,GME
https://www.businessinsider.in/stock-market/news/dow-soars-229-points-as-stocks-stage-biggest-rally-in-12-weeks/articleshow/80640601.cms,https://www.businessinsider.in/stock-market/news/dow-soars-229-points-as-stocks-stage-biggest-rally-in-12-weeks/amp_articleshow/80640601.cms,Dow soars 229 points as stocks stage biggest rally in 12 weeks,20210202T020000Z,https://www.businessinsider.in/photo/80640601/dow-soars-229-points-as-stocks-stage-biggest-rally-in-12-weeks.jpg?imgsize=264323,businessinsider.in,English,India,2021-02-02 02:00:00+00:00,GME
https://1067theeagle.iheart.com/content/2021-02-01-an-investor-pays-forward-gamestop-gains-to-sick-kids/,,An Investor Pays Forward GameStop Gains To Sick Kids,20210202T020000Z,"https://i.iheart.com/v3/re/new_assets/6012f7c6d9912a395ccbf1e3?ops=gravity(%22north%22),fit(740,416),quality(65)",1067theeagle.iheart.com,English,United States,2021-02-02 02:00:00+00:00,GME
https://investingnews.com/daily/resource-investing/precious-metals-investing/silver-investing/lobo-tiggre-reddit-silver-surge-fundamentals/,,"Lobo Tiggre : Silver Surge May be Brief , Focus on Fundamentals",20210202T020000Z,https://cdn.investingnews.com/app/uploads/2021/02/lobo-tiggre-reddit-silver-surge.jpg,investingnews.com,English,Canada,2021-02-02 02:00:00+00:00,GME
https://957thejet.iheart.com/content/2021-02-01-an-investor-pays-forward-gamestop-gains-to-sick-kids/,https://957thejet.iheart.com/alternate/amp/2021-02-01-an-investor-pays-forward-gamestop-gains-to-sick-kids/,An Investor Pays Forward GameStop Gains To Sick Kids,20210202T023000Z,"https://i.iheart.com/v3/re/new_assets/6012f7c6d9912a395ccbf1e3?ops=gravity(%22north%22),fit(740,416),quality(65)",957thejet.iheart.com,English,United States,2021-02-02 02:30:00+00:00,GME
https://www.vaildaily.com/opinion/carnes-short-changing-the-shorters/,,Carnes : Short - changing the shorters,20210202T024500Z,https://imengine.public.prod.sci.navigacloud.com/?uuid=9d8a2d3b-3e8a-5fd1-9c01-ebc383c664d8&type=preview&function=cover&q=80,vaildaily.com,English,United States,2021-02-02 02:45:00+00:00,GME
https://www.reuters.com/article/us-retail-trading-gamestop-reddit-idUSKBN2A13PV,https://mobile.reuters.com/article/amp/idUSKBN2A13PV,  Gamestonk or silver ? Reddit investors worry about losing GameStop focus,20210202T031500Z,https://static.reuters.com/resources/r/?m=02&d=20210201&t=2&i=1549902209&r=LYNXMPEH10255,reuters.com,English,United States,2021-02-02 03:15:00+00:00,GME
https://www.etftrends.com/welcome-to-thunderdome-imperfect-theory-whats-going-on/,https://www.etftrends.com/welcome-to-thunderdome-imperfect-theory-whats-going-on/amp/,Welcome to the Thunderdome : An Imperfect Theory of What Going On,20210202T033000Z,https://www.etftrends.com/wp-content/uploads/2021/02/Welcome-to-the-Thunderdome-An-Imperfect-Theory-of-Whats-Going-On.jpg,etftrends.com,English,China,2021-02-02 03:30:00+00:00,GME
https://www.msn.com/en-us/money/savingandinvesting/the-gamestop-stock-craze-is-about-a-populist-uprising-against-wall-street-but-it-e2-80-99s-more-complicated-than-that/ar-BB1diiAb,,The GameStop stock craze is about a populist uprising against Wall Street . But it more complicated than that . ,20210202T040000Z,,msn.com,English,United States,2021-02-02 04:00:00+00:00,GME
https://isp.netscape.com/pf/story/0002/20210202/KBN2A00WG_14,,Retail investors turn attention to silver as GameStop shares retreat,20210202T043000Z,,isp.netscape.com,English,United States,2021-02-02 04:30:00+00:00,GME
https://www.benzinga.com/markets/cannabis/21/02/19434202/why-sundial-growers-stock-spiked-48-5-today,https://amp.benzinga.com/amp/content/19434202,"AMC Entertainment Holdings ( AMC ), Gamestop Corp . ( GME ) - Why Sundial Growers Stock Spiked 48 . 5 % Today",20210202T044500Z,,benzinga.com,English,United States,2021-02-02 04:45:00+00:00,GME
https://www.globalbankingandfinance.com/gamestonks-or-silver-reddit-investors-worry-about-losing-gamestop-focus/,https://www.globalbankingandfinance.com/gamestonks-or-silver-reddit-investors-worry-about-losing-gamestop-focus/amp/,  Gamestonk or silver ? Reddit investors worry about losing GameStop focus,20210202T054500Z,https://mk0globalbankin3xg02.kinstacdn.com/wp-content/uploads/2021/02/2021-02-01T221753Z_1_LYNXMPEH1025R_RTROPTP_4_RETAIL-TRADING-GAMESTOP-REDDIT.jpg,globalbankingandfinance.com,English,United Kingdom,2021-02-02 05:45:00+00:00,GME
https://www.ibtimes.com/robinhood-restrictions-update-what-8-reddit-stocks-are-still-list-3135266,https://www.ibtimes.com/robinhood-restrictions-update-what-8-reddit-stocks-are-still-list-3135266?amp=1,Robinhood Restrictions Update : What 8 Reddit Stocks Are Still On The List ? ,20210202T060000Z,https://s1.ibtimes.com/sites/www.ibtimes.com/files/styles/full/public/2021/02/01/trading-platform-robinhood-has-struggled-to-cope-amid.jpg,ibtimes.com,English,United States,2021-02-02 06:00:00+00:00,GME
https://www.ibtimes.com/why-you-shouldnt-go-full-yolo-gamestop-stock-3135260,https://www.ibtimes.com/why-you-shouldnt-go-full-yolo-gamestop-stock-3135260?amp=1,Why You Shouldnt Go  Full YOLO  On GameStop Stock,20210202T060000Z,https://s1.ibtimes.com/sites/www.ibtimes.com/files/styles/full/public/2021/01/28/investors-appear-to-have-mistaken-gme-resources-for.jpg,ibtimes.com,English,United States,2021-02-02 06:00:00+00:00,GME
https://www.afr.com/markets/equity-markets/retail-army-s-silver-trade-loses-shine-20210202-p56ymr,,Retail army silver trade loses shine,20210202T060000Z,https://static.ffx.io/images/$width_800%2C$height_450/t_crop_fill/e_sharpen:25%2Cq_85%2Cf_jpg/t_afr_no_label_no_age_social_wm/737bc3eecf675f1cef7c3c50c5f2f87f950dbf8e,afr.com,English,Australia,2021-02-02 06:00:00+00:00,GME
https://www.forbes.ru/finansy-i-investicii/419835-frankenshteyn-iz-interneta-kto-sozdal-forum-stavshiy-centrom-bunta,,"Франкенштейн из интернета : кто создал форум , ставший центром бунта трейдеров , и за что его изгнали оттуда",20210202T063000Z,https://cdn.forbes.ru/files/presets/900_566/story_images/gettyimages-10157016.jpg__1611920836__78442__vid850655e.jpg,forbes.ru,Russian,Russia,2021-02-02 06:30:00+00:00,GME
https://www.naturalnews.com/2021-02-01-media-diverts-attention-silver-amid-gamestop-rush.html,,Media diverts attention to silver amid GameStop rush,20210202T073000Z,https://www.naturalnews.com/wp-content/uploads/sites/91/2021/02/Coronavirus-Stock-Market-Alert-Phone-Crash.jpg,naturalnews.com,English,United States,2021-02-02 07:30:00+00:00,GME
https://www.wallstreet-online.de/nachricht/13437622-silversqueeze-party-laeuft-voelliger-wahnsinn-silber-aktien-explodieren-vizsla-resources-meldet-bohrung-10kg-silber-buy,https://www.wallstreet-online.de/_amp/nachricht/13437622-silversqueeze-party-laeuft-voelliger-wahnsinn-silber-aktien-explodieren-vizsla-resources-meldet-bohrung-10kg-silber-buy, # silversqueeze - PARTY LÄUFT : *** VÖLLIGER WAHNSINN *** SILBER - AKTIEN explodieren ! Vizsla Resources meldet Bohrung mit über 10kg Silber ! BUY,20210202T081500Z,https://assets.wallstreet-online.de/_media/237/2021/size_645/silver-goes-up.jpeg,wallstreet-online.de,German,Germany,2021-02-02 08:15:00+00:00,GME
https://www.express.co.uk/life-style/science-technology/1391979/GameStop-stock-Google-remove-Robinhood-Play-Store-reviews,https://www.express.co.uk/life-style/science-technology/1391979/GameStop-stock-Google-remove-Robinhood-Play-Store-reviews/amp,GameStop stock : why Google removed Robinhood Play Store reviews,20210202T091500Z,https://cdn.images.express.co.uk/img/dynamic/59/750x445/1391979.jpg,express.co.uk,English,United Kingdom,2021-02-02 09:15:00+00:00,GME
https://www.msn.com/en-us/money/markets/wrapup-1-gamestop-slides-silver-spree-stalls-as-retail-traders-run-out-of-road/ar-BB1djjw4,,"WRAPUP 1 - GameStop slides , silver spree stalls as retail traders run out of road",20210202T100000Z,,msn.com,English,United States,2021-02-02 10:00:00+00:00,GME
https://waco100.iheart.com/featured/zack-jim/content/2021-02-01-big-hearted-investor-pays-forward-gamestop-gains-to-sick-kids/,https://waco100.iheart.com/alternate/amp/2021-02-01-big-hearted-investor-pays-forward-gamestop-gains-to-sick-kids/,Big Hearted Investor Pays Forward GameStop Gains To Sick Kids | WACO - FM,20210202T100000Z,"https://i.iheart.com/v3/re/new_assets/60188afa90914a0781d7a1d5?ops=gravity(%22north%22),fit(740,416),quality(65)",waco100.iheart.com,English,United States,2021-02-02 10:00:00+00:00,GME
https://www.metro.us/gamestop-slides-silver-spree/,https://www.metro.us/gamestop-slides-silver-spree/amp/,"GameStop slides , silver spree stalls as retail traders run out of road",20210202T101500Z,https://www.metro.us/wp-content/uploads/Reuters_Direct_Media/USOnlineReportBusinessNews/tagreuters.com2021binary_LYNXMPEH110K6-BASEIMAGE.jpg,metro.us,English,United States,2021-02-02 10:15:00+00:00,GME
https://www.reuters.com/article/us-retail-trading/gamestop-slides-silver-spree-stalls-as-retail-traders-run-out-of-road-idUSKBN2A20ZS,https://mobile.reuters.com/article/amp/idUSKBN2A20ZS,"GameStop slides , silver spree stalls as retail traders run out of road",20210202T101500Z,https://static.reuters.com/resources/r/?m=02&d=20210202&t=2&i=1549967753&r=LYNXMPEH110K6,reuters.com,English,United States,2021-02-02 10:15:00+00:00,GME
https://isp.netscape.com/pf/story/0002/20210202/KBN2A20ZS_1,,"GameStop slides , silver spree stalls as retail traders run out of road",20210202T103000Z,,isp.netscape.com,English,United States,2021-02-02 10:30:00+00:00,GME
https://wtbx.com/2021/02/02/gamestop-slides-silver-spree-stalls-as-retail-traders-run-out-of-road/,,"GameStop slides , silver spree stalls as retail traders run out of road",20210202T103000Z,https://storage.googleapis.com/media.mwcradio.com/mimesis/2021-02/02/2021-02-02T094145Z_1_LYNXMPEH110K3_RTROPTP_3_RETAIL-TRADING.JPG,wtbx.com,English,United States,2021-02-02 10:30:00+00:00,GME
https://www.reuters.com/article/uk-retail-trading-idAFKBN2A210C,https://mobile.reuters.com/article/amp/idAFKBN2A210C,"GameStop slides , silver spree stalls as retail traders run out of road",20210202T104500Z,https://static.reuters.com/resources/r/?m=02&d=20210202&t=2&i=1549968702&r=LYNXMPEH110KJ,reuters.com,English,United States,2021-02-02 10:45:00+00:00,GME
https://www.thestar.com.my/news/world/2021/02/02/gamestop-slides-silver-spree-stalls-as-retail-traders-run-out-of-road,,"GameStop slides , silver spree stalls as retail traders run out of road",20210202T104500Z,https://apicms.thestar.com.my/uploads/images/2021/02/02/1030856.JPG,thestar.com.my,English,Malaysia,2021-02-02 10:45:00+00:00,GME
https://wdsm710.com/2021/02/02/gamestop-slides-silver-spree-stalls-as-retail-traders-run-out-of-road/,,"GameStop slides , silver spree stalls as retail traders run out of road",20210202T110000Z,https://storage.googleapis.com/media.mwcradio.com/mimesis/2021-02/02/2021-02-02T094145Z_1_LYNXMPEH110K3_RTROPTP_3_RETAIL-TRADING.JPG,wdsm710.com,English,United States,2021-02-02 11:00:00+00:00,GME
https://www.dailyrepublic.com/all-dr-news/wires/business/gamestop-investors-motives-take-a-yolo-bet-ruin-a-billionaires-life/,,GameStop investor motives : Take a YOLO bet .  Ruin a billionaire life . ,20210202T110000Z,https://www.dailyrepublic.com/files/2018/12/Graphics-Business-News.jpg,dailyrepublic.com,English,United States,2021-02-02 11:00:00+00:00,GME
https://www.theglobeandmail.com/investing/investment-ideas/article-gamestop-slides-silver-spree-stalls-as-retail-traders-run-out-of-road/,,"GameStop slides , silver spree stalls as retail traders run out of road",20210202T111500Z,https://www.theglobeandmail.com/resizer/1Opt2kPd2AYDCnI0u16rnGoEs1Q=/1200x0/filters:quality(80)/cloudfront-us-east-1.images.arcpublishing.com/tgam/7ARRSWHGYRMM7ADIAI3IIRSVEQ.JPG,theglobeandmail.com,English,Canada,2021-02-02 11:15:00+00:00,GME
https://www.theedgemarkets.com/article/gamestop-slides-silver-spree-stalls-retail-traders-run-out-road,,"GameStop slides , silver spree stalls as retail traders run out of road",20210202T111500Z,https://assets.theedgemarkets.com/gamestop-516546_reuters_0.jpg?BBHeUz5bXOxsl2f0UBHFwWnGKaRB54o4,theedgemarkets.com,English,Malaysia,2021-02-02 11:15:00+00:00,GME
https://www.fxstreet.com/news/nok-stock-price-and-news-nokia-oyj-falls-as-short-squeeze-momentum-fades-to-close-the-week-202102011101,https://www.fxstreet.com/amp/news/nok-stock-price-and-news-nokia-oyj-falls-as-short-squeeze-momentum-fades-to-close-the-week-202102011101,NOK Stock Price and News : Nokia Oyj stands out with a rise while other WSB stocks suffer,20210202T113000Z,https://editorial.fxstreet.com/images/Markets/Equities/DowJones/dow-jones-industrial-average-17339541_Large.jpg,fxstreet.com,English,China,2021-02-02 11:30:00+00:00,GME
https://www.themountainmail.com/news/business/article_81467440-6509-11eb-803d-43de81369c30.html,,Silver rises more than 10 % Monday,20210202T113000Z,,themountainmail.com,English,United States,2021-02-02 11:30:00+00:00,GME
https://www.reuters.com/article/businessNews/idUSKBN2A20ZS,https://mobile.reuters.com/article/amp/idUSKBN2A20ZS,"GameStop slides , silver spree stalls as retail traders run out of road",20210202T114500Z,https://static.reuters.com/resources/r/?m=02&d=20210202&t=2&i=1549971258&r=LYNXMPEH110K6,reuters.com,English,United States,2021-02-02 11:45:00+00:00,GME
https://www.investingdaily.com/61251/the-reddit-rebels-take-a-shine-to-silver/,,The Reddit Rebels Take a Shine to Silver - Investing Daily,20210202T114500Z,https://cdn1.investingdaily.com/uploads/2021/02/shutterstock_1905971365.jpg,investingdaily.com,English,United States,2021-02-02 11:45:00+00:00,GME
https://www.swissinfo.ch/eng/gamestop-slides--silver-spree-stalls-as-retail-traders-run-out-of-road/46337454,,"GameStop slides , silver spree stalls as retail traders run out of road",20210202T121500Z,https://www.swissinfo.ch/resource/image/46337456/landscape_ratio16x9/1920/1080/269d22df2aec92ebaf496676b424b43b/8D9529BEC847FD8B4920DFCDD8662A43/image_kbn2a210b.jpg,swissinfo.ch,English,Switzerland,2021-02-02 12:15:00+00:00,GME
https://www.cnet.com/personal-finance/robinhood-why-it-stopped-gamestop-trades-everything-else-you-should-know/,https://www.cnet.com/google-amp/news/robinhood-why-it-stopped-gamestop-trades-everything-else-you-should-know/,"Robinhood : Why it stopped GameStop trades , everything else you should know",20210202T123000Z,https://cnet4.cbsistatic.com/img/ekQ6FpiqIbjUbZK4eAdsXkGAuTE=/1200x630/2021/01/28/cf7307a2-e7b6-4453-80d7-e745dfd91cbd/robinhood-stock-trading-stocks-2-4.jpg,cnet.com,English,Japan,2021-02-02 12:30:00+00:00,GME
https://www.marketwatch.com/story/why-the-wallstreetbets-crowd-isnt-scaring-jpmorgan-or-goldman-away-from-stocks-11612267944,https://www.marketwatch.com/amp/story/why-the-wallstreetbets-crowd-isnt-scaring-jpmorgan-or-goldman-away-from-stocks-11612267944,Why the WallStreetBets crowd isnt scaring JPMorgan or Goldman away from stocks,20210202T123000Z,https://images.mktw.net/im-293498/social,marketwatch.com,English,United States,2021-02-02 12:30:00+00:00,GME
https://www.coinspeaker.com/gamestop-gme-reddit-silver/,https://www.coinspeaker.com/gamestop-gme-reddit-silver/amp/,"GameStop ( GME ) Stock Tanks 30 % on Monday , Reddit Army Shifts Focus to Silver",20210202T123000Z,,coinspeaker.com,English,United States,2021-02-02 12:30:00+00:00,GME
https://www.coinspeaker.com/dow-jones-sp-500-february-gains/,https://www.coinspeaker.com/dow-jones-sp-500-february-gains/amp/,"Dow Jones , S & P 500 Start February with Gains , Speculative Retail Trading Concerns Over ? ",20210202T123000Z,https://www.coinspeaker.com/wp-content/uploads/2021/02/wall-street-dow-jumps.jpg,coinspeaker.com,English,United States,2021-02-02 12:30:00+00:00,GME
https://www.fool.com/investing/2021/02/02/5-ultra-popular-stocks-avoid-like-plague-february/?source=iedfolrf0000001,https://www.fool.com/amp/investing/2021/02/02/5-ultra-popular-stocks-avoid-like-plague-february/,5 Ultra - Popular Stocks to Avoid Like the Plague in February,20210202T130000Z,https://g.foolcdn.com/editorial/images/610674/value-trap-mouse-trap-hand-with-money-getty.jpg,fool.com,English,United States,2021-02-02 13:00:00+00:00,GME
https://isp.netscape.com/pf/story/0002/20210202/KBN2A20ZS_3,,"GameStop slides , silver spree stalls as retail traders run out of road",20210202T133000Z,,isp.netscape.com,English,United States,2021-02-02 13:30:00+00:00,GME
https://www.marketscreener.com/quote/commodity/SILVER-16221/news/GameStop-slides-silver-spree-stalls-as-retail-traders-run-out-of-road-32333553/,https://www.marketscreener.com/amp/quote/commodity/SILVER-16221/news/GameStop-slides-silver-spree-stalls-as-retail-traders-run-out-of-road-32333553/,"GameStop slides , silver spree stalls as retail traders run out of road",20210202T133000Z,https://img.zonebourse.com/reuters/2021-02-02T095131Z_1_LYNXMPEH110KN_RTROPTP_3_RETAIL-TRADING-EUROPE.JPG,marketscreener.com,English,,2021-02-02 13:30:00+00:00,GME
https://www.investors.com/market-trend/stock-market-today/dow-jones-today-futures-rise-on-stimulus-covid-optimism-gamestop-dives-google-in-buy-range-earnings-due/,,"Dow Jones Today , Futures Rise On Stimulus , Covid Optimism ; GameStop Dives ; Google In Buy Range , Earnings Due",20210202T140000Z,https://www.investors.com/wp-content/uploads/2018/01/stock-alan-nyse-flag-2-adobe.jpg,investors.com,English,United States,2021-02-02 14:00:00+00:00,GME
https://www.thesundaily.my/world/reuters/wrapup-2-gamestop-slides-silver-spree-stalls-as-retail-traders-run-out-of-road-YD6467607,,"WRAPUP 2 - GameStop slides , silver spree stalls as retail traders run out of road",20210202T140000Z,https://www.thesundaily.my/news-portlet/img/ogimage_default.jpg,thesundaily.my,English,Malaysia,2021-02-02 14:00:00+00:00,GME
https://www.latimes.com/entertainment-arts/business/newsletter/2021-02-02/flywheel-media-company-the-wide-shot,,The Wide Shot : Why  flywheel  is Hollywood latest buzzword,20210202T143000Z,https://california-times-brightspot.s3.amazonaws.com/04/e1/7d6baddd4cd489a99992f70fd5e2/020221-wideshot-flywheelbuzzword.jpg,latimes.com,English,United States,2021-02-02 14:30:00+00:00,GME
https://thekat.iheart.com/featured/steve-gina-s-blog/content/2021-02-01-investor-pays-forward-gamestop-gains-to-sick-kids/,https://thekat.iheart.com/alternate/amp/2021-02-01-investor-pays-forward-gamestop-gains-to-sick-kids/,Investor Pays Forward GameStop Gains To Sick Kids | KAT 103 . 7FM,20210202T144500Z,"https://i.iheart.com/v3/re/assets.getty/60182ab28f5170b85d2ddd7e?ops=gravity(%22north%22),fit(740,416),quality(65)",thekat.iheart.com,English,United States,2021-02-02 14:45:00+00:00,GME
https://www.gobankingrates.com/investing/strategy/gamestop-sell-hodl-experts-say/,https://www.gobankingrates.com/investing/strategy/gamestop-sell-hodl-experts-say/amp/,GameStop – Time to Sell ? What the Experts Say,20210202T144500Z,https://cdn.gobankingrates.com/wp-content/uploads/2016/11/6-GameStop-Emilio100-shutterstock_289140854-2-1024x576.jpg,gobankingrates.com,English,United States,2021-02-02 14:45:00+00:00,GME
https://www.msn.com/en-us/money/markets/robinhoods-future-is-toast-says-wolf-of-wall-street-jordan-belfort/ar-BB1dk0z7,,"Robinhood future is  toast , says  Wolf of Wall Street  Jordan Belfort",20210202T150000Z,,msn.com,English,United States,2021-02-02 15:00:00+00:00,GME
https://www.channelnewsasia.com/news/business/gamestop-slides--silver-spree-stalls-as-retail-traders-run-out-of-road-14095440,,"GameStop slides , silver spree stalls as retail traders run out of road",20210202T151500Z,"https://cna-sg-res.cloudinary.com/image/upload/q_auto,f_auto/image/14095438/16x9/991/557/15d22bcc72539c76f1a148ce8c742435/dA/file-photo--a-gamestop-store-is-seen-in-new-york-2.jpg",channelnewsasia.com,English,United States,2021-02-02 15:15:00+00:00,GME
https://www.reuters.com/article/retail-trading/wrapup-4-gamestop-slides-silver-spree-stalls-as-retail-traders-run-out-of-road-idUSL4N2K81PJ,https://mobile.reuters.com/article/amp/idUSKBN2A20ZS,"GameStop slides , silver spree stalls as retail traders run out of road",20210202T153000Z,https://static.reuters.com/resources/r/?m=02&d=20210202&t=2&i=1550001726&r=LYNXMPEH110K6,reuters.com,English,United States,2021-02-02 15:30:00+00:00,GME
http://www.proactiveinvestors.com/companies/news/939949/ftse-100-closes-ahead-as-reddit-investors-set-sights-on-silver-939949.html,https://www.proactiveinvestors.com/companies/amp/news/939949,FTSE 100 enjoys solid day,20210202T153000Z,https://www.proactiveinvestors.com/thumbs/upload/News/Image/2021_02/1200z630_1612195797_financial-trading-floor-IG-group.jpg,proactiveinvestors.com,English,United States,2021-02-02 15:30:00+00:00,GME
https://www.cincinnati.com/story/money/markets/2021/02/02/gamestop-stock-reddit-wallstreetbets-users-discuss-gme-short-squeeze/4310623001/,https://amp.cincinnati.com/amp/4310623001,GameStop stock : Reddit WallStreetBets users discuss GME short squeeze,20210202T154500Z,"https://www.gannett-cdn.com/presto/2021/01/31/USAT/1f396ce0-ee3c-4081-8d44-14c85957dc0c-P1430586.jpeg?crop=4591,2583,x0,y517&fit=bounds",cincinnati.com,English,United States,2021-02-02 15:45:00+00:00,GME
https://www.fool.com/investing/2021/02/02/how-short-squeeze-catapulted-crushed-gamestop/?source=iedfolrf0000001,https://www.fool.com/amp/investing/2021/02/02/how-short-squeeze-catapulted-crushed-gamestop/,"How a Short Squeeze Catapulted , Then Crushed , Then Again Catapulted GameStop",20210202T154500Z,https://g.foolcdn.com/editorial/images/610675/rising-falling-chart.jpg,fool.com,English,United States,2021-02-02 15:45:00+00:00,GME
https://www.reuters.com/article/us-retail-trading-idUSKBN2A20ZS,https://mobile.reuters.com/article/amp/idUSKBN2A20ZS,"GameStop slides , silver spree stalls as retail traders run out of road",20210202T154500Z,https://static.reuters.com/resources/r/?m=02&d=20210202&t=2&i=1550001726&r=LYNXMPEH110K6,reuters.com,English,United States,2021-02-02 15:45:00+00:00,GME
https://www.benzinga.com/topic/mrbeast,,MrBeast | Benzinga,20210202T154500Z,,benzinga.com,English,United States,2021-02-02 15:45:00+00:00,GME
https://www.investing.com/news/stock-market-news/gamestop-slides-silver-spree-stalls-as-retail-traders-run-out-of-road-2406154,https://m.investing.com/news/stock-market-news/gamestop-slides-silver-spree-stalls-as-retail-traders-run-out-of-road-2406154?ampMode=1,"GameStop slides , silver spree stalls as retail traders run out of road By Reuters",20210202T154500Z,https://i-invdn-com.akamaized.net/trkd-images/LYNXMPEH110K3_M.jpg,investing.com,English,United States,2021-02-02 15:45:00+00:00,GME
https://gulfnews.com/special-reports/mystery-surrounding-robinhood-app-and-gamestop-price-spike-now-unravelled-1.1612267566233,https://gulfnews.com/amp/special-reports/mystery-surrounding-robinhood-app-and-gamestop-price-spike-now-unravelled-1.1612267566233,Mystery surrounding Robinhood app and GameStop price spike : Now unravelled ? ,20210202T154500Z,https://imagevars.gulfnews.com/2021/02/02/From-Left--Ryan-Cohen--founder-and-ex-CEO-of-e-commerce-company-Chewy--Robinhood-founders-Baiju-Bhat-and-Vladimir-Tenev-and-Ken-Griffin--CEO-of-Citadel-Capital--a-hedge-fund._177634cfb12_medium.jpg,gulfnews.com,English,United Arab Emirates,2021-02-02 15:45:00+00:00,GME
https://www.morningstar.com/articles/1020165/there-are-no-stock-market-heroes,,There Are No Stock Market Heroes,20210202T161500Z,,morningstar.com,English,China,2021-02-02 16:15:00+00:00,GME
https://www.mitchellrepublic.com/news/nation/6867795-GameStop-slides-silver-spree-stalls-as-retail-traders-run-out-of-road,,"GameStop slides , silver spree stalls as retail traders run out of road",20210202T161500Z,https://www.fccnn.com/incoming/6867802-uhse3l-2021-02-02T110022Z_628166822_RC2BKL9GXBZP_RTRMADP_3_RETAIL-TRADING-FUNDS-REGULATION.JPG/alternates/BASE_LANDSCAPE/2021-02-02T110022Z_628166822_RC2BKL9GXBZP_RTRMADP_3_RETAIL-TRADING-FUNDS-REGULATION.JPG,mitchellrepublic.com,English,United States,2021-02-02 16:15:00+00:00,GME
https://www.jamestownsun.com/news/nation/6867795-GameStop-slides-silver-spree-stalls-as-retail-traders-run-out-of-road,,"GameStop slides , silver spree stalls as retail traders run out of road",20210202T163000Z,https://www.fccnn.com/incoming/6867802-uhse3l-2021-02-02T110022Z_628166822_RC2BKL9GXBZP_RTRMADP_3_RETAIL-TRADING-FUNDS-REGULATION.JPG/alternates/BASE_LANDSCAPE/2021-02-02T110022Z_628166822_RC2BKL9GXBZP_RTRMADP_3_RETAIL-TRADING-FUNDS-REGULATION.JPG,jamestownsun.com,English,United States,2021-02-02 16:30:00+00:00,GME
https://isp.netscape.com/pf/story/0002/20210202/KBN2A20ZS_5,,"GameStop slides , silver spree stalls as retail traders run out of road",20210202T163000Z,,isp.netscape.com,English,United States,2021-02-02 16:30:00+00:00,GME
https://www.reuters.com/article/us-retail-trading/game-over-for-the-reddit-rally-hot-stocks-cool-quickly-idUSKBN2A20ZS,https://mobile.reuters.com/article/amp/idUSKBN2A20ZS,"GameStop slides , silver spree stalls as retail traders run out of road",20210202T163000Z,https://static.reuters.com/resources/r/?m=02&d=20210202&t=2&i=1550001726&r=LYNXMPEH110K6,reuters.com,English,United States,2021-02-02 16:30:00+00:00,GME
https://dailyreckoning.com/even-worse-than-a-bubble/,,Even Worse Than a Bubble - The Daily Reckoning,20210202T164500Z,,dailyreckoning.com,English,United States,2021-02-02 16:45:00+00:00,GME
https://www.benzinga.com/news/21/02/19446057/6-highlights-from-mark-cubans-reddit-ama-gamestop-robinhood-wsb-and-much-more,https://amp.benzinga.com/amp/content/19446057,"Gamestop Corporation ( NYSE : GME ), Herbalife LTD . ( NYSE : HLF ) - 6 Highlights From Mark Cuban Reddit AMA : GameStop , Robinhood , WSB And Much More",20210202T164500Z,,benzinga.com,English,United States,2021-02-02 16:45:00+00:00,GME
https://www.moneysense.ca/save/investing/making-sense-of-the-markets-this-week-february-1-2021/,,"Making sense of the markets this week : February 1 , 2021",20210202T164500Z,https://www.moneysense.ca/wp-content/uploads/2021/01/reddit-stock-short-squeeze-scaled.jpg,moneysense.ca,English,Canada,2021-02-02 16:45:00+00:00,GME
https://www.grandforksherald.com/news/nation/6867795-GameStop-slides-silver-spree-stalls-as-retail-traders-run-out-of-road,,"GameStop slides , silver spree stalls as retail traders run out of road",20210202T170000Z,https://www.fccnn.com/incoming/6867802-uhse3l-2021-02-02T110022Z_628166822_RC2BKL9GXBZP_RTRMADP_3_RETAIL-TRADING-FUNDS-REGULATION.JPG/alternates/BASE_LANDSCAPE/2021-02-02T110022Z_628166822_RC2BKL9GXBZP_RTRMADP_3_RETAIL-TRADING-FUNDS-REGULATION.JPG,grandforksherald.com,English,United States,2021-02-02 17:00:00+00:00,GME
http://www.proactiveinvestors.co.uk/companies/news/940183/gamestop-stock-halves-again-but-billionaire-mark-cuban-calls-for-diamond-hands-940183.html,https://www.proactiveinvestors.co.uk/companies/amp/news/940183,GameStop Corp stock halves but billionaire Mark Cuban calls for diamond hands,20210202T170000Z,https://www.proactiveinvestors.co.uk/thumbs/upload/News/Image/2021_02/1200z630_1612280570_2021-02-02-15-42-50_4e52df9b9196f43c611a0cff9e67b2b0.jpg,proactiveinvestors.co.uk,English,United Kingdom,2021-02-02 17:00:00+00:00,GME
https://www.fool.com/investing/2021/02/02/even-before-wallstreetbets-shorting-gamestop-didnt/,https://www.fool.com/amp/investing/2021/02/02/even-before-wallstreetbets-shorting-gamestop-didnt/,"Even Before WallStreetBets , Shorting GameStop Didnt Make Sense",20210202T171500Z,https://g.foolcdn.com/editorial/images/610529/cover_mf.jpg,fool.com,English,United States,2021-02-02 17:15:00+00:00,GME
https://www.wctrib.com/news/nation/6867795-GameStop-slides-silver-spree-stalls-as-retail-traders-run-out-of-road,,"GameStop slides , silver spree stalls as retail traders run out of road",20210202T171500Z,https://www.fccnn.com/incoming/6867802-uhse3l-2021-02-02T110022Z_628166822_RC2BKL9GXBZP_RTRMADP_3_RETAIL-TRADING-FUNDS-REGULATION.JPG/alternates/BASE_LANDSCAPE/2021-02-02T110022Z_628166822_RC2BKL9GXBZP_RTRMADP_3_RETAIL-TRADING-FUNDS-REGULATION.JPG,wctrib.com,English,United States,2021-02-02 17:15:00+00:00,GME
https://www.postbulletin.com/news/nation/6867795-GameStop-slides-silver-spree-stalls-as-retail-traders-run-out-of-road,,"GameStop slides , silver spree stalls as retail traders run out of road",20210202T171500Z,https://www.fccnn.com/incoming/6867802-uhse3l-2021-02-02T110022Z_628166822_RC2BKL9GXBZP_RTRMADP_3_RETAIL-TRADING-FUNDS-REGULATION.JPG/alternates/BASE_LANDSCAPE/2021-02-02T110022Z_628166822_RC2BKL9GXBZP_RTRMADP_3_RETAIL-TRADING-FUNDS-REGULATION.JPG,postbulletin.com,English,United States,2021-02-02 17:15:00+00:00,GME
https://www.channel3000.com/i/how-a-short-squeeze-catapulted-then-crushed-then-again-catapulted-gamestop/,,"How a Short Squeeze Catapulted , Then Crushed , Then Again Catapulted GameStop",20210202T171500Z,https://wpcdn.us-east-1.vip.tn-cloud.net/www.channel3000.com/content/uploads/2021/02/60197ef2ed8b4.image_.jpg,channel3000.com,English,United States,2021-02-02 17:15:00+00:00,GME
https://www.europapress.es/economia/finanzas-00340/noticia-gamestop-hunde-80-maximos-desinflarse-impulso-foros-reddit-20210202180224.html,https://amp.europapress.es/economia/finanzas-00340/noticia-gamestop-hunde-80-maximos-desinflarse-impulso-foros-reddit-20210202180224.html,GameStop se hunde un 80 % desde máximos al desinflarse el impulso desde foros de Reddit,20210202T173000Z,https://img.europapress.es/fotoweb/fotonoticia_20210202180224_1024.jpg,europapress.es,Spanish,Spain,2021-02-02 17:30:00+00:00,GME
https://www.theepochtimes.com/gamestop-stock-drops-reddit-users-and-mark-cuban-urge-others-to-buy-and-hold_3681841.html,https://www.theepochtimes.com/gamestop-stock-drops-reddit-users-and-mark-cuban-urge-others-to-buy-and-hold_3681841.html/amp,GameStop Stock Drops Then Increases After Robinhood Lifts Restrictions,20210202T173000Z,https://img.theepochtimes.com/assets/uploads/2021/01/31/AP21027509559258-web-1200x800.jpg,theepochtimes.com,English,United States,2021-02-02 17:30:00+00:00,GME
https://www.fool.com/investing/2021/02/02/even-before-wallstreetbets-shorting-gamestop-didnt/?source=iedfolrf0000001,https://www.fool.com/amp/investing/2021/02/02/even-before-wallstreetbets-shorting-gamestop-didnt/,"Even Before WallStreetBets , Shorting GameStop Didnt Make Sense",20210202T173000Z,https://g.foolcdn.com/editorial/images/610529/cover_mf.jpg,fool.com,English,United States,2021-02-02 17:30:00+00:00,GME
https://www.marketwatch.com/articles/elon-musk-is-off-twitter-no-one-knows-why-51612284332,,Elon Musk Is Off Twitter . No One Knows Why . ,20210202T173000Z,https://images.barrons.com/im-293624/social,marketwatch.com,English,United States,2021-02-02 17:30:00+00:00,GME
https://www.duluthnewstribune.com/news/nation/6867795-GameStop-slides-silver-spree-stalls-as-retail-traders-run-out-of-road,,"GameStop slides , silver spree stalls as retail traders run out of road",20210202T173000Z,https://www.fccnn.com/incoming/6867802-uhse3l-2021-02-02T110022Z_628166822_RC2BKL9GXBZP_RTRMADP_3_RETAIL-TRADING-FUNDS-REGULATION.JPG/alternates/BASE_LANDSCAPE/2021-02-02T110022Z_628166822_RC2BKL9GXBZP_RTRMADP_3_RETAIL-TRADING-FUNDS-REGULATION.JPG,duluthnewstribune.com,English,United States,2021-02-02 17:30:00+00:00,GME
https://www.proactiveinvestors.com/companies/news/940183/gamestop-stock-halves-again-but-billionaire-mark-cuban-calls-for-diamond-hands-940183.html,https://www.proactiveinvestors.com/companies/amp/news/940183,GameStop Corp stock halves but billionaire Mark Cuban calls for diamond hands,20210202T173000Z,https://www.proactiveinvestors.com/thumbs/upload/News/Image/2021_02/1200z630_1612280570_2021-02-02-15-42-50_4e52df9b9196f43c611a0cff9e67b2b0.jpg,proactiveinvestors.com,English,United States,2021-02-02 17:30:00+00:00,GME
https://www.ksl.com/article/50099327/game-over-for-the-reddit-rally-hot-stocks-cool-quickly,,Game over for the Reddit rally ? Hot stocks cool quickly,20210202T174500Z,https://img.ksl.com/slc/2809/280986/28098614.JPG?filter=ksl/responsive_story_lg,ksl.com,English,United States,2021-02-02 17:45:00+00:00,GME
https://www.reuters.com/article/us-retail-trading/gamestop-shares-halve-spelling-possible-end-to-manic-reddit-rally-idUSKBN2A20ZS,https://mobile.reuters.com/article/amp/idUSKBN2A20ZS,Game over for the Reddit rally ? Hot stocks cool quickly,20210202T180000Z,https://static.reuters.com/resources/r/?m=02&d=20210202&t=2&i=1550001726&r=LYNXMPEH110K6,reuters.com,English,United States,2021-02-02 18:00:00+00:00,GME
https://news.yahoo.com/silver-sinks-investor-frenzy-cools-114450938.html,https://news.yahoo.com/amphtml/silver-sinks-investor-frenzy-cools-114450938.html,Silver Sinks as Investor Frenzy Cools After Reddit Backlash,20210202T181500Z,https://s.yimg.com/uu/api/res/1.2/JYozuVoGfDNBlqUSTNTPHg--~B/aD02NzU7dz0xMjAwO2FwcGlkPXl0YWNoeW9u/https://media.zenfs.com/en/bloomberg_markets_842/b2857c07e4698880fef7678e2d499de2,news.yahoo.com,English,United States,2021-02-02 18:15:00+00:00,GME
https://www.tennessean.com/story/money/markets/2021/02/02/gamestop-stock-reddit-wallstreetbets-users-discuss-gme-short-squeeze/4310623001/,https://amp.tennessean.com/amp/4310623001,GameStop stock : Reddit WallStreetBets users discuss GME short squeeze,20210202T181500Z,"https://www.gannett-cdn.com/presto/2021/01/31/USAT/1f396ce0-ee3c-4081-8d44-14c85957dc0c-P1430586.jpeg?crop=4591,2583,x0,y517&fit=bounds",tennessean.com,English,United States,2021-02-02 18:15:00+00:00,GME
https://www.marketwatch.com/articles/gamestops-short-sellers-are-fleeing-bulls-may-want-them-back-51612287815,,GameStop Short Sellers Are Fleeing . Bulls May Want Them Back . ,20210202T181500Z,https://images.barrons.com/im-293632/social,marketwatch.com,English,United States,2021-02-02 18:15:00+00:00,GME
https://www.metro.us/gamestop-shares-halve-spelling/,https://www.metro.us/gamestop-shares-halve-spelling/amp/,"GameStop shares halve , spelling possible end to manic Reddit rally",20210202T183000Z,https://www.metro.us/wp-content/uploads/Reuters_Direct_Media/USOnlineReportBusinessNews/tagreuters.com2021binary_LYNXMPEH110K6-BASEIMAGE.jpg,metro.us,English,United States,2021-02-02 18:30:00+00:00,GME
https://www.investors.com/market-trend/stock-market-today/dow-jones-surges-joe-biden-barters-republicans-coronavirus-stimulus-gamestop-stock-plunges-tesla-stock/,,"Dow Jones Surges After Biden Barters With GOP On Stimulus ; GameStop , Reddit Stocks Plunge",20210202T183000Z,https://www.investors.com/wp-content/uploads/2021/01/Stock-biden-08-shutt.jpg,investors.com,English,United States,2021-02-02 18:30:00+00:00,GME
https://www.investors.com/news/gamestop-stock-amc-reddit-stocks-unravel/,,"GameStop Stock , AMC , Other Reddit Plays Continue To Plunge",20210202T183000Z,https://www.investors.com/wp-content/uploads/2021/02/Stock-AMC-03-adobe.jpg,investors.com,English,United States,2021-02-02 18:30:00+00:00,GME
https://www.theage.com.au/business/markets/gamestop-shares-tumble-spelling-possible-end-to-manic-reddit-rally-20210203-p56yy4.html,https://amp.theage.com.au/business/markets/gamestop-shares-tumble-spelling-possible-end-to-manic-reddit-rally-20210203-p56yy4.html,"GameStop shares tumble , spelling possible end to manic Reddit rally",20210202T184500Z,https://static.ffx.io/images/$zoom_0.1832%2C$multiply_0.7554%2C$ratio_1.777778%2C$width_1059%2C$x_0%2C$y_13/t_crop_custom/q_86%2Cf_auto/t_theage_no_label_no_age_social_wm/9ec6258559ad5902b37d984a1b2265aa5e0e492d,theage.com.au,English,Australia,2021-02-02 18:45:00+00:00,GME
https://www.thestreet.com/investing/stock-market-today-with-jim-cramer-uber-gamestop-short-selling,https://www.thestreet.com/.amp/investing/stock-market-today-with-jim-cramer-uber-gamestop-short-selling,Stock Market Today With Jim Cramer : Buy Uber,20210202T184500Z,,thestreet.com,English,United States,2021-02-02 18:45:00+00:00,GME
https://www.news8000.com/i/how-a-short-squeeze-catapulted-then-crushed-then-again-catapulted-gamestop/,,"How a Short Squeeze Catapulted , Then Crushed , Then Again Catapulted GameStop",20210202T184500Z,https://wpcdn.us-east-1.vip.tn-cloud.net/www.news8000.com/content/uploads/2021/02/60197ef2ed8b4.image_.jpg,news8000.com,English,United States,2021-02-02 18:45:00+00:00,GME
https://www.smh.com.au/business/markets/gamestop-shares-tumble-spelling-possible-end-to-manic-reddit-rally-20210203-p56yy4.html,https://amp.smh.com.au/business/markets/gamestop-shares-tumble-spelling-possible-end-to-manic-reddit-rally-20210203-p56yy4.html,"GameStop shares tumble , spelling possible end to manic Reddit rally",20210202T184500Z,https://static.ffx.io/images/$zoom_0.1832%2C$multiply_0.7554%2C$ratio_1.777778%2C$width_1059%2C$x_0%2C$y_13/t_crop_custom/q_86%2Cf_auto/t_smh_no_label_no_age_social_wm/9ec6258559ad5902b37d984a1b2265aa5e0e492d,smh.com.au,English,Australia,2021-02-02 18:45:00+00:00,GME
https://www.benzinga.com/analyst-ratings/analyst-color/21/02/19428132/why-short-sellers-help-keep-the-stock-market-in-check-pricing-mechanism-is-broken-w,https://amp.benzinga.com/amp/content/19428132," ( AMC ), Gamestop Corporation ( NYSE : GME ) - Why Short Sellers Help Keep The Stock Market In Check :  Pricing Mechanism Is Broken  Without Them",20210202T184500Z,,benzinga.com,English,United States,2021-02-02 18:45:00+00:00,GME
https://www.moneycontrol.com/news/business/game-over-for-the-reddit-rally-hot-stocks-cool-quickly-6437811.html,https://www.moneycontrol.com/news/business/game-over-for-the-reddit-rally-hot-stocks-cool-quickly-6437811.html/amp,Game Over For The Reddit Rally ? Hot Stocks Cool Quickly,20210202T184500Z,https://images.moneycontrol.com/static-mcnews/2021/02/GS_Reuters-770x433.jpg,moneycontrol.com,English,India,2021-02-02 18:45:00+00:00,GME
https://isp.netscape.com/pf/story/0002/20210202/KBN2A20ZS_8,,"GameStop shares halve , spelling possible end to manic Reddit rally",20210202T190000Z,,isp.netscape.com,English,United States,2021-02-02 19:00:00+00:00,GME
https://www.elmundo.es/economia/empresas/2021/02/02/60198da8fc6c83cd728b4787.html,https://amp.elmundo.es/economia/empresas/2021/02/02/60198da8fc6c83cd728b4787.html,La burbuja de GameStop empieza a bajar : se hunde un 80 % al desinflarse el impulso desde Reddit,20210202T191500Z,https://phantom-elmundo.unidadeditorial.es/dd608ba522e8e74bf551d90678596795/resize/1200/f/webp/assets/multimedia/imagenes/2021/02/02/16122873279464.jpg,elmundo.es,Spanish,Spain,2021-02-02 19:15:00+00:00,GME
https://omaha.com/business/investment/personal-finance/how-a-short-squeeze-catapulted-then-crushed-then-again-catapulted-gamestop/article_14ff7141-06d1-5922-ad7b-022000faa172.html,https://omaha.com/business/investment/personal-finance/how-a-short-squeeze-catapulted-then-crushed-then-again-catapulted-gamestop/article_14ff7141-06d1-5922-ad7b-022000faa172.amp.html,"How a Short Squeeze Catapulted , Then Crushed , Then Again Catapulted GameStop",20210202T191500Z,https://bloximages.newyork1.vip.townnews.com/omaha.com/content/tncms/assets/v3/editorial/2/0e/20e4fce2-0b19-55ad-9901-af4184e2ac47/601982af498a7.image.jpg?crop=700%2C394%2C0%2C45,omaha.com,English,United States,2021-02-02 19:15:00+00:00,GME
https://www.reuters.com/article/BigStory12/idUSKBN2A20ZS,https://mobile.reuters.com/article/amp/idUSKBN2A20ZS,"GameStop shares halve , spelling possible end to manic Reddit rally",20210202T191500Z,https://static.reuters.com/resources/r/?m=02&d=20210202&t=2&i=1550034012&r=LYNXMPEH110K6,reuters.com,English,United States,2021-02-02 19:15:00+00:00,GME
https://www.republica.com/2021/02/02/gamestop-se-hunde-un-80-desde-maximos-al-desinflarse-el-impulso-desde-foros-de-reddit/,https://www.republica.com/2021/02/02/gamestop-se-hunde-un-80-desde-maximos-al-desinflarse-el-impulso-desde-foros-de-reddit/amp/,GameStop se hunde un 80 % desde máximos al desinflarse el impulso desde foros de Reddit,20210202T191500Z,https://www.republica.com/wp-content/uploads/2021/02/GameStop.jpg,republica.com,Spanish,Spain,2021-02-02 19:15:00+00:00,GME
https://www.msn.com/en-us/money/markets/silver-s-selloff-accelerates-with-reddit-frenzy-unraveling/ar-BB1djw08,,Silver Selloff Accelerates With Reddit Frenzy Unraveling,20210202T191500Z,,msn.com,English,United States,2021-02-02 19:15:00+00:00,GME
https://www.dailymail.co.uk/news/article-9215649/Robinhood-relaxes-buying-restrictions-plunging-GameStop-shares.html,https://www.dailymail.co.uk/news/article-9215649/amp/Robinhood-relaxes-buying-restrictions-plunging-GameStop-shares.html,Robinhood relaxes buying restrictions on plunging GameStop shares,20210202T194500Z,https://i.dailymail.co.uk/1s/2021/02/02/19/38795648-0-image-a-12_1612292508881.jpg,dailymail.co.uk,English,United Kingdom,2021-02-02 19:45:00+00:00,GME
"http://english.ahram.org.eg/NewsContent/3/14/402246/Business/Markets--Companies/GameStop-shares-halve,-spelling-possible-end-to-ma.aspx",,"GameStop shares halve , spelling possible end to manic Reddit rally - Markets & Companies - Business",20210202T200000Z,http://english.ahram.org.eg/Media/News/2021/2/2/2021-637478986864200242-420.jpg,english.ahram.org.eg,English,Egypt,2021-02-02 20:00:00+00:00,GME
http://www.proactiveinvestors.com/companies/news/940183/gamestop-stock-halves-again-but-billionaire-mark-cuban-calls-for-diamond-hands-940183.html,https://www.proactiveinvestors.com/companies/amp/news/940183,GameStop Corp stock halves but billionaire Mark Cuban calls for diamond hands,20210202T200000Z,https://www.proactiveinvestors.com/thumbs/upload/News/Image/2021_02/1200z630_1612280570_2021-02-02-15-42-50_4e52df9b9196f43c611a0cff9e67b2b0.jpg,proactiveinvestors.com,English,United States,2021-02-02 20:00:00+00:00,GME
https://invezz.com/news/2021/02/02/sndl-best-places-to-buy/,https://invezz.com/news/2021/02/02/sndl-best-places-to-buy/?amp,Best places to buy SNDL : the latest WallStreetBets play,20210202T201500Z,https://invezz.com/wp-content/uploads/2021/02/48837302-m-1024x683.jpg,invezz.com,English,United Kingdom,2021-02-02 20:15:00+00:00,GME
https://www.reuters.com/article/us-retail-trading/selling-overwhelms-gamestop-and-other-reddit-favored-stocks-idUSKBN2A20ZS,https://mobile.reuters.com/article/amp/idUSKBN2A20ZS,"GameStop shares halve , spelling possible end to manic Reddit rally",20210202T201500Z,https://static.reuters.com/resources/r/?m=02&d=20210202&t=2&i=1550034012&r=LYNXMPEH110K6,reuters.com,English,United States,2021-02-02 20:15:00+00:00,GME
https://www.delawareonline.com/story/money/markets/2021/02/02/gamestop-stock-reddit-wallstreetbets-users-discuss-gme-short-squeeze/4310623001/,https://amp.delawareonline.com/amp/4310623001,GameStop stock : Reddit WallStreetBets users discuss GME short squeeze,20210202T201500Z,"https://www.gannett-cdn.com/presto/2021/01/31/USAT/1f396ce0-ee3c-4081-8d44-14c85957dc0c-P1430586.jpeg?crop=4591,2583,x0,y517&fit=bounds",delawareonline.com,English,United States,2021-02-02 20:15:00+00:00,GME
https://www.brisbanetimes.com.au/business/markets/gamestop-shares-tumble-spelling-possible-end-to-manic-reddit-rally-20210203-p56yy4.html,https://amp.brisbanetimes.com.au/business/markets/gamestop-shares-tumble-spelling-possible-end-to-manic-reddit-rally-20210203-p56yy4.html,"GameStop shares tumble , spelling possible end to manic Reddit rally",20210202T203000Z,https://static.ffx.io/images/$zoom_0.1832%2C$multiply_0.7554%2C$ratio_1.777778%2C$width_1059%2C$x_0%2C$y_13/t_crop_custom/q_86%2Cf_auto/t_brisbanetimes_no_label_no_age_social_wm/9ec6258559ad5902b37d984a1b2265aa5e0e492d,brisbanetimes.com.au,English,Australia,2021-02-02 20:30:00+00:00,GME
https://www.investmentwatchblog.com/rickards-this-insanity-is-one-more-sign-of-a-dangerous-market-top/,,Rickards : This insanity is one more sign of a dangerous market top – Investment Watch,20210202T203000Z,,investmentwatchblog.com,English,United States,2021-02-02 20:30:00+00:00,GME
https://www.investmentwatchblog.com/media-diverts-attention-to-silver-amid-gamestop-rush/,,Media diverts attention to silver amid GameStop rush – Investment Watch,20210202T203000Z,,investmentwatchblog.com,English,United States,2021-02-02 20:30:00+00:00,GME
https://www.marketwatch.com/articles/why-the-silver-trade-shouldnt-be-lumped-in-with-gamestop-amc-51612298946,,Why the Silver Trade Shouldnt Be Lumped In With GameStop Stock and AMC,20210202T211500Z,https://images.barrons.com/im-293805/social,marketwatch.com,English,United States,2021-02-02 21:15:00+00:00,GME
https://www.swissinfo.ch/eng/reuters/gamestop-shares-halve--spelling-possible-end-to-manic-reddit-rally/46337454,,"GameStop shares halve , spelling possible end to manic Reddit rally",20210202T211500Z,https://www.swissinfo.ch/resource/image/46337456/landscape_ratio16x9/1920/1080/269d22df2aec92ebaf496676b424b43b/8D9529BEC847FD8B4920DFCDD8662A43/image_kbn2a210b.jpg,swissinfo.ch,English,Switzerland,2021-02-02 21:15:00+00:00,GME
https://www.marketwatch.com/articles/how-one-etf-took-silver-on-a-roller-coaster-ride-51612299071,,How One ETF Took Silver on a Roller - Coaster Ride,20210202T211500Z,https://images.barrons.com/im-264463/social,marketwatch.com,English,United States,2021-02-02 21:15:00+00:00,GME
https://www.zerohedge.com/markets/billionaire-mark-cuban-telling-gamestop-owners-hodl,,"Hold  If You Can Afford To , Billionaire Mark Cuban Tells GameStop Shareholders",20210202T213000Z,https://zh-prod-1cc738ca-7d3b-4a72-b792-20bd8d8fa069.storage.googleapis.com/s3fs-public/styles/16_9_max_700/public/2021-02/suban.jpg?itok=OEd3ldiX,zerohedge.com,English,United States,2021-02-02 21:30:00+00:00,GME
https://www.fool.com/investing/2021/02/02/how-short-squeeze-catapulted-crushed-gamestop/,https://www.fool.com/amp/investing/2021/02/02/how-short-squeeze-catapulted-crushed-gamestop/,"How a Short Squeeze Catapulted , Then Crushed , Then Again Catapulted GameStop",20210202T213000Z,https://g.foolcdn.com/editorial/images/610675/rising-falling-chart.jpg,fool.com,English,United States,2021-02-02 21:30:00+00:00,GME
https://www.naturalnews.com/2021-02-02-redditarmy-to-create-epic-silver-short-squeeze.html,,Is  the Reddit army  on the verge of creating the most epic silver short squeeze In U . S . history ? ,20210202T214500Z,https://www.naturalnews.com/wp-content/uploads/sites/91/2021/02/Silver-Bars-Money-Wealth-1.jpg,naturalnews.com,English,United States,2021-02-02 21:45:00+00:00,GME
https://www.oann.com/game-over-for-the-reddit-rally-hot-stocks-cool-quickly/,,"GameStop shares halve , spelling possible end to manic Reddit rally",20210202T220000Z,,oann.com,English,United States,2021-02-02 22:00:00+00:00,GME
https://www.wealthdaily.com/articles/3-ipos-to-keep-an-eye-out-for/98303,https://www.wealthdaily.com/amp/articles/3-ipos-to-keep-an-eye-out-for/98303,3 IPOs To Keep an Eye Out for,20210202T221500Z,https://assets.angelpub.com/images/2019/51/wd-site-crystal-ball-59725.jpg,wealthdaily.com,English,United States,2021-02-02 22:15:00+00:00,GME
https://www.nbcphiladelphia.com/news/business/money-report/reddit-user-who-helped-inspire-gamestop-mania-says-he-lost-13-million-on-tuesday-but-is-still-holding-on/2688907/,https://www.nbcphiladelphia.com/news/business/money-report/reddit-user-who-helped-inspire-gamestop-mania-says-he-lost-13-million-on-tuesday-but-is-still-holding-on/2688907/?amp,"Reddit User Who Helped Inspire GameStop Mania Says He Lost $13 Million on Tuesday , But Is Still Holding on",20210202T234500Z,https://media.nbcphiladelphia.com/2021/02/106832247-1611922164927-gettyimages-1230843148-AFP_8ZQ9N8.jpeg,nbcphiladelphia.com,English,United States,2021-02-02 23:45:00+00:00,GME
https://techxplore.com/news/2021-02-reddit-group-founded-high-wall.html,https://techxplore.com/news/2021-02-reddit-group-founded-high-wall.amp,Reddit group founded on  high risk  returns hits Wall Street with GameStop effort,20210203T000000Z,https://scx2.b-cdn.net/gfx/news/hires/2021/gamestop.jpg,techxplore.com,English,United States,2021-02-03 00:00:00+00:00,GME
http://www.marketoracle.co.uk/Article68363.html,,Silver Expectations Given GameStop Price Action and the Reddit Revolution :: The Market Oracle :: ,20210203T004500Z,,marketoracle.co.uk,English,United Kingdom,2021-02-03 00:45:00+00:00,GME
http://econintersect.com/pages/market/market.php?post=202102021519,,"02Feb2021 Market Close : Oil Prices Rise As Producers Stick To Supply Curbs , WTI Crude 54 . 82 , DOW Closes Up 476 Points , Nasdaq At +1 . 6 %, Silver 26 . 54 , Bitcoin 35680",20210203T014500Z,,econintersect.com,English,United States,2021-02-03 01:45:00+00:00,GME
https://www.cracked.com/article_29534_two-films-about-reddits-gamestonk-controversy-are-already-in-works.html,,Two Films About Reddit  GameStonk  Controversy Are Already In The Works,20210203T024500Z,,cracked.com,English,United States,2021-02-03 02:45:00+00:00,GME
https://www.zerohedge.com/markets/reddit-trader-deepfuckingvalue-loses-19-million-two-days-he-holds-gamestop-stock,,Reddit Trader DeepFuckingValue Loses $19 Million In Two Days As He Holds On To Gamestop Stock,20210203T040000Z,https://zh-prod-1cc738ca-7d3b-4a72-b792-20bd8d8fa069.storage.googleapis.com/s3fs-public/styles/16_9_max_700/public/2021-02/keith%20gill.jpg?h=d2047d25&itok=-LMvesXJ,zerohedge.com,English,United States,2021-02-03 04:00:00+00:00,GME
https://www.benzinga.com/news/21/02/19458448/roaring-kitty-aka-deepf-ingvalue-loses-13-6m-in-a-day-on-gamestop-bet,https://amp.benzinga.com/amp/content/19458448,"Gamestop Corporation ( NYSE : GME ) - Roaring Kitty , AKA DeepF --- ingValue , Loses $13 . 6M In A Day On GameStop Bet",20210203T043000Z,,benzinga.com,English,United States,2021-02-03 04:30:00+00:00,GME
https://www.asiaone.com/money/top-us-stocks-grabbing-headlines-redditors-take-wall-street,https://www.asiaone.com/money/top-us-stocks-grabbing-headlines-redditors-take-wall-street?amp,Top US stocks grabbing the headlines as redditors take on Wall Street,20210203T054500Z,,asiaone.com,English,Singapore,2021-02-03 05:45:00+00:00,GME
https://www.dukechronicle.com/article/2021/02/02032021-becker,,The charge of the daytrade brigade,20210203T054500Z,https://snworksceo.imgix.net/dtc/f51c1598-4be9-4b97-9efe-75bf0d029f78.sized-1000x1000.png?&ar=16%3B9&fit=crop&crop=faces&facepad=3&auto=format,dukechronicle.com,English,United States,2021-02-03 05:45:00+00:00,GME
https://townhall.com/tipsheet/mattvespa/2021/02/03/excuse-me-fmr-sec-commissioner-compares-populist-gatecrashing-of-wall-street-to-n2584135,https://townhall.com/tipsheet/mattvespa/2021/02/03/excuse-me-fmr-sec-commissioner-compares-populist-gatecrashing-of-wall-street-to-n2584135?amp=true,Excuse Me ? Fmr . SEC Commissioner Compares Populist Gatecrashing of Wall Street to Capitol Hill Riot,20210203T071500Z,https://media.townhall.com/townhall/reu/s1280x720/2018/361/961af30f-4ed8-4db3-994c-0af3726c6edf.png,townhall.com,English,United States,2021-02-03 07:15:00+00:00,GME
https://www.mittelstandcafe.de/silversqueeze-party-l-uft-1877817.html,, # silversqueeze - PARTY LÄUFT - Mittelstand Cafe,20210203T074500Z,,mittelstandcafe.de,German,Germany,2021-02-03 07:45:00+00:00,GME
http://www.proactiveinvestors.com/companies/news/940183/gamestop-stock-halves-again-but-billionaire-mark-cuban-calls-for--diamond-hands--940183.html,https://www.proactiveinvestors.com/companies/amp/news/940183,GameStop Corp stock halves but billionaire Mark Cuban calls for  diamond hands  ,20210203T084500Z,https://www.proactiveinvestors.com/thumbs/upload/News/Image/2021_02/1200z630_1612280570_2021-02-02-15-42-50_4e52df9b9196f43c611a0cff9e67b2b0.jpg,proactiveinvestors.com,English,United States,2021-02-03 08:45:00+00:00,GME
https://finance.townhall.com/columnists/pauldykewicz/2021/02/03/electric-vehicle-manufacturing-stocks-to-consider-feature-entrants-other-than-tesla-n2584136,,Electric Vehicle Manufacturing Stocks to Consider Feature Entrants Other Than Tesla,20210203T091500Z,https://media.townhall.com/_townhall/resources/images/thog.png,finance.townhall.com,English,United States,2021-02-03 09:15:00+00:00,GME
https://www.fool.com.au/2021/02/03/covid-us-stimulus-gamestop-and-a-retreating-reddit-army-the-battles-continue/,https://www.fool.com.au/2021/02/03/covid-us-stimulus-gamestop-and-a-retreating-reddit-army-the-battles-continue/amp/,Gamestop shares fall along with AMC as Reddit army retreats,20210203T093000Z,,fool.com.au,English,Australia,2021-02-03 09:30:00+00:00,GME
https://www.asiaone.com/money/short-squeeze-madness-3-things-you-can-learn-gamestops-stock-going-345-3-weeks,https://www.asiaone.com/money/short-squeeze-madness-3-things-you-can-learn-gamestops-stock-going-345-3-weeks?amp,Short squeeze madness : 3 things you can learn from GameStop stock going up 345 % in 3 weeks,20210203T094500Z,https://media.asiaone.com/sites/default/files/styles/a1_600x316/public/original_images/Feb2021/20200203_stock_unsplash.jpg?cc9e&itok=xXzzrVtO,asiaone.com,English,Singapore,2021-02-03 09:45:00+00:00,GME
https://www.finanznachrichten.de/nachrichten-2021-02/51909551-trade360-announces-maintains-stock-trading-integrity-008.htm,,Trade360 announces maintains stock trading integrity,20210203T103000Z,,finanznachrichten.de,English,Germany,2021-02-03 10:30:00+00:00,GME
https://global.markets.com/enknowledge/insights/italy-taps-super-mario-for-pm-risk-bid-with-yields-up-memestocks-hit/,,"Italy taps Super Mario for PM , risk bid with yields up ,  memestock hit",20210203T103000Z,https://global.markets.com/wp-content/uploads/2020/10/Technical-Analysis.jpg,global.markets.com,English,Cyprus,2021-02-03 10:30:00+00:00,GME
https://www.prnewswire.com:443/news-releases/trade360-announces-maintains-stock-trading-integrity-301220602.html,,Trade360 announces maintains stock trading integrity,20210203T103000Z,,prnewswire.com,English,United States,2021-02-03 10:30:00+00:00,GME
https://www.prnewswire.com/news-releases/trade360-announces-maintains-stock-trading-integrity-301220602.html,,Trade360 announces maintains stock trading integrity,20210203T111500Z,,prnewswire.com,English,United States,2021-02-03 11:15:00+00:00,GME
https://www.notimerica.com/comunicados/noticia-comunicado-trade360-announces-maintains-stock-trading-integrity-20210203110052.html,https://m.notimerica.com/comunicados/noticia-comunicado-trade360-announces-maintains-stock-trading-integrity-20210203110052.html,Trade360 announces maintains stock trading integrity,20210203T111500Z,,notimerica.com,English,Colombia,2021-02-03 11:15:00+00:00,GME
https://www.msnbc.com/opinion/gamestop-reddit-battle-exposed-hard-truths-about-our-financial-system-n1256549,https://www.msnbc.com/msnbc/amp/ncna1256549,The GameStop - Reddit battle exposed hard truths about our financial system,20210203T111500Z,https://media1.s-nbcnews.com/j/newscms/2021_04/3446171/210129-gamestop-regularion-an-main_9082bc687b32c9ff5084e5d2800b77b5.nbcnews-fp-1200-630.jpg,msnbc.com,English,United States,2021-02-03 11:15:00+00:00,GME
https://www.theglobeandmail.com/investing/investment-ideas/article-reddit-trading-frenzy-fades-as-yellen-summons-agencies/,,Reddit trading frenzy fades as Yellen summons agencies,20210203T114500Z,https://www.theglobeandmail.com/resizer/hreC5tkv1YILao9gHLDu0laKBBc=/1200x0/filters:quality(80)/cloudfront-us-east-1.images.arcpublishing.com/tgam/GOAY6UKG2JJKHMWQCF25TVIB24.JPG,theglobeandmail.com,English,Canada,2021-02-03 11:45:00+00:00,GME
https://www.coinspeaker.com/robinhood-trading-restriction/,https://www.coinspeaker.com/robinhood-trading-restriction/amp/,"Robinhood Eases Trading Restriction of Shorted Stocks , IPO Plans on Hold",20210203T114500Z,https://www.coinspeaker.com/wp-content/uploads/2021/02/robinhood-trading-restriction.jpg,coinspeaker.com,English,United States,2021-02-03 11:45:00+00:00,GME
http://www.proactiveinvestors.co.uk/companies/news/940183/gamestop-stock-halves-again-but-billionaire-mark-cuban-calls-for--diamond-hands--940183.html,https://www.proactiveinvestors.co.uk/companies/amp/news/940183,GameStop Corp stock halves but billionaire Mark Cuban calls for  diamond hands  ,20210203T120000Z,https://www.proactiveinvestors.co.uk/thumbs/upload/News/Image/2021_02/1200z630_1612280570_2021-02-02-15-42-50_4e52df9b9196f43c611a0cff9e67b2b0.jpg,proactiveinvestors.co.uk,English,United Kingdom,2021-02-03 12:00:00+00:00,GME
https://www.fool.com/investing/2021/02/03/the-reality-gamestop-and-amc-investors-must-face/?source=iedfolrf0000001,https://www.fool.com/amp/investing/2021/02/03/the-reality-gamestop-and-amc-investors-must-face/,The Grim Reality GameStop and AMC Investors Must Face,20210203T121500Z,https://g.foolcdn.com/editorial/images/610729/stock-trader-losing-money-investment-growth-value-getty.jpg,fool.com,English,United States,2021-02-03 12:15:00+00:00,GME
https://www.compsmag.com/news/gaming/when-the-game-ends-orf/,https://www.compsmag.com/news/gaming/when-the-game-ends-orf/amp/,When the game ends | ORF - Compsmag,20210203T121500Z,https://cdn-stack.compsmag.com/news/wp-content/uploads/sites/27/2021/02/When-the-game-ends-ORF.jpg,compsmag.com,English,,2021-02-03 12:15:00+00:00,GME
https://www.europapress.es/comunicados/internacional-00907/noticia-comunicado-trade360-announces-maintains-stock-trading-integrity-20210203110051.html,https://m.europapress.es/comunicados/internacional-00907/noticia-comunicado-trade360-announces-maintains-stock-trading-integrity-20210203110051.html,Trade360 announces maintains stock trading integrity,20210203T123000Z,https://s01.europapress.net/imagenes/estaticos/OpenGraph_EP_1024x512.jpg,europapress.es,English,Spain,2021-02-03 12:30:00+00:00,GME
https://www.perssupport.nl/persbericht/030221065/trade360-announces-maintains-stock-trading-integrity,,Trade360 announces maintains stock trading integrity | ANP Pers Support | De kortste weg naar publiciteit,20210203T124500Z,,perssupport.nl,English,Netherlands,2021-02-03 12:45:00+00:00,GME
https://www.tmcnet.com/usubmit/2021/02/03/9300937.htm,,Trade360 maintains stock trading integrity,20210203T130000Z,,tmcnet.com,English,United States,2021-02-03 13:00:00+00:00,GME
https://www.tmcnet.com/usubmit/-trade360-maintains-stock-trading-integrity-/2021/02/03/9300937.htm,,Trade360 maintains stock trading integrity,20210203T130000Z,,tmcnet.com,English,United States,2021-02-03 13:00:00+00:00,GME
https://www.finanznachrichten.de/nachrichten-2021-02/51911665-trade360-maintains-stock-trading-integrity-008.htm,,Trade360 maintains stock trading integrity,20210203T130000Z,,finanznachrichten.de,English,Germany,2021-02-03 13:00:00+00:00,GME
https://www.wfmz.com/news/pr_newswire/pr_newswire_technology/trade360-maintains-stock-trading-integrity/article_dce676f3-4d9b-5c68-8fee-64a9b38ffca1.html,,Trade360 maintains stock trading integrity,20210203T133000Z,https://bloximages.newyork1.vip.townnews.com/wfmz.com/content/tncms/assets/v3/editorial/0/84/0844331e-0c8f-5763-9824-88c2e1973a93/601aa038d9461.image.jpg,wfmz.com,English,United States,2021-02-03 13:30:00+00:00,GME
http://www.proactiveinvestors.com/companies/news/940288/gamestop-us-regulators-to-examine--integrity-of-markets--and-reddits-wallstreetbets-940288.html,https://www.proactiveinvestors.com/companies/amp/news/940288,GameStop Corp : Janet Yellen calls regulators to probe integrity of markets and Reddit WallStreetBets,20210203T133000Z,https://www.proactiveinvestors.com/thumbs/upload/News/Image/2021_02/1200z630_1612356749_2021-02-03-12-52-29_9edc0a5c09be486968412a5626ad4b0b.jpg,proactiveinvestors.com,English,United States,2021-02-03 13:30:00+00:00,GME
https://gestion.pe/blog/bullabear-by-ruartes-reports/2021/02/gamestop-genera-un-enfrentamiento-historico-en-wall-street-quien-ganara-esta-batalla.html,,"GameStop , genera un enfrentamiento histórico en Wall Street ¿ Quién ganará esta batalla ? | Blogs",20210203T140000Z,,gestion.pe,Spanish,Peru,2021-02-03 14:00:00+00:00,GME
https://www.benzinga.com/pressreleases/21/02/n19462592/trade360-maintains-stock-trading-integrity,https://amp.benzinga.com/amp/content/19462592,Trade360 maintains stock trading integrity,20210203T140000Z,,benzinga.com,English,United States,2021-02-03 14:00:00+00:00,GME
https://www.zerohedge.com/markets/yellen-gets-ethics-waiver-lead-regulatory-crusade-against-hft-after-taking-700k-citadel,,Yellen Gets Ethics Waiver To Lead Regulator Meeting On Gamestop Insanity After Taking $810K From Citadel,20210203T141500Z,https://zh-prod-1cc738ca-7d3b-4a72-b792-20bd8d8fa069.storage.googleapis.com/s3fs-public/styles/16_9_max_700/public/2021-02/yellen%20laughing.jpg?itok=2W2RonMk,zerohedge.com,English,United States,2021-02-03 14:15:00+00:00,GME
https://www.thestreet.com/investing/gamestop-taps-amazon-web-services-executive-matt-francis-as-cto,https://www.thestreet.com/.amp/investing/gamestop-taps-amazon-web-services-executive-matt-francis-as-cto,GameStop Taps Amazon Web Services Exec Matt Francis as CTO,20210203T150000Z,,thestreet.com,English,United States,2021-02-03 15:00:00+00:00,GME
https://www.perssupport.nl/persbericht/030221122/trade360-maintains-stock-trading-integrity,,Trade360 maintains stock trading integrity | ANP Pers Support | De kortste weg naar publiciteit,20210203T151500Z,,perssupport.nl,English,Netherlands,2021-02-03 15:15:00+00:00,GME
https://www.theglobeandmail.com/investing/markets/inside-the-market/article-market-movers-stocks-seeing-action-on-wednesday-and-why-83/,,Market movers : Stocks seeing action on Wednesday - and why,20210203T151500Z,https://www.theglobeandmail.com/resizer/NOEM24-1h2obL9YoC3qILiI2Y98=/1200x0/filters:quality(80)/cloudfront-us-east-1.images.arcpublishing.com/tgam/BHRIYYTZQVBXFBWO55MLUFJE5M,theglobeandmail.com,English,Canada,2021-02-03 15:15:00+00:00,GME
https://www.fool.ca/2021/02/03/blackberry-stock-soars-over-250-then-plummets-50/,https://www.fool.ca/2021/02/03/blackberry-stock-soars-over-250-then-plummets-50/amp/,BlackBerry Stock Soars Over 250 % Then Plummets 50 % ,20210203T153000Z,https://yw553ftvhw1iqegz29fycoyw-wpengine.netdna-ssl.com/wp-content/uploads/2021/01/caution.jpg,fool.ca,English,Canada,2021-02-03 15:30:00+00:00,GME
https://www.investmentwatchblog.com/the-crazy-world-of-stonks-explained/,,The Crazy World of Stonks Explained – Investment Watch,20210203T153000Z,,investmentwatchblog.com,English,United States,2021-02-03 15:30:00+00:00,GME
https://www.fool.com/investing/2021/02/03/forget-gamestop-this-reddit-stock-was-a-bigger-win/?source=iedfolrf0000001,https://www.fool.com/amp/investing/2021/02/03/forget-gamestop-this-reddit-stock-was-a-bigger-win/,"Forget GameStop , This Reddit Stock Was a Bigger Winner Last Week",20210203T154500Z,https://g.foolcdn.com/editorial/images/610919/stock-chart-going-up.jpg,fool.com,English,United States,2021-02-03 15:45:00+00:00,GME
http://econintersect.com/pages/market/market.php?post=202102030748,,"03Feb2021 Pre - Market Commentary : ADP Employment Rebounds Adding 174 K Jobs , DOW Flat , But Rising , Nasdaq Up +0 . 7 %, WTI Climbs 55 . 41 , US Dollar Rises 91 . 24 , Bitcoin 36 , 660",20210203T160000Z,,econintersect.com,English,United States,2021-02-03 16:00:00+00:00,GME
https://dealbreaker.com/2021/02/redditors-move-on-to-silver-spacs,https://dealbreaker.com/.amp/2021/02/redditors-move-on-to-silver-spacs,Degenerates Distracted By Shiny Objects,20210203T161500Z,,dealbreaker.com,English,United States,2021-02-03 16:15:00+00:00,GME
https://www.infobae.com/economia/2021/02/03/la-accion-preferida-de-los-trolls-de-wall-street-se-recupera-con-una-suba-del-19/,https://www.infobae.com/economia/2021/02/03/la-accion-preferida-de-los-trolls-de-wall-street-se-recupera-con-una-suba-del-19/?outputType=amp-type,La acción preferida de los trolls de Wall Street se recupera con una suba de 8 % ,20210203T161500Z,https://www.infobae.com/new-resizer/oG6u9uk4VfqZoOlzaOYIV4eRs6g=/1200x628/filters:format(jpg):quality(85)/cloudfront-us-east-1.images.arcpublishing.com/infobae/U2VTO2LWVLEKITII7OPG65S3JE.jpg,infobae.com,Spanish,Argentina,2021-02-03 16:15:00+00:00,GME
https://thespinoff.co.nz/business/04-02-2021/the-amateur-nz-traders-riding-the-gamestop-and-cryptocurrency-waves/,https://thespinoff.co.nz/business/04-02-2021/the-amateur-nz-traders-riding-the-gamestop-and-cryptocurrency-waves/?amp,The amateur NZ traders riding the GameStop and cryptocurrency waves,20210203T163000Z,https://assets.thespinoff.co.nz/1/2021/02/gme-and-doge-1.jpg,thespinoff.co.nz,English,New Zealand,2021-02-03 16:30:00+00:00,GME
https://www.fool.com/investing/2021/02/03/forget-gamestop-this-reddit-stock-was-a-bigger-win/,https://www.fool.com/amp/investing/2021/02/03/forget-gamestop-this-reddit-stock-was-a-bigger-win/,"Forget GameStop , This Reddit Stock Was a Bigger Winner Last Week",20210203T164500Z,https://g.foolcdn.com/editorial/images/610919/stock-chart-going-up.jpg,fool.com,English,United States,2021-02-03 16:45:00+00:00,GME
https://www.fool.com/investing/2021/02/03/the-reality-gamestop-and-amc-investors-must-face/,https://www.fool.com/amp/investing/2021/02/03/the-reality-gamestop-and-amc-investors-must-face/,The Grim Reality GameStop and AMC Investors Must Face,20210203T164500Z,https://g.foolcdn.com/editorial/images/610729/stock-trader-losing-money-investment-growth-value-getty.jpg,fool.com,English,United States,2021-02-03 16:45:00+00:00,GME
https://www.androidpolice.com/2021/02/03/robinhoods-play-store-rating-dives-to-one-star-after-gme-meme-stock-crackdown/,https://www.androidpolice.com/2021/02/03/robinhoods-play-store-rating-dives-to-one-star-after-gme-meme-stock-crackdown/?amp,Robinhood Play Store reviews are back down to 1 . 1 stars,20210203T170000Z,https://www.androidpolice.com/wp-content/uploads/2021/01/28/blog_01.png,androidpolice.com,English,United States,2021-02-03 17:00:00+00:00,GME
https://nplusonemag.com/online-only/online-only/out-of-options/,,Out of Options,20210203T171500Z,https://nplusonemag.com/wp-content/uploads/2021/02/35588099353_09b73955bf_k.jpg,nplusonemag.com,English,United States,2021-02-03 17:15:00+00:00,GME
https://www.investors.com/market-trend/stock-market-today/dow-jones-slips-mixed-session-alibaba-stock-bullish-move-gamestop-stock-fights-back-boeing-stock/,,Dow Jones Slips In Mixed Session ; Alibaba Makes This Bullish Move ; GameStop Fights Back,20210203T183000Z,https://www.investors.com/wp-content/uploads/2017/12/Stock-Alibaba-09-shutter.jpg,investors.com,English,United States,2021-02-03 18:30:00+00:00,GME
https://dailyhive.com/vancouver/gamestop-opinion,,OPINION : Who really loses when the game stops with GameStop ? ,20210203T183000Z,https://images.dailyhive.com/20210202213936/shutterstock_1394835302-500x256.jpg,dailyhive.com,English,Canada,2021-02-03 18:30:00+00:00,GME
https://www.investors.com/news/gamestop-stock-reddit-stocks-mark-cuban-sees-more-short-squeezes/,,"GameStop Stock , Reddit Stocks Rebound As Mark Cuban See More Short Squeezes",20210203T183000Z,https://www.investors.com/wp-content/uploads/2021/02/Stock-gamestop-10-adobe.jpg,investors.com,English,United States,2021-02-03 18:30:00+00:00,GME
https://www.insidermonkey.com/blog/10-biggest-online-brokers-in-2021-917346/,,10 Biggest Online Brokers in 2021 - Insider Monkey,20210203T184500Z,https://d2gr5kl7dt2z3t.cloudfront.net/blog/wp-content/uploads/2017/03/06233012/shutterstock_255668764.jpg,insidermonkey.com,English,United States,2021-02-03 18:45:00+00:00,GME
https://www.msn.com/en-us/money/topstocks/stock-market-news-live-updates-stocks-rise-tech-shares-leap-after-earnings/ar-BB1dkKJo,,"Stock market news live updates : Stocks rise , tech shares leap after earnings",20210203T190000Z,,msn.com,English,United States,2021-02-03 19:00:00+00:00,GME
https://finance.townhall.com/columnists/charlespayne/2021/02/03/bye-bye-bezos-hello-google-n2584169,https://finance.townhall.com/columnists/charlespayne/2021/02/03/bye-bye-bezos-hello-google-n2584169?amp=true,"Bye Bye Bezos , Hello Google",20210203T194500Z,https://media.townhall.com/townhall/reu/s1280x720/2020/212/a360ab4f-1648-4db3-a0eb-d109c824c33a.jpg,finance.townhall.com,English,United States,2021-02-03 19:45:00+00:00,GME
https://www.milenio.com/negocios/valoran-regulacion-estricta-mercado-bursatil-frenar-reddit,https://amp.milenio.com/negocios/valoran-regulacion-estricta-mercado-bursatil-frenar-reddit,Valoran regulación estricta en mercado bursátil ; podrían frenar Reddit,20210203T201500Z,https://www.milenio.com/uploads/media/2021/02/03/la-euforia-en-los-mercados_0_22_650_405.jpeg,milenio.com,Spanish,Mexico,2021-02-03 20:15:00+00:00,GME
https://slate.com/technology/2021/02/robinhood-gamestop-stock-business-model.html,https://slate.com/technology/2021/02/robinhood-gamestop-stock-business-model.amp,"On Robinhood , retail investors are the product . ",20210203T203000Z,https://compote.slate.com/images/3e3555e7-2341-4db8-89f2-ffaaea5a0724.jpeg?&rect=5098x3399&offset=0x0,slate.com,English,United States,2021-02-03 20:30:00+00:00,GME
https://www.ubspectrum.com/article/2021/02/what-you-need-to-do-know-about-the-gamestop-frenzy,,What you need to do know about the GameStop frenzy,20210203T210000Z,https://snworksceo.imgix.net/bts/b24c4c9d-6ddd-4824-8dc6-b5cf0088c49e.sized-1000x1000.jpg,ubspectrum.com,English,United States,2021-02-03 21:00:00+00:00,GME
https://www.zerohedge.com/markets/meet-hedge-fund-made-killing-reddit-fueled-squeeze,,Meet The Hedge Fund That Made A Killing On The Reddit - Fueled Squeeze,20210203T210000Z,https://zh-prod-1cc738ca-7d3b-4a72-b792-20bd8d8fa069.storage.googleapis.com/s3fs-public/styles/16_9_max_700/public/2021-02/mud.png?itok=YSSoFO7w,zerohedge.com,English,United States,2021-02-03 21:00:00+00:00,GME
https://psuvanguard.com/robbing-the-wall-street-thunderdome/,https://psuvanguard.com/robbing-the-wall-street-thunderdome/amp/,Robbing the Wall Street thunderdome,20210203T211500Z,https://psuvanguard.com/wp-content/uploads/2021/02/BRANDT_GameGrant-1.jpg,psuvanguard.com,English,United States,2021-02-03 21:15:00+00:00,GME
https://www.fox13news.com/news/anonymous-gamestop-investor-uses-profits-to-donate-nintendo-switches-games-to-texas-childrens-hospital,https://www.fox13news.com/news/anonymous-gamestop-investor-uses-profits-to-donate-nintendo-switches-games-to-texas-childrens-hospital.amp,"Anonymous GameStop investor uses profits to donate Nintendo Switches , games to Texas children hospital",20210203T214500Z,https://images.foxtv.com/static.fox13news.com/www.fox13news.com/content/uploads/2021/02/724/407/nintendo.jpeg?ve=1&tl=1,fox13news.com,English,United States,2021-02-03 21:45:00+00:00,GME
https://www.theepochtimes.com/small-gamestop-investors-arent-giving-up-as-price-drops-below-100_3683896.html,https://www.theepochtimes.com/small-gamestop-investors-arent-giving-up-as-price-drops-below-100_3683896.html/amp,Small Gamestop Investors Arent Giving Up as Price Drops Below $100,20210203T220000Z,https://img.theepochtimes.com/assets/uploads/2021/02/03/Gamestop-1299156360--1200x741.jpg,theepochtimes.com,English,United States,2021-02-03 22:00:00+00:00,GME
https://www.zerohedge.com/markets/sec-crawl-through-social-media-hunting-gamestop-manipulation-fraud,,"SEC To Crawl Through Social Media , Hunting For Gamestop Manipulation Fraud",20210203T224500Z,https://zh-prod-1cc738ca-7d3b-4a72-b792-20bd8d8fa069.storage.googleapis.com/s3fs-public/styles/16_9_max_700/public/2021-02/real%20greatest%20short%20burn.jpg?h=fe0f06cd&itok=2xkbiazY,zerohedge.com,English,United States,2021-02-03 22:45:00+00:00,GME
https://www.cnet.com/personal-finance/robinhoods-problems-what-you-should-know-about-the-gamestop-stock-trading-controversy/,https://www.cnet.com/google-amp/news/robinhoods-problems-what-you-should-know-about-the-gamestop-stock-trading-controversy/,Robinhood problems : What you should know about the GameStop stock trading controversy,20210204T001500Z,https://cnet2.cbsistatic.com/img/VS0q9YB57yK77uIkoUU2ryvG-Us=/1200x630/2021/01/28/0d1b6c62-402a-440f-a371-a072957a8098/robinhood-stock-trading-stocks-2.jpg,cnet.com,English,Japan,2021-02-04 00:15:00+00:00,GME
https://investorplace.com/2021/02/the-real-story-behind-the-reddit-backlash/,https://investorplace.com/2021/02/the-real-story-behind-the-reddit-backlash/amp/,The Real Story Behind the Reddit Backlash,20210204T033000Z,https://investorplace.com/wp-content/uploads/2021/02/reddit1600.jpg,investorplace.com,English,United States,2021-02-04 03:30:00+00:00,GME
https://www.businessinsider.com/rep-maxine-waters-want-keith-gill-robinhood-at-gamestop-hearing-2021-2,https://www.businessinsider.com/rep-maxine-waters-want-keith-gill-robinhood-at-gamestop-hearing-2021-2?amp,Rep . Maxine Waters :  I want Keith Gill  at GameStop hearing,20210204T060000Z,https://i.insider.com/601b5974ee136f00183aa366?&format=jpeg,businessinsider.com,English,United States,2021-02-04 06:00:00+00:00,GME
https://www.fortuneita.com/2021/02/03/trade360-announces-maintains-stock-trading-integrity/,,Trade360 announces maintains stock trading integrity,20210204T060000Z,https://www.fortuneita.com/wp-content/uploads/2020/04/adnkronos_cover.jpg,fortuneita.com,English,,2021-02-04 06:00:00+00:00,GME
https://www.naturalnews.com/2021-02-03-people-who-bought-gamestop-stock-financial-insurrectionists.html,,"People who bought GameStop stock are financial insurrectionists , says media",20210204T060000Z,https://www.naturalnews.com/wp-content/uploads/sites/91/2021/02/Stock-Chart-Economy-Numbers-Background.jpg,naturalnews.com,English,United States,2021-02-04 06:00:00+00:00,GME
https://investingnews.com/daily/resource-investing/precious-metals-investing/silver-investing/chris-marcus-silver-manipulation-viral/,,Chris Marcus : Silver Manipulation Has Now Gone Viral,20210204T064500Z,https://cdn.investingnews.com/app/uploads/2021/02/chris-marcus-silver-manipulation-viral.jpg,investingnews.com,English,Canada,2021-02-04 06:45:00+00:00,GME
https://www.tvazteca.com/aztecanoticias/notas/firmas-wall-street-exigen-frenar-reddit-games-stop-congreso-especiales,https://www.tvazteca.com/aztecanoticias/notas/firmas-wall-street-exigen-frenar-reddit-games-stop-congreso-especiales?_amp=true,Grandes firmas de Wall Street exigen frenar  montaña rusa  de Reddit,20210204T074500Z,https://tvazteca.brightspotcdn.com/39/94/df633d0b44c0bef7ac3715cede32/wallstreetrestricciones.jpg,tvazteca.com,Spanish,Mexico,2021-02-04 07:45:00+00:00,GME
https://www.benzinga.com/news/earnings/21/02/19482237/nokia-reports-q4-earnings-beat,https://amp.benzinga.com/amp/content/19482237,"Nokia Corporation ( NYSE : NOK ), ( AMC ) - Nokia Reports Q4 Earnings Beat",20210204T081500Z,,benzinga.com,English,United States,2021-02-04 08:15:00+00:00,GME
http://www.msn.com/en-nz/news/world/rep-maxine-waters-says-she-wants-redditor-keith-gill-robinhood-and-gamestop-at-a-congressional-hearing/ar-BB1dnmpo,,"Rep . Maxine Waters says she wants Redditor Keith Gill , Robinhood , and GameStop at a congressional hearing",20210204T081500Z,,msn.com,English,United States,2021-02-04 08:15:00+00:00,GME
http://www.orlandosentinel.com/business/os-prem-ne-orlando-investors-gamestop-stock-good-news-for-little-guy-20210204-alebrnudqreatiwybm7tgolus4-story.html,https://www.orlandosentinel.com/business/os-prem-ne-orlando-investors-gamestop-stock-good-news-for-little-guy-20210204-alebrnudqreatiwybm7tgolus4-story.html?outputType=amp,Orlando investors see GameStop stock news as only the beginning for  the little guy  ,20210204T110000Z,https://www.orlandosentinel.com/resizer/Whil1CtNN3yw9jIYFgNfg8LjBSk=/1200x0/top/cloudfront-us-east-1.images.arcpublishing.com/tronc/YBY64TAPWVKJYJBXDO2XNS3J2I.jpg,orlandosentinel.com,English,United States,2021-02-04 11:00:00+00:00,GME
https://news.yahoo.com/shell-barratt-unilever-stocks-earnings-uk-pmi-markets-104202935.html,https://news.yahoo.com/amphtml/shell-barratt-unilever-stocks-earnings-uk-pmi-markets-104202935.html,"Market report : Shell dividend , resilient Barratt and Unilever , BoE",20210204T110000Z,https://s.yimg.com/ny/api/res/1.2/ubFy40FOvNYLkuJVGH6U5A--/YXBwaWQ9aGlnaGxhbmRlcjt3PTIwMDA7aD0xMzgy/https://s.yimg.com/os/creatr-uploaded-images/2021-02/115f5330-66d1-11eb-bfef-c5947ac66804,news.yahoo.com,English,United States,2021-02-04 11:00:00+00:00,GME
https://www.marketwatch.com/articles/how-to-use-options-to-juice-your-portfoliowhile-dodging-land-mines-51612436408,,How to Use Options to Juice Your Portfolio While Dodging Land Mines,20210204T113000Z,https://images.barrons.com/im-294573/social,marketwatch.com,English,United States,2021-02-04 11:30:00+00:00,GME
https://magicvalley.com/business/investment/personal-finance/if-you-try-to-game-the-stock-market-youre-going-to-get-played/article_c1e4bc16-02e9-5856-a33f-3bbeef342cea.html,https://magicvalley.com/business/investment/personal-finance/if-you-try-to-game-the-stock-market-youre-going-to-get-played/article_c1e4bc16-02e9-5856-a33f-3bbeef342cea.amp.html,"If You Try to Game the Stock Market , Youre Going to Get Played",20210204T124500Z,https://bloximages.chicago2.vip.townnews.com/magicvalley.com/content/tncms/assets/v3/editorial/1/73/1739a0d7-24d5-5520-b5dd-61277e8d017d/601be31dbad1c.image.jpg?crop=700%2C394%2C0%2C65,magicvalley.com,English,United States,2021-02-04 12:45:00+00:00,GME
http://www.msn.com/en-us/news/technology/wallstreetbets-is-america/ar-BB1do3g7,,WallStreetBets is America,20210204T133000Z,,msn.com,English,United States,2021-02-04 13:30:00+00:00,GME
http://www.proactiveinvestors.com/companies/news/940432/gamestop-shares-hold-steady-as-regulators-meet-to-discuss-reddit-stock-rally-940432.html,https://www.proactiveinvestors.com/companies/amp/news/940432,GameStop Corp shares hold steady as regulators meet later today to discuss Reddit stock rally,20210204T133000Z,https://www.proactiveinvestors.com/thumbs/upload/News/Image/2021_02/1200z630_1612444494_2021-02-04-13-14-54_830a315b53e395e9f0548ebfd6c34c3d.jpg,proactiveinvestors.com,English,United States,2021-02-04 13:30:00+00:00,GME
https://www.msn.com/en-us/money/savingandinvesting/4-reasons-you-should-avoid-gamestop-amc-and-other-wallstreetbets-stocks/ar-BB1do3hN,,"4 Reasons You Should Avoid GameStop , AMC , and Other WallStreetBets Stocks",20210204T133000Z,,msn.com,English,United States,2021-02-04 13:30:00+00:00,GME
https://www.breezejmu.org/business/gamestop-mania-makes-jmu-students-tens-of-thousands/article_85246a16-65bf-11eb-8aff-0f172ee3d926.html,,GameStop mania makes JMU students tens of thousands,20210204T134500Z,https://bloximages.newyork1.vip.townnews.com/breezejmu.org/content/tncms/assets/v3/editorial/1/bb/1bb208fa-6677-11eb-a4e7-ff4d7394d267/601b320bb3ff2.image.jpg,breezejmu.org,English,United States,2021-02-04 13:45:00+00:00,GME
https://omaha.com/business/investment/personal-finance/4-reasons-you-should-avoid-gamestop-amc-and-other-wallstreetbets-stocks/article_a96f9cbc-5de4-5b98-a86f-0f8551173d0f.html,https://omaha.com/business/investment/personal-finance/4-reasons-you-should-avoid-gamestop-amc-and-other-wallstreetbets-stocks/article_a96f9cbc-5de4-5b98-a86f-0f8551173d0f.amp.html,"4 Reasons You Should Avoid GameStop , AMC , and Other WallStreetBets Stocks",20210204T141500Z,https://bloximages.newyork1.vip.townnews.com/omaha.com/content/tncms/assets/v3/editorial/0/18/018ed971-f021-5d87-997b-601dc1deeec5/601bf3a87cda6.image.jpg?crop=700%2C394%2C0%2C36,omaha.com,English,United States,2021-02-04 14:15:00+00:00,GME
https://omaha.com/business/investment/personal-finance/if-you-try-to-game-the-stock-market-youre-going-to-get-played/article_3465d40a-5f66-51ea-b307-b00eedbb4dd5.html,https://omaha.com/business/investment/personal-finance/if-you-try-to-game-the-stock-market-youre-going-to-get-played/article_3465d40a-5f66-51ea-b307-b00eedbb4dd5.amp.html,"If You Try to Game the Stock Market , Youre Going to Get Played",20210204T141500Z,https://bloximages.newyork1.vip.townnews.com/omaha.com/content/tncms/assets/v3/editorial/8/9b/89bd87b9-84f1-5ef1-8253-37e3794183de/601be363d79f6.image.jpg?crop=700%2C394%2C0%2C65,omaha.com,English,United States,2021-02-04 14:15:00+00:00,GME
https://www.channel3000.com/i/4-reasons-you-should-avoid-gamestop-amc-and-other-wallstreetbets-stocks/,,"4 Reasons You Should Avoid GameStop , AMC , and Other WallStreetBets Stocks",20210204T143000Z,https://wpcdn.us-east-1.vip.tn-cloud.net/www.channel3000.com/content/uploads/2021/02/601bf0a76c4ca.image_.jpg,channel3000.com,English,United States,2021-02-04 14:30:00+00:00,GME
https://www.channel3000.com/i/if-you-try-to-game-the-stock-market-youre-going-to-get-played/,,"If You Try to Game the Stock Market , Youre Going to Get Played",20210204T143000Z,https://wpcdn.us-east-1.vip.tn-cloud.net/www.channel3000.com/content/uploads/2021/02/601bdfd9a7ed3.image_.jpg,channel3000.com,English,United States,2021-02-04 14:30:00+00:00,GME
https://www.kxly.com/i/if-you-try-to-game-the-stock-market-youre-going-to-get-played/,,"If You Try to Game the Stock Market , Youre Going to Get Played",20210204T144500Z,https://wpcdn.us-east-1.vip.tn-cloud.net/www.kxly.com/content/uploads/2021/02/601bdfd9a7ed3.image_.jpg,kxly.com,English,United States,2021-02-04 14:45:00+00:00,GME
https://www.kxly.com/i/4-reasons-you-should-avoid-gamestop-amc-and-other-wallstreetbets-stocks/,,"4 Reasons You Should Avoid GameStop , AMC , and Other WallStreetBets Stocks",20210204T144500Z,https://wpcdn.us-east-1.vip.tn-cloud.net/www.kxly.com/content/uploads/2021/02/601bf0a76c4ca.image_.jpg,kxly.com,English,United States,2021-02-04 14:45:00+00:00,GME
https://www.forbes.com/sites/brettowens/2021/02/04/5-dividend-stocks-ready-for-a-reddit-rally/,https://www.forbes.com/sites/brettowens/2021/02/04/5-dividend-stocks-ready-for-a-reddit-rally/amp/,5 Dividend Stocks  Ready For A Reddit Rally  ,20210204T150000Z,https://thumbor.forbes.com/thumbor/fit-in/1200x0/filters%3Aformat%28jpg%29/https%3A%2F%2Fspecials-images.forbesimg.com%2Fimageserve%2F6019a33d4c6cf18d0a2fb8e7%2F0x0.jpg%3FcropX1%3D0%26cropX2%3D3542%26cropY1%3D369%26cropY2%3D2361,forbes.com,English,United States,2021-02-04 15:00:00+00:00,GME
http://www.proactiveinvestors.co.uk/companies/news/940432/gamestop-shares-hold-steady-as-regulators-meet-to-discuss-reddit-stock-rally-940432.html,https://www.proactiveinvestors.co.uk/companies/amp/news/940432,GameStop Corp shares hold steady as regulators meet later today to discuss Reddit stock rally,20210204T153000Z,https://www.proactiveinvestors.co.uk/thumbs/upload/News/Image/2021_02/1200z630_1612444494_2021-02-04-13-14-54_830a315b53e395e9f0548ebfd6c34c3d.jpg,proactiveinvestors.co.uk,English,United Kingdom,2021-02-04 15:30:00+00:00,GME
https://www.stltoday.com/business/investment/personal-finance/if-you-try-to-game-the-stock-market-youre-going-to-get-played/article_425993fe-47ab-5313-a5e5-a44b77dbf1bf.html,https://www.stltoday.com/business/investment/personal-finance/if-you-try-to-game-the-stock-market-youre-going-to-get-played/article_425993fe-47ab-5313-a5e5-a44b77dbf1bf.amp.html,"If You Try to Game the Stock Market , Youre Going to Get Played",20210204T153000Z,https://bloximages.newyork1.vip.townnews.com/stltoday.com/content/tncms/assets/v3/editorial/c/57/c5796e83-3930-51bc-b301-914acd5ede0c/601be32765c3d.image.jpg?crop=700%2C394%2C0%2C65,stltoday.com,English,United States,2021-02-04 15:30:00+00:00,GME
https://www.gamespot.com/articles/the-sec-is-apparently-looking-for-evidence-of-fraud-around-gamestop-stocks/1100-6487104/,https://www.gamespot.com/amp-articles/the-sec-is-apparently-looking-for-evidence-of-fraud-around-gamestop-stocks/1100-6487104/,The SEC Is Apparently Looking For Evidence Of Fraud Around GameStop Stocks,20210204T154500Z,https://gamespot1.cbsistatic.com/uploads/screen_kubrick/1597/15975876/3781909-ehmxq2iwaamhvha.jpg,gamespot.com,English,United States,2021-02-04 15:45:00+00:00,GME
https://www.zerohedge.com/markets/goat-scapegoat-redditor-who-made-millions-during-gamestop-chaos-already-being-set-take-fall,,From GOAT To Scapegoat : Redditor Who Made Millions During Gamestop Chaos Already Being Set Up To Take The Fall,20210204T154500Z,https://zh-prod-1cc738ca-7d3b-4a72-b792-20bd8d8fa069.storage.googleapis.com/s3fs-public/styles/16_9_max_700/public/2021-02/GILL.jpg?itok=LY7Twa52,zerohedge.com,English,United States,2021-02-04 15:45:00+00:00,GME
https://www.news8000.com/i/4-reasons-you-should-avoid-gamestop-amc-and-other-wallstreetbets-stocks/,,"4 Reasons You Should Avoid GameStop , AMC , and Other WallStreetBets Stocks",20210204T160000Z,https://wpcdn.us-east-1.vip.tn-cloud.net/www.news8000.com/content/uploads/2021/02/601bf0a76c4ca.image_.jpg,news8000.com,English,United States,2021-02-04 16:00:00+00:00,GME
https://www.msn.com/en-us/money/markets/wrapup-3-short-seller-hindenburg-takes-aim-at-clover-health-as-reddit-rally-fades/ar-BB1do8oa,,WRAPUP 3 - Short - seller Hindenburg takes aim at Clover Health as Reddit rally fades,20210204T161500Z,,msn.com,English,United States,2021-02-04 16:15:00+00:00,GME
https://www.reuters.com/article/retail-trading/wrapup-3-short-seller-hindenburg-takes-aim-at-clover-health-as-reddit-rally-fades-idUSL4N2KA324,https://mobile.reuters.com/article/amp/idUSKBN2A40Z0,Short - seller Hindenburg takes aim at Clover Health as Reddit rally fades,20210204T161500Z,https://static.reuters.com/resources/r/?m=02&d=20210204&t=2&i=1550288827&r=LYNXMPEH130JJ,reuters.com,English,United States,2021-02-04 16:15:00+00:00,GME
https://www.reuters.com/article/us-retail-trade/short-seller-hindenburg-takes-aim-at-clover-health-as-reddit-rally-fades-idUSKBN2A40Z0,https://mobile.reuters.com/article/amp/idUSKBN2A40Z0,Short - seller Hindenburg takes aim at Clover Health as Reddit rally fades,20210204T161500Z,https://static.reuters.com/resources/r/?m=02&d=20210204&t=2&i=1550288827&r=LYNXMPEH130JJ,reuters.com,English,United States,2021-02-04 16:15:00+00:00,GME
https://www.vox.com/the-goods/22264303/wallstreetbets-reddit-gamestop-stocks-language-community,https://www.vox.com/platform/amp/the-goods/22264303/wallstreetbets-reddit-gamestop-stocks-language-community,WallStreetBets has its own language : What stock rocket ships and diamond hands tell us about America,20210204T161500Z,https://cdn.vox-cdn.com/thumbor/hcYDFd2SwBhUrC-AqCd3YHFgdEA=/0x358:5000x2976/fit-in/1200x630/cdn.vox-cdn.com/uploads/chorus_asset/file/22278656/GettyImages_1230922230.jpg,vox.com,English,United States,2021-02-04 16:15:00+00:00,GME
https://www.theglobeandmail.com/investing/investment-ideas/article-gamestop-amc-stock-subdued-amid-signs-wild-reddit-driven-gyrations-are/,,Reddit rally fades as prominent short seller takes aim at another target,20210204T161500Z,https://www.theglobeandmail.com/resizer/yjeP4zua63-EmpoiTpA8j8hS85Y=/1200x0/filters:quality(80)/cloudfront-us-east-1.images.arcpublishing.com/tgam/OOTF3CBUXRJT5LGKGX6DES2KB4.JPG,theglobeandmail.com,English,Canada,2021-02-04 16:15:00+00:00,GME
https://www.metro.us/short-seller-hindenburg-takes-aim-2/,https://www.metro.us/short-seller-hindenburg-takes-aim-2/amp/,Short - seller Hindenburg takes aim at Clover Health as Reddit rally fades,20210204T163000Z,https://www.metro.us/wp-content/uploads/Reuters_Direct_Media/USOnlineReportBusinessNews/tagreuters.com2021binary_LYNXMPEH130JJ-BASEIMAGE.jpg,metro.us,English,United States,2021-02-04 16:30:00+00:00,GME
https://investorplace.com/2021/02/dogecoin-price-predictions-how-far-can-elon-musks-memes-take-doge/,https://investorplace.com/2021/02/dogecoin-price-predictions-how-far-can-elon-musks-memes-take-doge/amp/,Dogecoin Price Predictions : How Far Can Elon Musk Take DOGE ? ,20210204T170000Z,https://investorplace.com/wp-content/uploads/2021/01/doge-1.jpg,investorplace.com,English,United States,2021-02-04 17:00:00+00:00,GME
https://isp.netscape.com/pf/story/0002/20210204/KBN2A40Z0_4,,Short - seller Hindenburg takes aim at Clover Health as Reddit rally fades,20210204T171500Z,,isp.netscape.com,English,United States,2021-02-04 17:15:00+00:00,GME
https://www.fool.com/investing/2021/02/04/should-you-invest-in-amc-stock-right-now/,https://www.fool.com/amp/investing/2021/02/04/should-you-invest-in-amc-stock-right-now/,Should You Invest in AMC Stock Right Now ? ,20210204T173000Z,https://g.foolcdn.com/editorial/images/611015/red-movie-theater-seats.jpg,fool.com,English,United States,2021-02-04 17:30:00+00:00,GME
https://www.fool.com/investing/2021/02/04/should-you-invest-in-amc-stock-right-now/?source=iedfolrf0000001,https://www.fool.com/amp/investing/2021/02/04/should-you-invest-in-amc-stock-right-now/,Should You Invest in AMC Stock Right Now ? ,20210204T180000Z,https://g.foolcdn.com/editorial/images/611015/red-movie-theater-seats.jpg,fool.com,English,United States,2021-02-04 18:00:00+00:00,GME
https://www.reuters.com/article/BigStory12/idUSKBN2A40Z0,https://mobile.reuters.com/article/amp/idUSKBN2A40Z0,Short - seller Hindenburg takes aim at Clover Health as Reddit rally fades,20210204T180000Z,https://static.reuters.com/resources/r/?m=02&d=20210204&t=2&i=1550345866&r=LYNXMPEH130JJ,reuters.com,English,United States,2021-02-04 18:00:00+00:00,GME
https://www.kxly.com/i/should-you-invest-in-amc-stock-right-now/,,Should You Invest in AMC Stock Right Now ? ,20210204T183000Z,https://wpcdn.us-east-1.vip.tn-cloud.net/www.kxly.com/content/uploads/2021/02/601c30ef032cc.image_.jpg,kxly.com,English,United States,2021-02-04 18:30:00+00:00,GME
https://www.investors.com/news/gamestop-stock-amc-stock-yellen-meets-regulators-reddit-short-squeeze/,,"GameStop Stock , AMC Fall As Yellen Meets Regulators On Reddit Short Squeeze",20210204T183000Z,https://www.investors.com/wp-content/uploads/2021/02/BIZ04_yellen_020421_news.jpg,investors.com,English,United States,2021-02-04 18:30:00+00:00,GME
https://www.streetauthority.com/18793/this-weird-investment-could-be-the-key-to-life-changing-gains/,,This  Weird  Investment Could Be The Key To Life - Changing Gains ... ,20210204T190000Z,https://cdn1.streetauthority.com/uploads/2019/04/0034_Growth-Ahead-Road-Sign.png,streetauthority.com,English,United States,2021-02-04 19:00:00+00:00,GME
https://www.oann.com/short-seller-hindenburg-takes-aim-at-clover-health-as-reddit-rally-fades/,,Short - seller Hindenburg takes aim at Clover Health as Reddit rally fades,20210204T193000Z,,oann.com,English,United States,2021-02-04 19:30:00+00:00,GME
https://www.fool.com/investing/2021/02/04/gamestop-has-1-undeniable-advantage/?source=iedfolrf0000001,https://www.fool.com/amp/investing/2021/02/04/gamestop-has-1-undeniable-advantage/,GameStop Has 1 Undeniable Advantage | The Motley Fool,20210204T194500Z,https://g.foolcdn.com/editorial/images/610917/gettyimages-1174957456.jpg,fool.com,English,United States,2021-02-04 19:45:00+00:00,GME
https://magicvalley.com/business/investment/personal-finance/should-you-invest-in-amc-stock-right-now/article_7351857a-22f6-5a38-8c92-e80bfadcd26f.html,https://magicvalley.com/business/investment/personal-finance/should-you-invest-in-amc-stock-right-now/article_7351857a-22f6-5a38-8c92-e80bfadcd26f.amp.html,Should You Invest in AMC Stock Right Now ? ,20210204T200000Z,https://bloximages.chicago2.vip.townnews.com/magicvalley.com/content/tncms/assets/v3/editorial/b/66/b66c94cf-905a-5bdc-84ac-9820ce073e4a/601c33af4a421.image.jpg?crop=700%2C394%2C0%2C36,magicvalley.com,English,United States,2021-02-04 20:00:00+00:00,GME
https://www.benzinga.com/news/21/02/19496812/koss-family-cashes-out-amid-reddit-fueled-short-squeeze,https://amp.benzinga.com/amp/content/19496812,"Koss Corporation ( NASDAQ : KOSS ), Gamestop Corporation ( NYSE : GME ) - Koss Family Cashes Out Amid Reddit - Fueled Short Squeeze",20210204T200000Z,,benzinga.com,English,United States,2021-02-04 20:00:00+00:00,GME
https://www.infowars.com/posts/from-goat-to-scapegoat-redditor-who-made-millions-during-gamestop-chaos-already-being-set-up-to-take-the-fall/,,From GOAT To Scapegoat : Redditor Who Made Millions During Gamestop Chaos Already Being Set Up To Take The Fall,20210204T201500Z,https://api-assets.infowars.com/2021/02/2-4-21-reddddd.jpg,infowars.com,English,United States,2021-02-04 20:15:00+00:00,GME
https://slate.com/business/2021/02/gamestock-stock-gme-gambling-casinos-wallstreetbets.html,https://slate.com/business/2021/02/gamestock-stock-gme-gambling-casinos-wallstreetbets.amp,The GameStop stock is part of our national pandemic gambling binge . ,20210204T203000Z,https://compote.slate.com/images/ba9aa4db-56cc-4627-bb1c-dac6bf7fa8d5.jpeg?&rect=780x520&offset=0x0,slate.com,English,United States,2021-02-04 20:30:00+00:00,GME
https://omaha.com/business/investment/personal-finance/should-you-invest-in-amc-stock-right-now/article_d9caa3f6-89ce-5d67-ba2f-0b520d4e73fd.html,https://omaha.com/business/investment/personal-finance/should-you-invest-in-amc-stock-right-now/article_d9caa3f6-89ce-5d67-ba2f-0b520d4e73fd.amp.html,Should You Invest in AMC Stock Right Now ? ,20210204T204500Z,https://bloximages.newyork1.vip.townnews.com/omaha.com/content/tncms/assets/v3/editorial/0/25/0258dbd7-43ae-5ef7-af53-c7fba2ccc742/601c338e0877b.image.jpg?crop=700%2C394%2C0%2C36,omaha.com,English,United States,2021-02-04 20:45:00+00:00,GME
https://www.news8000.com/i/should-you-invest-in-amc-stock-right-now/,,Should You Invest in AMC Stock Right Now ? ,20210204T210000Z,https://wpcdn.us-east-1.vip.tn-cloud.net/www.news8000.com/content/uploads/2021/02/601c30ef032cc.image_.jpg,news8000.com,English,United States,2021-02-04 21:00:00+00:00,GME
https://www.fool.com/investing/2021/02/04/gamestop-has-1-undeniable-advantage/,https://www.fool.com/amp/investing/2021/02/04/gamestop-has-1-undeniable-advantage/,GameStop Has 1 Undeniable Advantage | The Motley Fool,20210204T211500Z,https://g.foolcdn.com/editorial/images/610917/gettyimages-1174957456.jpg,fool.com,English,United States,2021-02-04 21:15:00+00:00,GME
https://www.benzinga.com/markets/cannabis/21/02/19498735/sundial-growers-closes-74-5m-offering-after-being-targeted-by-wallstreetbets,https://amp.benzinga.com/amp/content/19498735,"AMC Entertainment Holdings ( AMC ), Gamestop Corp . ( GME ) - Sundial Growers Closes $74 . 5M Offering After Being Targeted By WallStreetBets",20210204T213000Z,,benzinga.com,English,United States,2021-02-04 21:30:00+00:00,GME
https://www.channel3000.com/i/should-you-invest-in-amc-stock-right-now/,,Should You Invest in AMC Stock Right Now ? - Channel3000 . com,20210204T214500Z,https://wpcdn.us-east-1.vip.tn-cloud.net/www.channel3000.com/content/uploads/2021/02/601c30ef032cc.image_.jpg,channel3000.com,English,United States,2021-02-04 21:45:00+00:00,GME
https://www.790business.com/news/stop-f-ing-selling-wallstreetbets-redditors-go-ballistic-over-gamestops-sinking-share-price/,,  Stop f ing selling !!! WallStreetBets Redditors go ballistic over GameStop sinking share price,20210204T214500Z,,790business.com,English,United States,2021-02-04 21:45:00+00:00,GME
https://www.jdsupra.com/legalnews/what-just-happened-the-gamestop-frenzy-2892854/,,"What Just Happened ? The GameStop Frenzy , Legal Questions , and Lessons for Companies | Parker Poe Adams & Bernstein LLP",20210204T220000Z,https://jdsupra-static.s3.amazonaws.com/profile-images/og.15386_0617.jpg,jdsupra.com,English,United States,2021-02-04 22:00:00+00:00,GME
https://www.stltoday.com/business/investment/personal-finance/should-you-invest-in-amc-stock-right-now/article_65e9efe2-02c5-5834-acd8-6381be7d0e3a.html,https://www.stltoday.com/business/investment/personal-finance/should-you-invest-in-amc-stock-right-now/article_65e9efe2-02c5-5834-acd8-6381be7d0e3a.amp.html,Should You Invest in AMC Stock Right Now ? ,20210204T220000Z,https://bloximages.newyork1.vip.townnews.com/stltoday.com/content/tncms/assets/v3/editorial/0/a9/0a9d3faf-f203-5dda-85d7-5eec15850868/601c32df98b75.image.jpg?crop=700%2C394%2C0%2C36,stltoday.com,English,United States,2021-02-04 22:00:00+00:00,GME
https://www.kmjnow.com/news/stop-f-ing-selling-wallstreetbets-redditors-go-ballistic-over-gamestops-sinking-share-price/,,  Stop f ing selling !!! WallStreetBets Redditors go ballistic over GameStop sinking share price,20210204T223000Z,,kmjnow.com,English,United States,2021-02-04 22:30:00+00:00,GME
https://www.today.com/news/student-who-made-30k-gamestop-donates-children-s-hospital-t208042,https://www.today.com/today/amp/tdna208042,Student who made $30K on GameStop donates to children hospital,20210204T224500Z,,today.com,English,United States,2021-02-04 22:45:00+00:00,GME
https://www.gobankingrates.com/investing/stocks/yellen-meets-key-financial-regulators-discuss-gamestop-saga/,https://www.gobankingrates.com/investing/stocks/yellen-meets-key-financial-regulators-discuss-gamestop-saga/amp/,Yellen Meets with Key Financial Regulators to Discuss GameStop Saga,20210204T230000Z,https://cdn.gobankingrates.com/wp-content/uploads/yellen-speech.jpg,gobankingrates.com,English,United States,2021-02-04 23:00:00+00:00,GME
https://www.washingtontimes.com:443/news/2021/feb/4/section-230-enabled-reddit-to-challenge-wall-stree/,http://amp.washingtontimes.com/news/2021/feb/4/section-230-enabled-reddit-to-challenge-wall-stree/,Section 230 enabled Reddit to challenge Wall Street,20210204T231500Z,,washingtontimes.com,English,United States,2021-02-04 23:15:00+00:00,GME
https://www.washingtontimes.com/news/2021/feb/4/section-230-enabled-reddit-to-challenge-wall-stree/,http://amp.washingtontimes.com/news/2021/feb/4/section-230-enabled-reddit-to-challenge-wall-stree/,Section 230 enabled Reddit to challenge Wall Street,20210204T234500Z,,washingtontimes.com,English,United States,2021-02-04 23:45:00+00:00,GME
https://www.wmac-am.com/news/stop-f-ing-selling-wallstreetbets-redditors-go-ballistic-over-gamestops-sinking-share-price/,,  Stop f ing selling !!! WallStreetBets Redditors go ballistic over GameStop sinking share price,20210205T003000Z,,wmac-am.com,English,United States,2021-02-05 00:30:00+00:00,GME
https://www.bostonglobe.com/2021/02/05/business/more-losses-more-scrutiny-gamestop-plunges-again/,https://www.bostonglobe.com/2021/02/05/business/more-losses-more-scrutiny-gamestop-plunges-again/?outputType=amp,"More losses , and more scrutiny , as GameStop plunges again",20210205T004500Z,https://bostonglobe-prod.cdn.arcpublishing.com/resizer/vmSuh10pWclB3nFyDMYpQT8xQx8=/506x0/cloudfront-us-east-1.images.arcpublishing.com/bostonglobe/4RSQLVPMNJBBVC4EFRZCUB7MXU.png,bostonglobe.com,English,United States,2021-02-05 00:45:00+00:00,GME
https://www.nytimes.com/live/2021/02/04/business/stock-market-today/pelotons-quarterly-sales-exceed-1-billion-even-as-delivery-remains-an-issue,,"GameStop , AMC and Other  Meme Stock Collapse : Live Updates",20210205T013000Z,https://static01.nyt.com/images/2021/02/04/business/04economy-briefing-peloton/merlin_182544321_7b4cae3c-fe43-4da3-8448-15bef729ebe7-facebookJumbo.jpg,nytimes.com,English,United States,2021-02-05 01:30:00+00:00,GME
https://www.zerohedge.com/markets/so-microcap-biotechs-where-action-next,,So Microcap Biotechs Is Where The Market Insanity Is Next ... ,20210205T013000Z,https://zh-prod-1cc738ca-7d3b-4a72-b792-20bd8d8fa069.storage.googleapis.com/s3fs-public/styles/16_9_max_700/public/2021-02/trader%20hand%20on%20head.jpg?itok=00RAS_3w,zerohedge.com,English,United States,2021-02-05 01:30:00+00:00,GME
https://www.dailymail.co.uk/news/article-9226027/GameStop-stock-drops-42-day-Reddit-rally-turns-small-pharmaceutical-companies.html,https://www.dailymail.co.uk/news/article-9226027/amp/GameStop-stock-drops-42-day-Reddit-rally-turns-small-pharmaceutical-companies.html,GameStop stock drops by 42 % in a day as    Reddit rally  turns to small pharmaceutical companies,20210205T023000Z,https://i.dailymail.co.uk/1s/2021/02/05/01/38902956-0-image-a-26_1612489211410.jpg,dailymail.co.uk,English,United Kingdom,2021-02-05 02:30:00+00:00,GME
https://www.wfnc640am.com/news/stop-f-ing-selling-wallstreetbets-redditors-go-ballistic-over-gamestops-sinking-share-price/,,  Stop f ing selling !!! WallStreetBets Redditors go ballistic over GameStop sinking share price,20210205T030000Z,,wfnc640am.com,English,United States,2021-02-05 03:00:00+00:00,GME
https://www.9news.com.au/world/wallstreetbets-redditors-go-ballistic-over-gamestops-sinking-share-price/58dfe6fd-bd9e-4376-a3a4-dabe71cab21d,https://amp.9news.com.au/article/58dfe6fd-bd9e-4376-a3a4-dabe71cab21d,GameStop sinking share price is sending WallStreetBets Redditors ballistic,20210205T033000Z,https://imageresizer.static9.net.au/j9o03-UMAHQPCsMnTGD7PhbPYfg=/0x104:2000x1229/1200x628/smart/https%3A%2F%2Fprod.static9.net.au%2Ffs%2F20d62fba-796a-4554-ac2b-8244071c1989,9news.com.au,English,Australia,2021-02-05 03:30:00+00:00,GME
https://www.fool.com/investing/2021/02/04/everyones-talking-about-reddit-stocks-but-these-un/,https://www.fool.com/amp/investing/2021/02/04/everyones-talking-about-reddit-stocks-but-these-un/,"Everyone Talking About Reddit Stocks , But These Underfollowed Stocks Are Better Buys",20210205T040000Z,https://g.foolcdn.com/editorial/images/611675/gettyimages-1299623462.jpg,fool.com,English,United States,2021-02-05 04:00:00+00:00,GME
https://www.channel3000.com/stop-f-ing-selling-wallstreetbets-redditors-go-ballistic-over-gamestops-sinking-share-price/,,  Stop f --- ing selling !!! WallStreetBets Redditors go ballistic over GameStop sinking share price,20210205T043000Z,https://wpcdn.us-east-1.vip.tn-cloud.net/www.channel3000.com/content/uploads/2021/02/cnn-2021-02-04t215837437.jpg,channel3000.com,English,United States,2021-02-05 04:30:00+00:00,GME
https://www.fool.com/investing/2021/02/04/4-reasons-you-should-avoid-gamestop-amc-and-other/?source=iedfolrf0000001,https://www.fool.com/amp/investing/2021/02/04/4-reasons-you-should-avoid-gamestop-amc-and-other/,"4 Reasons You Should Avoid GameStop , AMC , and Other WallStreetBets Stocks",20210205T043000Z,https://g.foolcdn.com/editorial/images/610829/gettyimages-154953549.jpg,fool.com,English,United States,2021-02-05 04:30:00+00:00,GME
https://www.fool.com/investing/2021/02/03/gamestop-investors-wall-street-goliath-by-twitter/?source=iedfolrf0000001,https://www.fool.com/amp/investing/2021/02/03/gamestop-investors-wall-street-goliath-by-twitter/,"How GameStop Investors Took On the Wall Street Goliath , as Told by Twitter",20210205T043000Z,https://g.foolcdn.com/editorial/images/610728/investor-looking-at-stock-market-charts-1.jpg,fool.com,English,United States,2021-02-05 04:30:00+00:00,GME
https://www.fool.com/investing/2021/02/04/try-to-game-stock-market-youre-going-to-get-played/?source=iedfolrf0000001,https://www.fool.com/amp/investing/2021/02/04/try-to-game-stock-market-youre-going-to-get-played/,"If You Try to Game the Stock Market , Youre Going to Get Played",20210205T043000Z,https://g.foolcdn.com/editorial/images/610764/buy-sell-stock-market-rolling-dice-getty.jpg,fool.com,English,United States,2021-02-05 04:30:00+00:00,GME
https://www.fool.com/investing/2021/02/04/everyones-talking-about-reddit-stocks-but-these-un/?source=iedfolrf0000001,https://www.fool.com/amp/investing/2021/02/04/everyones-talking-about-reddit-stocks-but-these-un/,"Everyone Talking About Reddit Stocks , But These Underfollowed Stocks Are Better Buys",20210205T050000Z,https://g.foolcdn.com/editorial/images/611675/gettyimages-1299623462.jpg,fool.com,English,United States,2021-02-05 05:00:00+00:00,GME
https://www.benzinga.com/news/21/02/19504724/why-ata-creativity-skyrocketed-951-today,https://amp.benzinga.com/amp/content/19504724," ( AACG ), ( AMC ) - Why ATA Creativity Skyrocketed 951 % Today",20210205T053000Z,,benzinga.com,English,United States,2021-02-05 05:30:00+00:00,GME
https://www.news.com.au/finance/markets/world-markets/gamestop-stock-plummets-as-reddit-rally-moves-to-new-sector/news-story/ea7f68366652cc823baf27e1332ad1bb,https://amp.news.com.au/finance/markets/world-markets/gamestop-stock-plummets-as-reddit-rally-moves-to-new-sector/news-story/ea7f68366652cc823baf27e1332ad1bb,GameStop stock plummets as Reddit rally moves to new sector,20210205T060000Z,https://cdn.newsapi.com.au/image/v1/3199baacda9eebe4b929e18950be8f93,news.com.au,English,Australia,2021-02-05 06:00:00+00:00,GME
https://investingnews.com/daily/resource-investing/precious-metals-investing/silver-investing/david-morgan-silver-price-market-activity/,,David Morgan : Silver Price Not Reflecting Market Activity,20210205T060000Z,https://cdn.investingnews.com/app/uploads/2021/02/david-morgan-silver-price-market-activity.jpg,investingnews.com,English,Canada,2021-02-05 06:00:00+00:00,GME
https://www.bursa.ro/a-horde-of-barbarians-from-reddit-has-scared-the-swooning-ladies-of-wall-street-the-revolt-against-the-hedge-funds-the-last-hope-of-capitalism-68630243,,"A HORDE OF BARBARIANS FROM REDDIT HAS SCARED THE SWOONING LADIES OF WALL STREET The revolt against the hedge funds , the last hope of capitalism ? ",20210205T074500Z,https://www.bursa.ro/__v1/_css/responsive/_img/sigla_mare_f.jpg,bursa.ro,English,Romania,2021-02-05 07:45:00+00:00,GME
https://investorplace.com/2021/02/help-should-i-sell-gamestop-and-amc-stock-now-or-hold-for-a-recovery/,https://investorplace.com/2021/02/help-should-i-sell-gamestop-and-amc-stock-now-or-hold-for-a-recovery/amp/,Help ! Should I Sell GME and AMC Stock Now or Hold for a Recovery ? ,20210205T080000Z,https://investorplace.com/wp-content/uploads/2021/02/gme1600-1024x576.jpg,investorplace.com,English,United States,2021-02-05 08:00:00+00:00,GME
http://www.tribtown.com/2021/02/05/has_gamestop_changed_rules_for_successful_investing/,,Has GameStop changed rules for successful investing ? ,20210205T090000Z,https://d1bdhkmqqz901h.cloudfront.net/1200x630/smart/http://www.tribtown.com/wp-content/files/sites/10/2016/07/iStock_89829865_MEDIUM.jpg,tribtown.com,English,United States,2021-02-05 09:00:00+00:00,GME
https://www.fool.com/investing/2021/02/05/3-reddit-stocks-could-fall-75-to-94-wall-street/?source=iedfolrf0000001,https://www.fool.com/amp/investing/2021/02/05/3-reddit-stocks-could-fall-75-to-94-wall-street/,"3 Reddit Stocks That Could Fall 75 % to 94 %, According to Wall Street",20210205T113000Z,https://g.foolcdn.com/editorial/images/610952/burn-money-dividend-investment-loss-cash-getty.jpg,fool.com,English,United States,2021-02-05 11:30:00+00:00,GME
https://abcnews.go.com/Business/gamestop-timeline-closer-saga-upended-wall-street/story?id=75617315,https://abcnews.go.com/amp/Business/gamestop-timeline-closer-saga-upended-wall-street/story?id=75617315,GameStop timeline : A closer look at the saga that upended Wall Street,20210205T114500Z,https://s.abcnews.com/images/Business/gamestop-sh-rc-210203_1612371357431_hpMain_16x9_992.jpg,abcnews.go.com,English,United States,2021-02-05 11:45:00+00:00,GME
https://www.fool.com/investing/2021/02/05/3-reddit-stocks-could-fall-75-to-94-wall-street/,https://www.fool.com/amp/investing/2021/02/05/3-reddit-stocks-could-fall-75-to-94-wall-street/,"3 Reddit Stocks That Could Fall 75 % to 94 %, According to Wall Street",20210205T121500Z,https://g.foolcdn.com/editorial/images/610952/burn-money-dividend-investment-loss-cash-getty.jpg,fool.com,English,United States,2021-02-05 12:15:00+00:00,GME
https://www.hedgeweek.com/2021/02/05/295526/dust-settles-gamestop-carnage-hedge-funds-ponder-lasting-impact-reddit-raid-short,,"As dust settles on GameStop carnage , hedge funds ponder lasting impact of  Reddit raid  on short selling",20210205T134500Z,,hedgeweek.com,English,United Kingdom,2021-02-05 13:45:00+00:00,GME
https://www.mauldineconomics.com/editorial/3-stocks-with-gamestop-profit-potential,https://www.mauldineconomics.com/editorial/amp/3-stocks-with-gamestop-profit-potential,3 Stocks with GameStop Profit Potential - Mauldin Economics,20210205T140000Z,,mauldineconomics.com,English,United States,2021-02-05 14:00:00+00:00,GME
https://www.reuters.com/article/us-retail-trading/gamestop-shares-rise-after-robinhood-lifts-trading-curbs-idUSKBN2A51QV,https://mobile.reuters.com/article/amp/idUSKBN2A51QV,GameStop shares rise after Robinhood lifts trading curbs,20210205T144500Z,https://static.reuters.com/resources/r/?m=02&d=20210205&t=2&i=1550471697&r=LYNXMPEH14112,reuters.com,English,United States,2021-02-05 14:45:00+00:00,GME
https://www.theglobeandmail.com/investing/investment-ideas/article-gamestop-shares-rise-after-robinhood-lifts-trading-curbs/,,GameStop shares rise after Robinhood lifts trading curbs,20210205T153000Z,https://www.theglobeandmail.com/resizer/aKGx5qy7vGZ6UerZgk6QqM53nMw=/1200x0/filters:quality(80)/cloudfront-us-east-1.images.arcpublishing.com/tgam/L3QAAJSEKRMNHITR2H77XNFU7Y.JPG,theglobeandmail.com,English,Canada,2021-02-05 15:30:00+00:00,GME
https://www.reuters.com/article/businessNews/idUSKBN2A51QV,https://mobile.reuters.com/article/amp/idUSKBN2A51QV,GameStop shares rise after Robinhood lifts trading curbs,20210205T153000Z,https://static.reuters.com/resources/r/?m=02&d=20210205&t=2&i=1550471697&r=LYNXMPEH14112,reuters.com,English,United States,2021-02-05 15:30:00+00:00,GME
https://www.channelnewsasia.com/news/business/gamestop-shares-rise-after-robinhood-lifts-trading-curbs-14121488,,GameStop shares rise after Robinhood lifts trading curbs,20210205T153000Z,,channelnewsasia.com,English,United States,2021-02-05 15:30:00+00:00,GME
https://www.business-standard.com/article/international/gamestop-shares-rise-after-robinhood-removes-trading-restrictions-121020501855_1.html,https://wap.business-standard.com/article-amp/international/gamestop-shares-rise-after-robinhood-removes-trading-restrictions-121020501855_1.html,GameStop shares rise after Robinhood removes trading restrictions,20210205T161500Z,https://bsmedia.business-standard.com/_media/bs/img/article/2021-01/29/full/1611865663-6248.jpg,business-standard.com,English,India,2021-02-05 16:15:00+00:00,GME
https://www.investors.com/news/gamestop-stock-robinhood-lifts-trading-limits-regulators-start-review/,,GameStop Stock Rises As Robinhood Lifts Trading Limits But Regulators To Start Review,20210205T164500Z,https://www.investors.com/wp-content/uploads/2018/09/stock-robinhood-01-shutter.jpg,investors.com,English,United States,2021-02-05 16:45:00+00:00,GME
https://www.crowdfundinsider.com/2021/02/171944-sec-is-reviewing-social-media-posts-agency-is-looking-for-potential-fraud-due-to-activities-tied-to-wallstreetbets-gamestop/,https://www.crowdfundinsider.com/2021/02/171944-sec-is-reviewing-social-media-posts-agency-is-looking-for-potential-fraud-due-to-activities-tied-to-wallstreetbets-gamestop/amp/,"SEC Is Reviewing Social Media Posts , Agency Is Looking for Potential Fraud due to Activities tied to WallStreetBets , GameStop",20210205T164500Z,https://www.crowdfundinsider.com/wp-content/uploads/2016/03/Money-Eyes-Benjamin-Look-See.jpg,crowdfundinsider.com,English,United Kingdom,2021-02-05 16:45:00+00:00,GME
https://isp.netscape.com/pf/story/0002/20210205/KBN2A51QV_1,,GameStop shares rise after Robinhood lifts trading curbs - Netscape Money & Business,20210205T170000Z,,isp.netscape.com,English,United States,2021-02-05 17:00:00+00:00,GME
https://www.benzinga.com/analyst-ratings/analyst-color/21/02/19514410/gamestop-rebounds-after-robinhood-lifts-buying-restrictions,https://amp.benzinga.com/amp/content/19514410,"Gamestop Corporation ( NYSE : GME ), ( AMC ) - GameStop Rebounds After Robinhood Lifts Buying Restrictions",20210205T173000Z,,benzinga.com,English,United States,2021-02-05 17:30:00+00:00,GME
https://www.theedgemarkets.com/article/gamestop-shares-rise-after-robinhood-lifts-trading-curbs,,GameStop shares rise after Robinhood lifts trading curbs,20210205T180000Z,,theedgemarkets.com,English,Malaysia,2021-02-05 18:00:00+00:00,GME
https://www.msn.com/en-us/money/markets/there-was-no-silver-squeeze-and-now-the-market-is-falling/ar-BB1dqmA3,,"There Was No Silver Squeeze , and Now the Market Is Falling",20210205T181500Z,,msn.com,English,United States,2021-02-05 18:15:00+00:00,GME
https://www.christianpost.com/voices/ask-chuck-explaining-the-gamestop-frenzy.html,https://www.christianpost.com/amp/ask-chuck-explaining-the-gamestop-frenzy.html,Ask Chuck : Explaining the GameStop frenzy,20210205T183000Z,https://cdn.christianpost.com/files/original/thumbnail/24/14/241442.jpg,christianpost.com,English,United States,2021-02-05 18:30:00+00:00,GME
https://www.christianpost.com:443/voices/ask-chuck-explaining-the-gamestop-frenzy.html,https://www.christianpost.com/amp/ask-chuck-explaining-the-gamestop-frenzy.html,Ask Chuck : Explaining the GameStop frenzy,20210205T183000Z,https://cdn.christianpost.com/files/original/thumbnail/24/14/241442.jpg,christianpost.com,English,United States,2021-02-05 18:30:00+00:00,GME
https://www.lmtonline.com/entertainment/article/We-Were-All-Cocky-AMC-Investors-Reflect-on-15928032.php,,  We Were All Cocky : AMC Investors Reflect on Their Bid to Take Stock to the Moon,20210205T190000Z,https://s.hdnux.com/photos/01/16/37/57/20577216/3/rawImage.jpg,lmtonline.com,English,United States,2021-02-05 19:00:00+00:00,GME
https://ktvz.com/money/2021/02/05/stop-f-ing-selling-wallstreetbets-redditors-go-ballistic-over-gamestops-sinking-share-price/,https://ktvz.com/amp/stop-f-ing-selling-wallstreetbets-redditors-go-ballistic-over-gamestops-sinking-share-price,  Stop f - ing selling !!! WallStreetBets Redditors go ballistic over GameStop sinking share price,20210205T190000Z,https://ktvz.b-cdn.net/2021/02/zdMDJueC-hypatia-h_341e24e24ab1c4aa408a002292d50cb6-h_1e42c21d1da2653d754da45f83911a58_preview.jpg,ktvz.com,English,United States,2021-02-05 19:00:00+00:00,GME
https://www.nationofchange.org/2021/02/05/the-revealing-short-squeeze-populism-comes-for-wall-street/,,The ( revealing ) short squeeze : Populism comes for Wall Street ? ,20210205T193000Z,https://i1.wp.com/www.nationofchange.org/wp-content/uploads/2021/02/60144b8ca7c0c4001991de26.png?fit=700%2C350&ssl=1,nationofchange.org,English,United States,2021-02-05 19:30:00+00:00,GME
https://www.businessinsider.com/how-gamestop-and-reddit-changed-robinhoods-future-2021-2,,How GameStop and Reddit changed Robinhood future,20210205T204500Z,https://i.insider.com/601af8c9ee136f00183aa1f1?&format=jpeg,businessinsider.com,English,United States,2021-02-05 20:45:00+00:00,GME
https://www.investors.com/market-trend/stock-market-today/dow-jones-rallies-kamala-harris-breaks-senate-covid-stimulus-deadlock-gamestop-stock-surges/,,Dow Jones Rallies As Kamala Harris Breaks Senate Stimulus Deadlock ; GameStop Surges Amid Breakouts,20210205T210000Z,https://www.investors.com/wp-content/uploads/2021/02/SMT-kamalaharris-02-news.jpg,investors.com,English,United States,2021-02-05 21:00:00+00:00,GME
https://www.kxel.com/news/gamestop-timeline-a-closer-look-at-the-saga-that-upended-wall-street/,,GameStop timeline : A closer look at the saga that upended Wall Street,20210205T211500Z,,kxel.com,English,United States,2021-02-05 21:15:00+00:00,GME
https://www.insidermonkey.com/blog/maplelanes-top-10-stock-holdings-917627/,,Maplelane Top 10 Stock Holdings - Insider Monkey,20210205T214500Z,https://d2gr5kl7dt2z3t.cloudfront.net/blog/wp-content/uploads/2017/01/18113826/58781546_m.jpg,insidermonkey.com,English,United States,2021-02-05 21:45:00+00:00,GME
https://www.gobankingrates.com/investing/stocks/robinhood-lifts-trading-restrictions-gamestop-gains-evaporate/,,Robinhood Lifts All Trading Restrictions as GameStop Gains Evaporate,20210205T221500Z,https://cdn.gobankingrates.com/wp-content/uploads/2020/09/Vladimir-Tenev-GettyImages-530148986-1024x576.jpg,gobankingrates.com,English,United States,2021-02-05 22:15:00+00:00,GME
https://www.theverge.com/tldr/22268952/gamestop-stock-stonks-reddit-wallstreetbets-movies-tv-shows-hbo-netflix,https://www.theverge.com/platform/amp/tldr/22268952/gamestop-stock-stonks-reddit-wallstreetbets-movies-tv-shows-hbo-netflix,"Please GameStop it , Hollywood",20210205T223000Z,https://cdn.vox-cdn.com/thumbor/cjpXnO_4BPrr1ORYwsFIcTzavhY=/0x187:2603x1550/fit-in/1200x630/cdn.vox-cdn.com/uploads/chorus_asset/file/22263402/gamestop_sean_hollister_stock_photo.jpg,theverge.com,English,United States,2021-02-05 22:30:00+00:00,GME
https://www.institutionalinvestor.com/article/b1qfm3mlgbty1v/Hedge-Funds-Always-Win,,Hedge Funds Always Win,20210205T223000Z,https://institutionalinvestor.euromoneycdn.com/media/AMG/II/articles/1/1/1/Gamesteop_RedditColumn.jpg,institutionalinvestor.com,English,United States,2021-02-05 22:30:00+00:00,GME
https://www.benzinga.com/markets/cannabis/21/02/19515862/the-week-in-cannabis-stocks-up-by-double-digits-on-jazz-pharmas-gwph-acquisition-potential-feder,https://amp.benzinga.com/amp/content/19515862,"ALEAFIA HEALTH INC ORD by Aleafia Health Inc . ( ALEAF ), AMC Entertainment Holdings ( AMC ), HEMPFUSION WELLNESS INC by Hempfusion Wellness Inc . ( CBDHF ), Canopy Growth Corp ( CGC ), GABRIELLAS KITCHEN INC by Gabriella Kitchen Inc . ( GABLF ), Gam...",20210205T223000Z,,benzinga.com,English,United States,2021-02-05 22:30:00+00:00,GME
https://www.fool.com.au/2021/02/06/to-short-or-not-to-short-gamestop-nysegme-ripple-effect-endures/,https://www.fool.com.au/2021/02/06/to-short-or-not-to-short-gamestop-nysegme-ripple-effect-endures/amp/,To short or not to short ? GameStop ( NYSE : GME ) ripple effect endures,20210205T224500Z,https://www.fool.com.au/wp-content/uploads/2021/02/short-sell.jpg,fool.com.au,English,Australia,2021-02-05 22:45:00+00:00,GME
https://www.reuters.com/article/us-retail-trading/gamestop-shares-halt-slide-after-robinhood-lifts-trading-curbs-idUSKBN2A51QV,https://mobile.reuters.com/article/amp/idUSKBN2A51QV,GameStop shares rise after Robinhood lifts trading curbs,20210205T224500Z,https://static.reuters.com/resources/r/?m=02&d=20210205&t=2&i=1550471697&r=LYNXMPEH14112,reuters.com,English,United States,2021-02-05 22:45:00+00:00,GME
https://www.msn.com/en-us/money/markets/the-week-in-cannabis-stocks-up-by-double-digits-on-jazz-pharmas-gwph-acquisition-potential-federal-moves/ar-BB1dqJQ8,,"The Week In Cannabis : Stocks Up By Double - Digits On Jazz Pharma GWPH Acquisition , Potential Federal Moves",20210205T224500Z,,msn.com,English,United States,2021-02-05 22:45:00+00:00,GME
https://www.dailymail.co.uk/news/article-9229835/GameStop-shares-JUMP-20-day-remain-far-peak-punishing-week.html,https://www.dailymail.co.uk/news/article-9229835/amp/GameStop-shares-JUMP-20-day-remain-far-peak-punishing-week.html,GameStop shares JUMP 20 % in a day but remain far below their peak,20210205T224500Z,https://i.dailymail.co.uk/1s/2021/02/05/22/38940344-0-image-a-2_1612563029358.jpg,dailymail.co.uk,English,United Kingdom,2021-02-05 22:45:00+00:00,GME
https://www.mintpressnews.com/janet-yellens-conflict-interest-augurs-retail-investment-regulation/275098/,,Janet Yellen Conflict of Interest Augurs Retail Investment Regulation,20210205T231500Z,https://www.mintpressnews.com/wp-content/uploads/2021/02/AP17193551521867-1_edited.jpg,mintpressnews.com,English,United States,2021-02-05 23:15:00+00:00,GME
https://www.940wfaw.com/news/gamestop-timeline-a-closer-look-at-the-saga-that-upended-wall-street/,,GameStop timeline : A closer look at the saga that upended Wall Street,20210205T231500Z,,940wfaw.com,English,United States,2021-02-05 23:15:00+00:00,GME
https://isp.netscape.com/pf/story/0002/20210205/KBN2A51QV_2,,GameStop shares halt slide after Robinhood lifts trading curbs - Netscape Money & Business,20210205T231500Z,,isp.netscape.com,English,United States,2021-02-05 23:15:00+00:00,GME
https://investingnews.com/daily/resource-investing/precious-metals-investing/silver-investing/top-stories-silver-goes-mainstream-whats-next/,,"Silver Goes Mainstream , What Next for the Price ? ",20210205T234500Z,https://cdn.investingnews.com/app/uploads/2020/08/top-stories-this-week.jpg,investingnews.com,English,Canada,2021-02-05 23:45:00+00:00,GME
https://www.oann.com/gamestop-shares-rise-after-robinhood-lifts-trading-curbs/,,GameStop shares rise after Robinhood lifts trading curbs | One America News Network,20210206T000000Z,,oann.com,English,United States,2021-02-06 00:00:00+00:00,GME
https://www.businessinsider.com/gamestop-shares-rise-after-robinhood-lifts-trading-curbs-2021-2,https://www.businessinsider.com/gamestop-shares-rise-after-robinhood-lifts-trading-curbs-2021-2?amp,GameStop shares rise after Robinhood lifts trading curbs,20210206T001500Z,,businessinsider.com,English,United States,2021-02-06 00:15:00+00:00,GME
https://www.theglobeandmail.com/business/commentary/article-trading-frenzy-points-to-need-for-financial-literacy-in-the-social/,https://www.theglobeandmail.com/amp/business/commentary/article-trading-frenzy-points-to-need-for-financial-literacy-in-the-social/,Opinion : Trading frenzy points to need for financial literacy in the social media era,20210206T011500Z,https://www.theglobeandmail.com/resizer/dPPiAk0-NhE6kH0eX4LjGvVRRIg=/1200x0/filters:quality(80)/cloudfront-us-east-1.images.arcpublishing.com/tgam/5CVP4JO4ZRG3ZMBHIXFWYPD2ZU.jpg,theglobeandmail.com,English,Canada,2021-02-06 01:15:00+00:00,GME
https://agenparl.eu/gamestop-shares-rise-after-robinhood-lifts-trading-curbs/,,GameStop shares rise after Robinhood lifts trading curbs Agenparl,20210206T020000Z,https://cdn.datafloq.com/cache/import_article/878x531/tagreuterscom2021binary_lynxmpeh14112-viewimagetokenukfrhuv30fleqau9gdgqjcp8zt5odzyg81kix5wuiti_lmljvzr.JPEG,agenparl.eu,English,,2021-02-06 02:00:00+00:00,GME
https://www.vanguardngr.com/2021/02/bulls-on-stock-parade/,https://www.vanguardngr.com/2021/02/bulls-on-stock-parade/amp/,Bulls on Stock Parade - Vanguard News,20210206T030000Z,https://www.vanguardngr.com/wp-content/uploads/2021/02/Stock-300x258.png,vanguardngr.com,English,Nigeria,2021-02-06 03:00:00+00:00,GME
https://www.moneycontrol.com/news/business/markets/gamestop-shares-halt-slide-after-robinhood-lifts-trading-curbs-6460741.html,https://www.moneycontrol.com/news/business/markets/gamestop-shares-halt-slide-after-robinhood-lifts-trading-curbs-6460741.html/amp,GameStop Shares Halt Slide After Robinhood Lifts Trading Curbs,20210206T044500Z,https://images.moneycontrol.com/static-mcnews/2021/02/gameStop-692x435.jpg,moneycontrol.com,English,India,2021-02-06 04:45:00+00:00,GME
https://www.reuters.com/article/idUSKBN2A51QV,https://mobile.reuters.com/article/amp/idUSKBN2A51QV,GameStop shares halt slide after Robinhood lifts trading curbs,20210206T093000Z,https://static.reuters.com/resources/r/?m=02&d=20210205&t=2&i=1550471697&r=LYNXMPEH14112,reuters.com,English,United States,2021-02-06 09:30:00+00:00,GME
https://www.reuters.com/www.reuters.com/article/us-retail-trading/gamestop-shares-halt-slide-after-robinhood-lifts-trading-curbs-idUSKBN2A51QV,https://mobile.reuters.com/article/amp/idUSKBN2A51QV,GameStop shares halt slide after Robinhood lifts trading curbs,20210206T093000Z,https://s1.reutersmedia.net/resources/r/?m=02&d=20210205&t=2&i=1550471697&r=LYNXMPEH14112,reuters.com,English,United States,2021-02-06 09:30:00+00:00,GME
https://www.globalbankingandfinance.com/gamestop-shares-halt-slide-after-robinhood-lifts-trading-curbs/,https://www.globalbankingandfinance.com/gamestop-shares-halt-slide-after-robinhood-lifts-trading-curbs/amp/,GameStop shares halt slide after Robinhood lifts trading curbs,20210206T101500Z,https://mk0globalbankin3xg02.kinstacdn.com/wp-content/uploads/2021/02/2021-02-05T144024Z_1_LYNXMPEH1411M_RTROPTP_4_RETAIL-TRADING-OPTIONS.jpg,globalbankingandfinance.com,English,United Kingdom,2021-02-06 10:15:00+00:00,GME
https://www.fool.com/investing/2021/02/06/should-investors-be-worried-state-of-stock-market/,https://www.fool.com/amp/investing/2021/02/06/should-investors-be-worried-state-of-stock-market/,Should Investors Be Worried About the State of the Stock Market ? ,20210206T113000Z,https://g.foolcdn.com/editorial/images/610647/capitol-building.jpg,fool.com,English,United States,2021-02-06 11:30:00+00:00,GME
https://omaha.com/business/investment/personal-finance/should-investors-be-worried-about-the-state-of-the-stock-market/article_2fefcfef-8bcc-5bb8-b52a-de36e1463e95.html,,Should Investors Be Worried About the State of the Stock Market ? ,20210206T120000Z,https://bloximages.newyork1.vip.townnews.com/omaha.com/content/tncms/custom/image/9595a7a2-2379-11e7-b3c5-13eacc36a918.jpg,omaha.com,English,United States,2021-02-06 12:00:00+00:00,GME
https://cnnphilippines.com:443/business/2021/2/6/wallstreetbets-redditors-gamestop-sinking-share-price.html,,  Stop f --- ing selling !!! WallStreetBets Redditors go ballistic over GameStop sinking share price,20210206T123000Z,http://cnnphilippines.com/.imaging/mte/demo-cnn-new/750x450/dam/cnn/2021/2/6/Wallstreetbets-Reddit_CNNPH.jpg/jcr:content/Wallstreetbets-Reddit_CNNPH.jpg,cnnphilippines.com,English,Philippines,2021-02-06 12:30:00+00:00,GME
https://www.fool.com/investing/2021/02/06/forget-amc-and-gamestop-5-stocks-future-10-baggers/?source=iedfolrf0000001,https://www.fool.com/amp/investing/2021/02/06/forget-amc-and-gamestop-5-stocks-future-10-baggers/,Forget AMC and GameStop : These 5 Stocks Are Future 10 - Baggers,20210206T131500Z,https://g.foolcdn.com/editorial/images/610929/stack-of-one-hundred-dollar-bills-cash-money-invest-retire-getty.jpg,fool.com,English,United States,2021-02-06 13:15:00+00:00,GME
https://www.royalgazette.com/personal-finance/business/article/20210206/the-gamestop-phenomenon/,,The Gamestop phenomenon,20210206T131500Z,https://imengine.editorial.prod.rgb.navigacloud.com/?uuid=a2bb9fff-c07a-564d-9638-05bff56b13cc&function=fit&type=preview,royalgazette.com,English,Bermuda,2021-02-06 13:15:00+00:00,GME
https://www.fool.com/investing/2021/02/06/lost-money-on-gamestop-these-3-stocks-will-help-yo/?source=iedfolrf0000001,https://www.fool.com/amp/investing/2021/02/06/lost-money-on-gamestop-these-3-stocks-will-help-yo/,Lost Money on GameStop ? These 3 Stocks Will Help You Make it Back,20210206T144500Z,https://g.foolcdn.com/editorial/images/611432/light-bulb.jpg,fool.com,English,United States,2021-02-06 14:45:00+00:00,GME
https://www.stltoday.com/business/investment/personal-finance/should-investors-be-worried-about-the-state-of-the-stock-market/article_613d9b82-fa07-586f-a09b-be23fa897995.html,,Should Investors Be Worried About the State of the Stock Market ? ,20210206T151500Z,https://bloximages.newyork1.vip.townnews.com/stltoday.com/content/tncms/custom/image/4ce82390-59b2-11e6-a3c5-b77ec6e8d16d.png,stltoday.com,English,United States,2021-02-06 15:15:00+00:00,GME
https://www.fool.com/investing/2021/02/06/was-the-gamestop-phenomenon-just-one-big-pump-and/?source=iedfolrf0000001,https://www.fool.com/amp/investing/2021/02/06/was-the-gamestop-phenomenon-just-one-big-pump-and/,Was the GameStop Phenomenon Just One Big Pump - and - Dump Scheme ? ,20210206T153000Z,https://g.foolcdn.com/editorial/images/612042/hand-typing-on-cell-phone.jpg,fool.com,English,United States,2021-02-06 15:30:00+00:00,GME
https://www.fool.com/investing/2021/02/06/forget-amc-and-gamestop-5-stocks-future-10-baggers/,https://www.fool.com/amp/investing/2021/02/06/forget-amc-and-gamestop-5-stocks-future-10-baggers/,Forget AMC and GameStop : These 5 Stocks Are Future 10 - Baggers,20210206T161500Z,https://g.foolcdn.com/editorial/images/610929/stack-of-one-hundred-dollar-bills-cash-money-invest-retire-getty.jpg,fool.com,English,United States,2021-02-06 16:15:00+00:00,GME
https://www.thenews.com.pk/tns/detail/785532-hold-the-line,https://www.thenews.com.pk/tns/amp/785532-hold-the-line,Hold the line ? | Special Report | thenews . com . pk,20210206T184500Z,https://www.thenews.com.pk/assets/uploads/tns/2021-02-07/785532_063821_tns.jpg,thenews.com.pk,English,Pakistan,2021-02-06 18:45:00+00:00,GME
https://www.zerohedge.com/personal-finance/you-dad-interview-anonymous-gamestop-investor,,"  This Is For You , Dad : Interview With An Anonymous GameStop Investor",20210206T214500Z,https://zh-prod-1cc738ca-7d3b-4a72-b792-20bd8d8fa069.storage.googleapis.com/s3fs-public/styles/16_9_max_700/public/2021-02/https%20_bucketeer-e05bbc84-baa3-437e-9518-adb32be77984.s3.amazonaws.com_public_images_5aff255b-49bd-4aac-b690-9289d032fa51_1751x1234.png?itok=_n4U-G8F,zerohedge.com,English,United States,2021-02-06 21:45:00+00:00,GME
https://www.dailyherald.com/news/20210206/facts-matter-elon-musk-didnt-vow-to-put-gamestop-logo-on-rocket,https://www.dailyherald.com/amp-article/20210206/news/210209407/,Facts Matter : Elon Musk didnt vow to put GameStop logo on rocket,20210207T010000Z,https://www.dailyherald.com/storyimage/DA/20210206/NEWS/210209407/AR/0/AR-210209407.jpg&updated=202102061713,dailyherald.com,English,United States,2021-02-07 01:00:00+00:00,GME
https://www.fool.com/investing/2021/02/06/lost-money-on-gamestop-these-3-stocks-will-help-yo/,https://www.fool.com/amp/investing/2021/02/06/lost-money-on-gamestop-these-3-stocks-will-help-yo/,Lost Money on GameStop ? These 3 Stocks Will Help You Make it Back,20210207T013000Z,https://g.foolcdn.com/editorial/images/611432/light-bulb.jpg,fool.com,English,United States,2021-02-07 01:30:00+00:00,GME
https://www.mycentraloregon.com/2021/02/05/gamestop-timeline-a-closer-look-at-the-saga-that-upended-wall-street/,,GameStop timeline : A closer look at the saga that upended Wall Street,20210207T081500Z,https://dehayf5mhw1h7.cloudfront.net/wp-content/uploads/sites/38/2021/02/05154300/iStock_020521_gamestoptimeline.jpeg,mycentraloregon.com,English,United States,2021-02-07 08:15:00+00:00,GME
https://www.naturalnews.com/2021-02-07-mint-unable-keep-up-surging-demand-gold-silver.html,,"U . S . Mint unable to keep up with  surging demand  for gold , silver",20210207T093000Z,https://www.naturalnews.com/wp-content/uploads/sites/91/2021/02/Coronavirus-Stock-Market-Mask-Crash.jpg,naturalnews.com,English,United States,2021-02-07 09:30:00+00:00,GME
https://investorplace.com/2021/02/generation-reddit-why-younger-investors-really-lost-the-gme-stock-war/,https://investorplace.com/2021/02/generation-reddit-why-younger-investors-really-lost-the-gme-stock-war/amp/,Generation Reddit : Why Younger Investors Really Lost the GME Stock War,20210207T100000Z,https://investorplace.com/wp-content/uploads/2021/02/reddit1600.jpg,investorplace.com,English,United States,2021-02-07 10:00:00+00:00,GME
http://www.therepublic.com/2021/02/07/has_gamestop_changed_rules_for_successful_investing/,,Has GameStop changed rules for successful investing ? ,20210207T113000Z,,therepublic.com,English,United States,2021-02-07 11:30:00+00:00,GME
https://www.fool.com/investing/2021/02/07/there-are-4-new-stocks-robinhoods-top-10-holdings/?source=iedfolrf0000001,https://www.fool.com/amp/investing/2021/02/07/there-are-4-new-stocks-robinhoods-top-10-holdings/,There Are 4 New Stocks in Robinhood Top 10 Holdings,20210207T120000Z,https://g.foolcdn.com/editorial/images/611219/investor-stock-quote-trading-smartphone-laptop-robinhood-invest-getty.jpg,fool.com,English,United States,2021-02-07 12:00:00+00:00,GME
https://www.fool.com/investing/2021/02/07/there-are-4-new-stocks-robinhoods-top-10-holdings/,https://www.fool.com/amp/investing/2021/02/07/there-are-4-new-stocks-robinhoods-top-10-holdings/,There Are 4 New Stocks in Robinhood Top 10 Holdings,20210207T121500Z,https://g.foolcdn.com/editorial/images/611219/investor-stock-quote-trading-smartphone-laptop-robinhood-invest-getty.jpg,fool.com,English,United States,2021-02-07 12:15:00+00:00,GME
https://www.globalbankingandfinance.com/exports-from-uk-to-eu-down-68-since-brexit-trade-deal-say-hauliers/,https://www.globalbankingandfinance.com/exports-from-uk-to-eu-down-68-since-brexit-trade-deal-say-hauliers/amp/,"Exports from united kingdom to EU down 68 % since Brexit trade deal , say hauliers",20210207T144500Z,https://mk0globalbankin3xg02.kinstacdn.com/wp-content/uploads/2021/02/2021-02-07T132011Z_1_LYNXMPEH160C5_RTROPTP_4_BRITAIN-EU-EXPORTS.jpg,globalbankingandfinance.com,English,United Kingdom,2021-02-07 14:45:00+00:00,GME
https://www.cbc.ca/news/canada/montreal/how-one-quebecer-joined-the-online-battle-against-wall-street-hedge-funds-1.5902935,https://www.cbc.ca/amp/1.5902935,How one Quebecer joined the online battle against Wall Street hedge funds,20210207T150000Z,https://i.cbc.ca/1.5903429.1612560555!/fileImage/httpImage/image.JPG_gen/derivatives/16x9_620/montreal-bus-stop-billboard-wallstreetbets.JPG,cbc.ca,English,Canada,2021-02-07 15:00:00+00:00,GME
https://oilprice.com/Alternative-Energy/Renewable-Energy/Will-Reddit-Fuel-A-Green-Energy-Stock-Boom.html,https://oilprice.com/Alternative-Energy/Renewable-Energy/Will-Reddit-Fuel-A-Green-Energy-Stock-Boom.amp.html,Will Reddit Fuel A Green Energy Stock Boom ? ,20210207T173000Z,https://d32r1sh890xpii.cloudfront.net/article/718x300/2021-02-05_7upgqofjng.jpg,oilprice.com,English,United States,2021-02-07 17:30:00+00:00,GME
https://www.theglobeandmail.com/business/international-business/article-the-hopes-that-rose-and-fell-with-gamestop/,,The hopes that rose and fell with GameStop,20210207T181500Z,https://www.theglobeandmail.com/resizer/r2Xb35ode6qXfUcGzA1FWzTCEqY=/1200x0/filters:quality(80)/cloudfront-us-east-1.images.arcpublishing.com/tgam/IKKUS5365FJXNB2B2WTAHCTZRI.JPG,theglobeandmail.com,English,Canada,2021-02-07 18:15:00+00:00,GME
https://www.moneycontrol.com/news/world/the-hopes-that-rose-and-fell-with-gamestop-6465551.html,https://www.moneycontrol.com/news/world/the-hopes-that-rose-and-fell-with-gamestop-6465551.html/amp,The Hopes That Rose And Fell With GameStop,20210207T181500Z,https://images.moneycontrol.com/static-mcnews/2021/01/gameStop-770x433.jpg,moneycontrol.com,English,India,2021-02-07 18:15:00+00:00,GME
https://www.etftrends.com/equity-etf-channel/how-to-cash-in-on-gamestop-populism/,https://www.etftrends.com/equity-etf-channel/how-to-cash-in-on-gamestop-populism/amp/,How to Cash In on  GameStop Populism  ,20210207T191500Z,https://www.etftrends.com/wp-content/uploads/2021/02/How-to-Cash-In-on-GameStop-Populism.jpg,etftrends.com,English,China,2021-02-07 19:15:00+00:00,GME
https://www.iowastatedaily.com/news/iowa-state-daily-stock-market-game-stop-economics-trade/article_9632685e-6974-11eb-bd1b-1fb7f21c4165.html,,Understanding the GameStop saga even if you dont understand the stock market,20210207T210000Z,https://bloximages.chicago2.vip.townnews.com/iowastatedaily.com/content/tncms/assets/v3/editorial/a/e2/ae27903c-6024-11eb-9181-d7f99131d577/6010960d695c5.image.jpg,iowastatedaily.com,English,United States,2021-02-07 21:00:00+00:00,GME
https://www.brisbanetimes.com.au/business/markets/the-fish-got-away-young-traders-see-gamestop-profits-evaporate-20210208-p570ds.html,https://amp.brisbanetimes.com.au/business/markets/the-fish-got-away-young-traders-see-gamestop-profits-evaporate-20210208-p570ds.html,  The fish got away : Young traders see GameStop profits evaporate,20210208T010000Z,https://static.ffx.io/images/$zoom_1%2C$multiply_0.7554%2C$ratio_1.776846%2C$width_1059%2C$x_1425%2C$y_597/t_crop_custom/q_86%2Cf_auto/t_brisbanetimes_no_label_no_age_social_wm/c34420a318c35bda185a03e4ff51f8f317824279,brisbanetimes.com.au,English,Australia,2021-02-08 01:00:00+00:00,GME
https://www.smh.com.au/business/markets/the-fish-got-away-young-traders-see-gamestop-profits-evaporate-20210208-p570ds.html,https://amp.smh.com.au/business/markets/the-fish-got-away-young-traders-see-gamestop-profits-evaporate-20210208-p570ds.html,  The fish got away : Young traders see GameStop profits evaporate,20210208T013000Z,https://static.ffx.io/images/$zoom_1%2C$multiply_0.7554%2C$ratio_1.776846%2C$width_1059%2C$x_1425%2C$y_597/t_crop_custom/q_86%2Cf_auto/t_smh_no_label_no_age_social_wm/c34420a318c35bda185a03e4ff51f8f317824279,smh.com.au,English,Australia,2021-02-08 01:30:00+00:00,GME
https://www.theage.com.au/business/markets/the-fish-got-away-young-traders-see-gamestop-profits-evaporate-20210208-p570ds.html,https://amp.theage.com.au/business/markets/the-fish-got-away-young-traders-see-gamestop-profits-evaporate-20210208-p570ds.html,  The fish got away : Young traders see GameStop profits evaporate,20210208T013000Z,https://static.ffx.io/images/$zoom_1%2C$multiply_0.7554%2C$ratio_1.776846%2C$width_1059%2C$x_1425%2C$y_597/t_crop_custom/q_86%2Cf_auto/t_theage_no_label_no_age_social_wm/c34420a318c35bda185a03e4ff51f8f317824279,theage.com.au,English,Australia,2021-02-08 01:30:00+00:00,GME
https://www.benzinga.com/news/21/02/19529130/amc-major-stakeholder-wanda-converts-stock-to-allow-for-sale-amid-wallstreetbets-frenzy,https://amp.benzinga.com/amp/content/19529130," ( AMC ), BlackBerry ( NASDAQ : BB ) - AMC Major Stakeholder Wanda Converts Stock To Allow For Sale Amid WallStreetBets Frenzy",20210208T090000Z,,benzinga.com,English,United States,2021-02-08 09:00:00+00:00,GME
https://www.theglobeandmail.com/investing/investment-ideas/article-the-hopes-that-rose-and-fell-with-gamestop/,https://www.theglobeandmail.com/amp/investing/investment-ideas/article-the-hopes-that-rose-and-fell-with-gamestop/,The hopes that rose and fell with GameStop,20210208T120000Z,https://www.theglobeandmail.com/resizer/hbjeCwv2tZDWh1iTxyYvJrd31-c=/1200x0/filters:quality(80)/cloudfront-us-east-1.images.arcpublishing.com/tgam/HNZNJP56IZJMHKUXB2BFXLMA7E.JPG,theglobeandmail.com,English,Canada,2021-02-08 12:00:00+00:00,GME
https://www.fool.com/investing/2021/02/08/3-treacherous-investing-bubbles-ready-to-burst/,https://www.fool.com/amp/investing/2021/02/08/3-treacherous-investing-bubbles-ready-to-burst/,3 Treacherous Investing Bubbles That Look Ready to Burst,20210208T121500Z,https://g.foolcdn.com/editorial/images/611734/popping-bubble-dollar-sign-crash-plunge-stock-market-bitcoin-ethereum-getty.jpg,fool.com,English,United States,2021-02-08 12:15:00+00:00,GME
https://www.fool.com/investing/2021/02/08/3-treacherous-investing-bubbles-ready-to-burst/?source=iedfolrf0000001,https://www.fool.com/amp/investing/2021/02/08/3-treacherous-investing-bubbles-ready-to-burst/,3 Treacherous Investing Bubbles That Look Ready to Burst,20210208T131500Z,https://g.foolcdn.com/editorial/images/611734/popping-bubble-dollar-sign-crash-plunge-stock-market-bitcoin-ethereum-getty.jpg,fool.com,English,United States,2021-02-08 13:15:00+00:00,GME
https://www.forbes.com/sites/billybambrough/2021/02/08/dogecoin-price-madness-how-billionaires-musicians-and-youtubers-memed-dogecoin-to-10-billion/,https://www.forbes.com/sites/billybambrough/2021/02/08/dogecoin-price-madness-how-billionaires-musicians-and-youtubers-memed-dogecoin-to-10-billion/amp/,"Dogecoin Price Madness : How Billionaires , Musicians And YouTubers Memed Dogecoin To $10 Billion",20210208T131500Z,https://thumbor.forbes.com/thumbor/fit-in/1200x0/filters%3Aformat%28jpg%29/https%3A%2F%2Fspecials-images.forbesimg.com%2Fimageserve%2F60211f33a88cd6471d1ce445%2F0x0.jpg,forbes.com,English,United States,2021-02-08 13:15:00+00:00,GME
HTTPS://www.forbesindia.com/article/global-news/the-hopes-that-rose-and-fell-with-gamestop/66313/1,,The Hopes That Rose And Fell With GameStop,20210208T140000Z,https://www.forbesindia.com/media/images/2021/Feb/img_154183_gamestopinvestors3_sm.jpg,forbesindia.com,English,India,2021-02-08 14:00:00+00:00,GME
https://www.theglobeandmail.com/investing/markets/inside-the-market/article-gordon-pape-gamestop-shares-dont-warrant-a-ridiculously-expensive/,,"Gordon Pape : GameStop shares dont warrant a ridiculously expensive price , but what about Amazon and Alphabet ? ",20210208T153000Z,https://www.theglobeandmail.com/resizer/t8tmZZDyWbvubP09qIlXkXxOM0g=/1200x0/filters:quality(80)/cloudfront-us-east-1.images.arcpublishing.com/tgam/GZ6CECBWP5I6TGY6CHI55IJ7LY.jpg,theglobeandmail.com,English,Canada,2021-02-08 15:30:00+00:00,GME
https://www.coinspeaker.com/reddit-marketing-super-bowl-live-ad/,https://www.coinspeaker.com/reddit-marketing-super-bowl-live-ad/amp/,Reddit Spends Entire Marketing Budget on 5 - Sec Super Bowl Live Ad,20210208T160000Z,https://www.coinspeaker.com/wp-content/uploads/2021/02/reddit-marketing-super-bowl-live-ad.jpg,coinspeaker.com,English,United States,2021-02-08 16:00:00+00:00,GME
https://www.marketwatch.com/articles/renaissance-pershing-square-among-hedge-funds-that-got-clobbered-in-january-51612798230,,"Renaissance , Pershing Square Among Hedge Funds That Got Clobbered in January",20210208T160000Z,https://s.wsj.net/public/resources/images/BP-AB109_ackman_M_20171023153636.jpg,marketwatch.com,English,United States,2021-02-08 16:00:00+00:00,GME
https://www.benzinga.com/news/21/02/19474014/the-rise-and-fall-of-meme-stocks,https://amp.benzinga.com/amp/content/19474014,"Gamestop Corporation ( NYSE : GME ), ( AMC ) - The Rise And Fall Of Meme Stocks",20210208T170000Z,,benzinga.com,English,United States,2021-02-08 17:00:00+00:00,GME
https://www.benzinga.com/markets/cannabis/21/02/19539737/cannabis-countdown-top-10-marijuana-and-psychedelic-stock-news-stories-of-the-week,https://amp.benzinga.com/amp/content/19539737,"AMC Entertainment Holdings ( AMC ), Canopy Growth Corp ( CGC ), Clarmin Explorations ( CLXPF ), COMP SERVICES ( CMPS ), CURALEAF HLDGS INC by Curaleaf Hldgs Inc . ( CURLF ), FIELD TRIP HEALTH LTD by Field Trip Health Ltd . ( FTRPF ), Gamestop Corp . ...",20210208T170000Z,,benzinga.com,English,United States,2021-02-08 17:00:00+00:00,GME
https://www.marketscreener.com/quote/stock/KOSS-CORPORATION-9831/news/Koss-GameStop-shares-slump-as-Reddit-rally-ebbs-32388616/,https://www.marketscreener.com/amp/quote/stock/KOSS-CORPORATION-9831/news/Koss-GameStop-shares-slump-as-Reddit-rally-ebbs-32388616/,Koss : GameStop shares slump as Reddit rally ebbs,20210208T184500Z,https://www.marketscreener.com/images/twitter_MS_fdgris.png,marketscreener.com,English,,2021-02-08 18:45:00+00:00,GME
https://www.forbes.com/sites/adawson/2021/02/08/next-stop-for-gamestop-the-big-screen/,https://www.forbes.com/sites/adawson/2021/02/08/next-stop-for-gamestop-the-big-screen/amp/,"Next Stop For GameStop , The Big Screen",20210208T184500Z,https://thumbor.forbes.com/thumbor/fit-in/1200x0/filters%3Aformat%28jpg%29/https%3A%2F%2Fspecials-images.forbesimg.com%2Fimageserve%2F60217d849257958172ada68b%2F0x0.jpg,forbes.com,English,United States,2021-02-08 18:45:00+00:00,GME
https://www.journaltranscript.com/2021/02/where-will-shorts-be-on-the-run-next-gme-amc-sigl-bb/,,"Where Will Shorts be on the Run Next ? ( GME , AMC , SIGL , BB ) ",20210208T190000Z,https://www.journaltranscript.com/wp-content/uploads/2021/02/images-17.jpeg,journaltranscript.com,English,United States,2021-02-08 19:00:00+00:00,GME
https://www.reuters.com/www.reuters.com/article/us-retail-trading-gamestop/gamestop-shares-slump-as-reddit-rally-ebbs-idUSKBN2A81B1,https://mobile.reuters.com/article/amp/idUSKBN2A81B1,GameStop shares slump as Reddit rally ebbs,20210208T201500Z,https://s4.reutersmedia.net/resources/r/?m=02&d=20210208&t=2&i=1550780903&r=LYNXMPEH171EU,reuters.com,English,United States,2021-02-08 20:15:00+00:00,GME
https://www.reuters.com/article/idUSKBN2A81B1,https://mobile.reuters.com/article/amp/idUSKBN2A81B1,GameStop shares slump as Reddit rally ebbs,20210208T210000Z,https://static.reuters.com/resources/r/?m=02&d=20210208&t=2&i=1550780903&r=LYNXMPEH171EU,reuters.com,English,United States,2021-02-08 21:00:00+00:00,GME
https://www.watoday.com.au/business/markets/the-fish-got-away-young-traders-see-gamestop-profits-evaporate-20210208-p570ds.html,https://amp.watoday.com.au/business/markets/the-fish-got-away-young-traders-see-gamestop-profits-evaporate-20210208-p570ds.html,GameStop profits evaporate after Reddit trading frenzy,20210208T230000Z,https://static.ffx.io/images/$zoom_1%2C$multiply_0.7554%2C$ratio_1.776846%2C$width_1059%2C$x_1425%2C$y_597/t_crop_custom/q_86%2Cf_auto/t_watoday_no_label_no_age_social_wm/c34420a318c35bda185a03e4ff51f8f317824279,watoday.com.au,English,Australia,2021-02-08 23:00:00+00:00,GME
https://www.nzherald.co.nz/business/the-hopes-that-rose-and-fell-with-gamestop/WRBEROS3Y5Y6Y6SBDP3MN4F5HE/,,The hopes that rose and fell with GameStop,20210208T230000Z,https://www.nzherald.co.nz/resizer/tbZ-PNILi1f5zqIW3GT2v8fzVS0=/1200x675/filters:quality(70)/cloudfront-ap-southeast-2.images.arcpublishing.com/nzme/O5QT234CBHUL2XB2HLMZQIGJFI.jpg,nzherald.co.nz,English,New Zealand,2021-02-08 23:00:00+00:00,GME
https://www.fool.com/investing/2021/02/08/why-gamestop-stock-popped-then-dropped-today/?source=iedfolrf0000001,https://www.fool.com/amp/investing/2021/02/08/why-gamestop-stock-popped-then-dropped-today/,Why GameStop Stock Popped Then Dropped Today,20210208T231500Z,https://g.foolcdn.com/editorial/images/612262/slide-1-gamestop-source-getty.jpg,fool.com,English,United States,2021-02-08 23:15:00+00:00,GME
https://www.investors.com/market-trend/stock-market-today/dow-jones-rallies-janet-yellen-urges-congress-back-joe-biden-stimulus-plan-disney-stock-passes-buy-tesla-stock-rises/,,Dow Rallies As Yellen Urges Congress To Back Biden Stimulus Plan ; Disney Stock Passes Buy,20210209T004500Z,https://www.investors.com/wp-content/uploads/2021/02/Stock-PresBiden-01-shutt.jpg,investors.com,English,United States,2021-02-09 00:45:00+00:00,GME
https://www.metro.us/gamestop-shares-slump-as/,https://www.metro.us/gamestop-shares-slump-as/amp/,GameStop shares slump as Reddit rally ebbs,20210209T011500Z,https://www.metro.us/wp-content/uploads/Reuters_Direct_Media/USOnlineReportBusinessNews/tagreuters.com2021binary_LYNXMPEH171EU-BASEIMAGE.jpg,metro.us,English,United States,2021-02-09 01:15:00+00:00,GME
https://www.foxbusiness.com/markets/gamestop-other-social-media-hyped-stocks-lose-ground-after-active-day,https://www.foxbusiness.com/markets/gamestop-other-social-media-hyped-stocks-lose-ground-after-active-day.amp,"GameStop , other social media - hyped stocks lose ground after active day",20210209T050000Z,https://a57.foxnews.com/static.foxbusiness.com/foxbusiness.com/content/uploads/2021/01/0/0/Gamestop-Surge.jpg?ve=1&tl=1,foxbusiness.com,English,United States,2021-02-09 05:00:00+00:00,GME
https://www.fool.com/investing/2021/02/06/should-investors-be-worried-state-of-stock-market/?source=iedfolrf0000001,https://www.fool.com/amp/investing/2021/02/06/should-investors-be-worried-state-of-stock-market/,Should Investors Be Worried About the State of the Stock Market ? ,20210209T094500Z,https://g.foolcdn.com/editorial/images/610647/capitol-building.jpg,fool.com,English,United States,2021-02-09 09:45:00+00:00,GME
https://realmoney.thestreet.com/investing/stocks/short-squeezes-have-been-around-a-long-time-15561493,,Short Squeezes Are No Financial Fling : Theyve Been Around a Long Time,20210209T134500Z,http://s.thestreet.com/files/tsc/v2008/photos/contrib/uploads/507a6d65-60e5-11eb-97e3-e91b16ec2ce2.jpg,realmoney.thestreet.com,English,United States,2021-02-09 13:45:00+00:00,GME
https://www.thestreet.com/markets/5-things-you-must-know-before-the-market-opens-tuesday-020921,https://www.thestreet.com/.amp/markets/5-things-you-must-know-before-the-market-opens-tuesday-020921,"Bitcoin , Twitter , Reddit , Dow Futures : 5 Things You Must Know",20210209T160000Z,,thestreet.com,English,United States,2021-02-09 16:00:00+00:00,GME
https://www.reuters.com/article/us-retail-trading-gamestop-idUSKBN2A81B1,https://mobile.reuters.com/article/amp/idUSKBN2A81B1,GameStop shares slump as Reddit rally ebbs,20210209T173000Z,https://static.reuters.com/resources/r/?m=02&d=20210208&t=2&i=1550780903&r=LYNXMPEH171EU,reuters.com,English,United States,2021-02-09 17:30:00+00:00,GME
https://isp.netscape.com/pf/story/0002/20210209/KBN2A92HS_4,,GameStop tumbles nearly 20 % as retail - driven surge dies down - Netscape Money & Business,20210209T191500Z,,isp.netscape.com,English,United States,2021-02-09 19:15:00+00:00,GME
https://www.investing.com/news/stock-market-news/gamestop-tumbles-nearly-20-as-retaildriven-surge-dies-down-2413793,https://m.investing.com/news/stock-market-news/gamestop-tumbles-nearly-20-as-retaildriven-surge-dies-down-2413793?ampMode=1,GameStop tumbles nearly 20 % as retail - driven surge dies down By Reuters,20210209T200000Z,https://i-invdn-com.akamaized.net/trkd-images/LYNXMPEH181JM_M.jpg,investing.com,English,United States,2021-02-09 20:00:00+00:00,GME
https://www.crowdfundinsider.com/2021/02/172073-following-wall-street-takeover-reddit-scores-250-million-through-series-e-funding-round/,https://www.crowdfundinsider.com/2021/02/172073-following-wall-street-takeover-reddit-scores-250-million-through-series-e-funding-round/amp/,"Following Wall Street  Takeover , Reddit Scores $250 Million Through Series E Funding Round",20210209T200000Z,https://www.crowdfundinsider.com/wp-content/uploads/2021/02/erik-mclean-reddit-unsplash-683x1024.jpg,crowdfundinsider.com,English,United Kingdom,2021-02-09 20:00:00+00:00,GME
https://www.forbes.com/sites/investor/2021/02/09/hedge-funds-vs-wallstreetbets-neither-side-is-solely-to-blame/,https://www.forbes.com/sites/investor/2021/02/09/hedge-funds-vs-wallstreetbets-neither-side-is-solely-to-blame/amp/,Hedge Funds Vs . WallStreetBets : Neither Side Is Solely To Blame,20210209T214500Z,https://thumbor.forbes.com/thumbor/fit-in/1200x0/filters%3Aformat%28jpg%29/https%3A%2F%2Fspecials-images.forbesimg.com%2Fimageserve%2F6022e3448f4a65c23085b5a4%2F0x0.jpg,forbes.com,English,United States,2021-02-09 21:45:00+00:00,GME
http://www.reflector-online.com/news/article_1b93a332-6a47-11eb-b58f-e79c8d030bbb.html,,What is the deal with the stock market ? MSU faculty and students take a look,20210210T013000Z,https://bloximages.newyork1.vip.townnews.com/reflector-online.com/content/tncms/assets/v3/editorial/a/75/a754f94e-6b0e-11eb-8462-d32dc8d8322a/6022e53711f0a.image.jpg,reflector-online.com,English,United States,2021-02-10 01:30:00+00:00,GME
https://www.benzinga.com/markets/cryptocurrency/21/02/19578335/reddit-user-who-leaked-teslas-bitcoin-investment-news-was-just-high,https://amp.benzinga.com/amp/content/19578335,"Tesla Motors , Inc . ( NASDAQ : TSLA ), ( AMC ) - Reddit User Who Leaked Tesla Bitcoin Investment News Was Just High",20210210T034500Z,,benzinga.com,English,United States,2021-02-10 03:45:00+00:00,GME
https://www.howestreet.com/2021/02/pump-dump/,,Pump & Dump,20210210T080000Z,,howestreet.com,English,United States,2021-02-10 08:00:00+00:00,GME
https://www.theshorthorn.com/news/uta-students-bought-into-gamestop-stock-as-it-went-viral/article_be4561da-6a4a-11eb-8e86-631e40f40130.html,,UTA students bought into GameStop stock as it went viral,20210210T100000Z,https://bloximages.newyork1.vip.townnews.com/theshorthorn.com/content/tncms/assets/v3/editorial/2/cc/2ccef08e-6b19-11eb-abec-f7f0a707f7e8/6022f6cf80265.image.jpg,theshorthorn.com,English,United States,2021-02-10 10:00:00+00:00,GME
https://upstract.com/p/fsqjz99t,,Reddit User Who Leaked Tesla Bitcoin Investment News Was Just High,20210210T120000Z,https://cdn.upstract.com/p/p9qet8SsMZUTKEKeW55o/fsqjz99t/bwauw29j93_t.jpg,upstract.com,English,,2021-02-10 12:00:00+00:00,GME
https://www.coinspeaker.com/reddit-raises-250m/,https://www.coinspeaker.com/reddit-raises-250m/amp/,"Reddit Raises $250M in Series E Funding , Sees Value Double to $6B",20210210T123000Z,https://www.coinspeaker.com/wp-content/uploads/2021/02/reddit-raises-250m.jpg,coinspeaker.com,English,United States,2021-02-10 12:30:00+00:00,GME
https://www.tmcnet.com/usubmit/2021/02/10/9305579.htm,,New Blockchain Heroes Digital Collectible NFT Trading Card Set Parodies Reddit vs . Wall Street GameStop Incident on Blockchain,20210210T150000Z,https://images.tmcnet.com/tmc/world.jpg,tmcnet.com,English,United States,2021-02-10 15:00:00+00:00,GME
http://econintersect.com/pages/contributors/contributor.php?post=202102100536,,Ethereum Surges To Record Highs : As For Fundamental Causes ... It  Game  Over,20210210T150000Z,,econintersect.com,English,United States,2021-02-10 15:00:00+00:00,GME
https://www.vox.com/the-goods/22273192/teen-investors-gamestop-robinhood,https://www.vox.com/platform/amp/the-goods/22273192/teen-investors-gamestop-robinhood,Teen investors on Robinhood saw GameStop as a thrill and a cautionary tale,20210210T160000Z,https://cdn.vox-cdn.com/thumbor/A7HhOZDIVO3P8ttMR8F39kalCC8=/0x288:4000x2382/fit-in/1200x630/cdn.vox-cdn.com/uploads/chorus_asset/file/22290574/GettyImages_1230856820.jpg,vox.com,English,United States,2021-02-10 16:00:00+00:00,GME
http://www.marketoracle.co.uk/Article68408.html,,"Ethereum Surges to Record High , As for Fundamental Causes ... it  Game  Over :: The Market Oracle :: ",20210210T170000Z,,marketoracle.co.uk,English,United Kingdom,2021-02-10 17:00:00+00:00,GME
https://www.marketwatch.com/story/tilray-shares-soar-29-as-reddit-message-board-sets-sights-on-cannabis-sector-11612977363,https://www.marketwatch.com/amp/story/tilray-shares-soar-29-as-reddit-message-board-sets-sights-on-cannabis-sector-11612977363,Tilray shares soar 29 % as Reddit message board sets sights on cannabis sector,20210210T174500Z,https://images.mktw.net/im-297492/social,marketwatch.com,English,United States,2021-02-10 17:45:00+00:00,GME
https://www.investors.com/market-trend/stock-market-today/dow-jones-rallies-donald-trump-impeachment-trial-begins-pot-stocks-surge-apple-stock-falls/,,Dow Jones Rallies As Trump Impeachment Trial Begins ; Why Pot Stocks Are Surging,20210210T200000Z,https://www.investors.com/wp-content/uploads/2021/01/SMT1015_trump_012221_news.jpg,investors.com,English,United States,2021-02-10 20:00:00+00:00,GME
https://www.benzinga.com/news/21/02/19595192/robinhood-facing-dozens-of-lawsuits-ahead-of-potential-2021-ipo,https://amp.benzinga.com/amp/content/19595192,Gamestop Corporation ( NYSE : GME ) - Robinhood Facing Dozens Of Lawsuits Ahead Of Potential 2021 IPO,20210210T204500Z,,benzinga.com,English,United States,2021-02-10 20:45:00+00:00,GME
https://investorplace.com/2021/02/why-reddit-wallstreetbets-will-stop-buying-amc-stock/,https://investorplace.com/2021/02/why-reddit-wallstreetbets-will-stop-buying-amc-stock/amp/,Why Reddit WallStreetBets Will Stop Buying AMC Stock,20210210T214500Z,https://investorplace.com/wp-content/uploads/2019/08/amc-stock-2.jpg,investorplace.com,English,United States,2021-02-10 21:45:00+00:00,GME
https://www.investors.com/market-trend/stock-market-today/dow-jones-hits-new-high-market-comes-back-marijuana-stocks-soar/,,Dow Jones Hits New High As Market Comes Back ; Marijuana Stocks Soar,20210210T221500Z,https://www.investors.com/wp-content/uploads/2020/05/Stock-Bull-fighting-06-adobe.jpg,investors.com,English,United States,2021-02-10 22:15:00+00:00,GME
https://www.etftrends.com/equity-etf-channel/day-traders-helping-to-power-marijuana-etfs/,https://www.etftrends.com/equity-etf-channel/day-traders-helping-to-power-marijuana-etfs/amp/,Day Traders Now Helping to Power Marijuana ETFs,20210210T223000Z,https://www.etftrends.com/wp-content/uploads/2021/02/Day-Traders-Now-Helping-to-Power-Marijuana-ETFs.jpg,etftrends.com,English,China,2021-02-10 22:30:00+00:00,GME
https://www.investors.com/news/technology/irbt-stock-q4-2020-irobot-earnings/,,IRBT Stock Jumps On Fourth - Quarter Earnings Beat | Investor Business Daily,20210210T224500Z,https://www.investors.com/wp-content/uploads/2021/02/Stock-iRobot-roombai3-01-company.jpg,investors.com,English,United States,2021-02-10 22:45:00+00:00,GME
https://www.webpronews.com/gamestop-stock-short-squeeze/,,How the GameStop Stock Short Squeeze Cost Wall Street Billions,20210211T000000Z,https://i2.wp.com/www.webpronews.com/wp-content/uploads/2021/02/meme-war-Gamestop-GME-facebook.jpg?fit=1200%2C630&ssl=1,webpronews.com,English,United States,2021-02-11 00:00:00+00:00,GME
https://investingnews.com/daily/resource-investing/precious-metals-investing/silver-investing/silver-price-manipulation-fact-or-fantasy/,,Silver Price Manipulation : Fact or Fantasy ? | Events and Theories,20210211T000000Z,https://cdn.investingnews.com/app/uploads/2011/10/silver-price-manipulation.jpg,investingnews.com,English,Canada,2021-02-11 00:00:00+00:00,GME
https://www.marketwatch.com/articles/pot-stocks-are-flying-high-again-its-not-just-reddit-51613002837,,Pot Stocks Are Flying High Again . It Not Just Reddit . ,20210211T004500Z,https://images.barrons.com/im-297701/social,marketwatch.com,English,United States,2021-02-11 00:45:00+00:00,GME
https://www.news.com.au/finance/markets/world-markets/gamestop-stock-tries-to-snap-losing-streak-in-huge-twoweek-plunge/news-story/afd2e1dd5e590928a0ea72fa0a3fce6c,https://amp.news.com.au/finance/markets/world-markets/gamestop-stock-tries-to-snap-losing-streak-in-huge-twoweek-plunge/news-story/afd2e1dd5e590928a0ea72fa0a3fce6c,GameStop stock tries to snap losing streak in huge two - week plunge,20210211T010000Z,https://cdn.newsapi.com.au/image/v1/97960fb9792d4ddc6fd42a9e492b3111,news.com.au,English,Australia,2021-02-11 01:00:00+00:00,GME
https://www.howestreet.com/2021/02/comin-for-you/,,Comin  For You – HoweStreet,20210211T070000Z,,howestreet.com,English,United States,2021-02-11 07:00:00+00:00,GME
https://www.techtimes.com/articles/256927/20210210/wallstreetbets-redditors-wanted-200k-job-hedge-fund-company-apply.htm,https://www.techtimes.com/amp/articles/256927/20210210/wallstreetbets-redditors-wanted-200k-job-hedge-fund-company-apply.htm,WallStreetBets Redditors Wanted for a $200K Job in a Hedge Fund Company : How to Apply,20210211T110000Z,https://1734811051.rsc.cdn77.org/data/images/full/379984/reddit.jpg,techtimes.com,English,United States,2021-02-11 11:00:00+00:00,GME
https://www.militarynews.com/norfolk-navy-flagship/community/milspouse-picks-up-weird-habits-during-pandemic-monotony/article_2804f800-6a56-11eb-bdc1-f3e2eaa9653b.html,,Milspouse picks up weird habits during pandemic monotony,20210211T111500Z,https://bloximages.chicago2.vip.townnews.com/militarynews.com/content/tncms/assets/v3/editorial/f/af/faf2bdba-6a56-11eb-93e4-472d1da7f364/6021b13650a32.image.jpg,militarynews.com,English,United States,2021-02-11 11:15:00+00:00,GME
https://www.fool.com/investing/2021/02/11/half-of-robinhoods-top-10-stocks-implode-in-2021/,https://www.fool.com/amp/investing/2021/02/11/half-of-robinhoods-top-10-stocks-implode-in-2021/,Half of Robinhood Top 10 Stocks Could Implode in 2021,20210211T120000Z,https://g.foolcdn.com/editorial/images/612138/smartphone-invest-robinhood-stock-market-trade-profit-loss-getty.jpg,fool.com,English,United States,2021-02-11 12:00:00+00:00,GME
https://www.coinspeaker.com/reddit-cannabis-stocks/,https://www.coinspeaker.com/reddit-cannabis-stocks/amp/,Reddit Posts Trigger Increase in Cannabis Stocks,20210211T120000Z,https://www.coinspeaker.com/wp-content/uploads/2021/02/reddit-cannabis-stocks.jpg,coinspeaker.com,English,United States,2021-02-11 12:00:00+00:00,GME
https://www.bizcommunity.com/Article/196/516/212973.html,https://m.bizcommunity.com/Article/196/516/212973.html,Are cryptocurrencies the top - performing asset class of the decade or the world greatest bubble ? ,20210211T121500Z,https://biz-file.com/c/2102/596862-1200x675.jpg?2,bizcommunity.com,English,South Africa,2021-02-11 12:15:00+00:00,GME
http://www.proactiveinvestors.com/companies/news/941062/mgc-tilray-and-namaste-soar-as-reddit-inspired-traders-send-cannabis-stocks-higher-941062.html,https://www.proactiveinvestors.com/companies/amp/news/941062,"MGC Pharmaceuticals Ltd , Tilray Inc and Namaste Technologies Inc soar as Reddit - inspired traders send cannabis stocks higher",20210211T141500Z,https://www.proactiveinvestors.com/thumbs/upload/News/Image/2021_02/1200z630_1613046096_2021-02-11-12-21-36_abfab03f27cd6c515b5e5e6f83ce69d5.jpg,proactiveinvestors.com,English,United States,2021-02-11 14:15:00+00:00,GME
http://www.proactiveinvestors.co.uk/companies/news/941062/mgc-tilray-and-namaste-soar-as-reddit-inspired-traders-send-cannabis-stocks-higher-941062.html,https://www.proactiveinvestors.co.uk/companies/amp/news/941062,"MGC Pharmaceuticals Ltd , Tilray Inc and Namaste Technologies Inc soar as Reddit - inspired traders send cannabis stocks higher",20210211T150000Z,https://www.proactiveinvestors.co.uk/thumbs/upload/News/Image/2021_02/1200z630_1613046096_2021-02-11-12-21-36_abfab03f27cd6c515b5e5e6f83ce69d5.jpg,proactiveinvestors.co.uk,English,United Kingdom,2021-02-11 15:00:00+00:00,GME
http://www.proactiveinvestors.com.au/companies/news/941062/cannabis-stocks-sent-higher-in-new-reddit-investor-rally-941062.html,https://www.proactiveinvestors.com.au/companies/amp/news/941062,"MGC Pharmaceuticals Ltd , Tilray Inc and Namaste Technologies Inc soar as Reddit - inspired traders send cannabis stocks higher",20210211T170000Z,https://www.proactiveinvestors.com.au/thumbs/upload/News/Image/2021_02/1200z630_1613046096_2021-02-11-12-21-36_abfab03f27cd6c515b5e5e6f83ce69d5.jpg,proactiveinvestors.com.au,English,Australia,2021-02-11 17:00:00+00:00,GME
https://www.marketwatch.com/story/cannabis-stocks-crater-as-sector-rally-screeches-to-a-halt-2021-02-11,https://www.marketwatch.com/amp/story/cannabis-stocks-crater-as-sector-rally-screeches-to-a-halt-2021-02-11,Cannabis stocks crater as sector rally screeches to a halt,20210211T170000Z,https://s.wsj.net/public/resources/MWimages/MW-GP644_MicroS_ZG_20180906154215.jpg,marketwatch.com,English,United States,2021-02-11 17:00:00+00:00,GME
https://www.marketwatch.com/articles/pot-stocks-are-getting-crushed-what-you-need-to-know-51613060019,,Pot Stocks Are Getting Crushed . What You Need to Know,20210211T173000Z,https://images.barrons.com/im-298034/social,marketwatch.com,English,United States,2021-02-11 17:30:00+00:00,GME
https://www.benzinga.com/analyst-ratings/analyst-color/21/02/19619033/cannabis-stock-short-sellers-have-4-3b-in-losses-so-far-in-2021,https://amp.benzinga.com/amp/content/19619033,"Tilray Inc ( NASDAQ : TLRY ), ( ACB ) - Cannabis Stock Short Sellers Have $4 . 3B In Losses So Far In 2021",20210211T183000Z,,benzinga.com,English,United States,2021-02-11 18:30:00+00:00,GME
http://www.proactiveinvestors.co.uk/companies/news/941062/cannabis-stocks-sent-higher-in-new-reddit-investor-rally-941062.html,https://www.proactiveinvestors.co.uk/companies/amp/news/941062,"MGC Pharmaceuticals Ltd , Tilray Inc and Namaste Technologies Inc soar as Reddit - inspired traders send cannabis stocks higher",20210211T191500Z,https://www.proactiveinvestors.co.uk/thumbs/upload/News/Image/2021_02/1200z630_1613046096_2021-02-11-12-21-36_abfab03f27cd6c515b5e5e6f83ce69d5.jpg,proactiveinvestors.co.uk,English,United Kingdom,2021-02-11 19:15:00+00:00,GME
http://www.proactiveinvestors.com/companies/news/941062/cannabis-stocks-sent-higher-in-new-reddit-investor-rally-941062.html,https://www.proactiveinvestors.com/companies/amp/news/941062,"MGC Pharmaceuticals Ltd , Tilray Inc and Namaste Technologies Inc soar as Reddit - inspired traders send cannabis stocks higher",20210211T191500Z,https://www.proactiveinvestors.com/thumbs/upload/News/Image/2021_02/1200z630_1613046096_2021-02-11-12-21-36_abfab03f27cd6c515b5e5e6f83ce69d5.jpg,proactiveinvestors.com,English,United States,2021-02-11 19:15:00+00:00,GME
https://www.benzinga.com/markets/cannabis/21/02/19620541/heres-the-latest-on-aurora-cannabis-ahead-of-todays-earnings-report,https://amp.benzinga.com/amp/content/19620541,"AMC Entertainment Holdings ( AMC ), Canopy Growth Corp ( CGC ), Gamestop Corp . ( GME ), Inovio Pharmaceuticals ( INO ) - Here The Latest On Aurora Cannabis Ahead Of Today Earnings Report",20210211T193000Z,,benzinga.com,English,United States,2021-02-11 19:30:00+00:00,GME
https://www.benzinga.com/markets/cannabis/21/02/19622465/portnoy-flips-sundial-growers-for-50k-profit-thats-how-you-do-it-boys,https://amp.benzinga.com/amp/content/19622465,"AMC Entertainment Holdings ( AMC ), Gamestop Corp . ( GME ), Penn National Gaming ( PENN ) - Portnoy Flips Sundial Growers For $50K Profit :  That How You Do It Boys  ",20210211T201500Z,,benzinga.com,English,United States,2021-02-11 20:15:00+00:00,GME
https://www.livemint.com/market/cryptocurrency/gamestop-frenzy-echoes-sharp-moves-long-seen-in-cryptocurrency-markets-11613050845186.html,https://www.livemint.com/market/cryptocurrency/gamestop-frenzy-echoes-sharp-moves-long-seen-in-cryptocurrency-markets/amp-11613050845186.html,GameStop frenzy echoes sharp moves long seen in cryptocurrency markets,20210211T210000Z,https://images.livemint.com/img/2021/02/11/600x338/2021-02-11T110434Z_1_LYNXMPEH1A0QS_RTROPTP_3_RETAIL-TRADING-GAMESTOP_1613050884142_1613050902573.JPG,livemint.com,English,India,2021-02-11 21:00:00+00:00,GME
https://www.msn.com/en-us/money/topstocks/if-you-have-a-profit-with-sundial-growers-now-is-the-time-to-take-it/ar-BB1dBOSH,,"If You Have a Profit With Sundial Growers , Now Is the Time to Take It",20210211T223000Z,,msn.com,English,United States,2021-02-11 22:30:00+00:00,GME
https://www.foxbusiness.com/markets/doj-subpoenas-robinhood-others-in-gamestop-probe-report,https://www.foxbusiness.com/markets/doj-subpoenas-robinhood-others-in-gamestop-probe-report.amp,"DOJ subpoenas Robinhood , others in GameStop probe : report",20210211T234500Z,https://a57.foxnews.com/static.foxbusiness.com/foxbusiness.com/content/uploads/2021/01/0/0/Gamestop-Robinhood-Getty.jpg?ve=1&tl=1,foxbusiness.com,English,United States,2021-02-11 23:45:00+00:00,GME
https://investorplace.com/moneywire/2021/02/no-need-catch-falling-knife-gme-stock/,https://investorplace.com/moneywire/2021/02/no-need-catch-falling-knife-gme-stock/amp/,There No Need to Catch Falling Knife GME Stock,20210212T014500Z,https://investorplace.com/wp-content/uploads/2021/02/gme1600.jpg,investorplace.com,English,United States,2021-02-12 01:45:00+00:00,GME
https://sfist.com/2021/02/11/small-but-angry-mob-shows-up-outside-robinhood-headquarters-in-menlo-park-animal-feces-thrown/,,"Small But Angry Mobs Show Up Outside Robinhood Headquarters in Menlo Park , Animal Feces Thrown",20210212T020000Z,https://img.sfist.com/2021/02/robinhood-vlad-sucks.jpg,sfist.com,English,United States,2021-02-12 02:00:00+00:00,GME
https://switzer.com.au/the-experts/tim-boreham/what-is-short-selling-what-stocks-are-now-being-shorted/,,What is short selling & what stocks are now being shorted ? ,20210212T021500Z,https://switzer.com.au/wp-content/uploads/Gamestop-shop.jpg,switzer.com.au,English,Australia,2021-02-12 02:15:00+00:00,GME
https://www.afr.com/policy/economy/a-renowned-historian-explains-why-a-gamestop-conspiracy-makes-no-sense-20210210-p571ci,,GameStop : Niall Ferguson explains why a conspiracy makes no sense,20210212T034500Z,https://static.ffx.io/images/$zoom_0.2729%2C$multiply_0.7554%2C$ratio_1.777778%2C$width_1059%2C$x_0%2C$y_110/t_crop_custom/e_sharpen:25%2Cq_85%2Cf_jpg/t_afr_opinion_no_age_social_wm/28418e793f090d1ffc1f91e0b58bcd0f21f0e3d7,afr.com,English,Australia,2021-02-12 03:45:00+00:00,GME
https://www.fool.com/investing/2021/02/12/stocks-fall-more-than-amc-and-gamestop-wall-street/?source=iedfolrf0000001,https://www.fool.com/amp/investing/2021/02/12/stocks-fall-more-than-amc-and-gamestop-wall-street/,"These Stocks Could Fall More Than AMC and GameStop , According to Wall Street",20210212T124500Z,https://g.foolcdn.com/editorial/images/612551/cut-spending-scissors-cash-budget-getty.jpg,fool.com,English,United States,2021-02-12 12:45:00+00:00,GME
https://www.fool.com/investing/2021/02/12/stocks-fall-more-than-amc-and-gamestop-wall-street/,https://www.fool.com/amp/investing/2021/02/12/stocks-fall-more-than-amc-and-gamestop-wall-street/,"These Stocks Could Fall More Than AMC and GameStop , According to Wall Street",20210212T133000Z,https://g.foolcdn.com/editorial/images/612551/cut-spending-scissors-cash-budget-getty.jpg,fool.com,English,United States,2021-02-12 13:30:00+00:00,GME
https://www.fool.com/investing/2021/02/12/whats-causing-the-huge-run-up-for-fulgent-genetics/?source=iedfolrf0000001,https://www.fool.com/amp/investing/2021/02/12/whats-causing-the-huge-run-up-for-fulgent-genetics/,What Causing the Huge Run - up for Fulgent Genetics Stock ? ,20210212T140000Z,https://g.foolcdn.com/editorial/images/612955/medical-doctor-touching-virtual-interface-button-of-healthcare-application.jpg,fool.com,English,United States,2021-02-12 14:00:00+00:00,GME
https://www.investors.com/news/marijuana-stocks-light-up-legalization-hopes-analysts-bring-cold-water/,,Marijuana Stocks Light Up On Legalization Hopes ; Analysts Bring Cold Water,20210212T143000Z,https://www.investors.com/wp-content/uploads/2021/02/A1MAIN-quill-021221.jpg,investors.com,English,United States,2021-02-12 14:30:00+00:00,GME
https://www.stripes.com/lifestyle/weird-habits-picked-up-during-pandemic-monotony-1.661953,,Weird habits picked up during pandemic monotony,20210212T144500Z,https://www.stripes.com/img/socialmedia/images/facebook_default.jpg,stripes.com,English,United States,2021-02-12 14:45:00+00:00,GME
https://www.fool.com/investing/2021/02/12/heres-why-the-gamestop-rally-was-so-hard-to-resist/?source=iedfolrf0000001,https://www.fool.com/amp/investing/2021/02/12/heres-why-the-gamestop-rally-was-so-hard-to-resist/,Here Why The GameStop Rally Was So Hard to Resist,20210212T151500Z,https://g.foolcdn.com/editorial/images/612426/slide-2-gamestop-source-getty.jpg,fool.com,English,United States,2021-02-12 15:15:00+00:00,GME
https://www.fool.com/taxes/2021/02/12/how-much-tax-do-i-owe-on-reddit-stocks/?source=iedfolrf0000001,https://www.fool.com/amp/taxes/2021/02/12/how-much-tax-do-i-owe-on-reddit-stocks/,How Much Tax Do I Owe on Reddit Stocks ? ,20210212T151500Z,https://g.foolcdn.com/editorial/images/612550/1040-tax-form.jpg,fool.com,English,United States,2021-02-12 15:15:00+00:00,GME
https://www.channel3000.com/i/how-much-tax-do-i-owe-on-reddit-stocks/,,How Much Tax Do I Owe on Reddit Stocks ? - Channel3000 . com,20210212T160000Z,https://wpcdn.us-east-1.vip.tn-cloud.net/www.channel3000.com/content/uploads/2021/02/60269c4ece679.image_.jpg,channel3000.com,English,United States,2021-02-12 16:00:00+00:00,GME
http://theconcordian.com/2021/02/explaining-the-complexity-of-the-stock-market-with-lego-minifigures/,,Explaining the complexity of the stock market with Lego minifigures,20210212T161500Z,https://i0.wp.com/theconcordian.com/wp-content/uploads/2021/02/Everything-you-need-to-know-about-investing.png?fit=1920%2C1080,theconcordian.com,English,Canada,2021-02-12 16:15:00+00:00,GME
http://theconcordian.com/2021/02/gamestock-the-digital-revolt-of-the-third-estate/,,GameStock : the digital revolt of the Third Estate,20210212T161500Z,https://i1.wp.com/theconcordian.com/wp-content/uploads/2021/02/stonks-taylor.png?fit=1920%2C1080,theconcordian.com,English,Canada,2021-02-12 16:15:00+00:00,GME
https://www.news8000.com/i/how-much-tax-do-i-owe-on-reddit-stocks/,,How Much Tax Do I Owe on Reddit Stocks ? ,20210212T163000Z,https://wpcdn.us-east-1.vip.tn-cloud.net/www.news8000.com/content/uploads/2021/02/60269c4ece679.image_.jpg,news8000.com,English,United States,2021-02-12 16:30:00+00:00,GME
https://www.kxly.com/i/how-much-tax-do-i-owe-on-reddit-stocks/,,How Much Tax Do I Owe on Reddit Stocks ? ,20210212T163000Z,https://wpcdn.us-east-1.vip.tn-cloud.net/www.kxly.com/content/uploads/2021/02/60269c4ece679.image_.jpg,kxly.com,English,United States,2021-02-12 16:30:00+00:00,GME
https://www.marketwatch.com/articles/pot-stocks-are-back-in-the-spotlight-heres-how-to-tell-them-apart-51613146947,,Pot Stocks Are Back in the Spotlight . Here How to Tell Them Apart . ,20210212T164500Z,https://images.barrons.com/im-297997/social,marketwatch.com,English,United States,2021-02-12 16:45:00+00:00,GME
https://omaha.com/business/investment/personal-finance/how-much-tax-do-i-owe-on-reddit-stocks/article_49dcfcd1-f027-57b9-84ff-9a775d52e8dd.html,https://omaha.com/business/investment/personal-finance/how-much-tax-do-i-owe-on-reddit-stocks/article_49dcfcd1-f027-57b9-84ff-9a775d52e8dd.amp.html,How Much Tax Do I Owe on Reddit Stocks ? ,20210212T180000Z,https://bloximages.newyork1.vip.townnews.com/omaha.com/content/tncms/assets/v3/editorial/a/34/a345b5ee-6339-56d2-b1e4-a72b9e8c5d00/6026a00e40554.image.jpg?crop=700%2C394%2C0%2C36,omaha.com,English,United States,2021-02-12 18:00:00+00:00,GME
https://www.fool.com/investing/2021/02/12/heres-why-the-gamestop-rally-was-so-hard-to-resist/,https://www.fool.com/amp/investing/2021/02/12/heres-why-the-gamestop-rally-was-so-hard-to-resist/,Here Why The GameStop Rally Was So Hard to Resist,20210212T183000Z,https://g.foolcdn.com/editorial/images/612426/slide-2-gamestop-source-getty.jpg,fool.com,English,United States,2021-02-12 18:30:00+00:00,GME
https://freerepublic.com/tag/*/index?more=3933994,,Latest Articles,20210212T194500Z,,freerepublic.com,English,United States,2021-02-12 19:45:00+00:00,GME
https://freerepublic.com/tag/*/index?more=3934008,,Latest Articles,20210212T203000Z,,freerepublic.com,English,United States,2021-02-12 20:30:00+00:00,GME
https://freerepublic.com/tag/*/index?more=3934010,,Latest Articles,20210212T204500Z,,freerepublic.com,English,United States,2021-02-12 20:45:00+00:00,GME
https://www.benzinga.com/analyst-ratings/analyst-color/21/02/19640698/gamestop-analyst-console-sales-continue-to-look-light,https://amp.benzinga.com/amp/content/19640698,Gamestop Corporation ( NYSE : GME ) - GameStop Analyst : Console Sales  Continue To Look Light  ,20210212T210000Z,,benzinga.com,English,United States,2021-02-12 21:00:00+00:00,GME
https://www.westernherald.com/news/article_cc6fe2fe-6d8c-11eb-a317-5331cb92f43b.html,,Why GameStop stocks soared to the moon and sent Robinhood to court,20210213T023000Z,https://bloximages.newyork1.vip.townnews.com/westernherald.com/content/tncms/assets/v3/editorial/1/7c/17cc0002-6d8d-11eb-982c-8f58068498e6/602715d9ca22c.image.jpg,westernherald.com,English,United States,2021-02-13 02:30:00+00:00,GME
https://www.fool.com/investing/2021/02/13/forget-amc-and-gamestop-4-growth-stocks-can-triple/?source=iedfolrf0000001,https://www.fool.com/amp/investing/2021/02/13/forget-amc-and-gamestop-4-growth-stocks-can-triple/,Forget AMC and GameStop : These 4 Growth Stocks Can Triple in Value,20210213T120000Z,https://g.foolcdn.com/editorial/images/612332/stack-of-one-hundred-dollar-bills-cash-money-stimulus-invest-retire-getty.jpg,fool.com,English,United States,2021-02-13 12:00:00+00:00,GME
https://www.fool.com/investing/2021/02/13/forget-amc-and-gamestop-4-growth-stocks-can-triple/,https://www.fool.com/amp/investing/2021/02/13/forget-amc-and-gamestop-4-growth-stocks-can-triple/,Forget AMC and GameStop : These 4 Growth Stocks Can Triple in Value,20210213T130000Z,https://g.foolcdn.com/editorial/images/612332/stack-of-one-hundred-dollar-bills-cash-money-stimulus-invest-retire-getty.jpg,fool.com,English,United States,2021-02-13 13:00:00+00:00,GME
https://www.forbes.com/sites/abrambrown/2021/02/08/fresh-off-gamestop-mania-reddit-raises-250-million-in-new-funding/,https://www.forbes.com/sites/abrambrown/2021/02/08/fresh-off-gamestop-mania-reddit-raises-250-million-in-new-funding/amp/,"Fresh Off GameStop Mania , Reddit Raises $250 Million In New Funding",20210213T130000Z,https://thumbor.forbes.com/thumbor/fit-in/1200x0/filters%3Aformat%28jpg%29/https%3A%2F%2Fspecials-images.forbesimg.com%2Fimageserve%2F6021fc26469ab417554d4f33%2F0x0.jpg,forbes.com,English,United States,2021-02-13 13:00:00+00:00,GME
https://www.investmentwatchblog.com/game-over-for-gamestop/,,Game Over For Gamestop ? – Investment Watch,20210213T163000Z,,investmentwatchblog.com,English,United States,2021-02-13 16:30:00+00:00,GME
https://www.benzinga.com/topic/maxine-waters,,Maxine Waters,20210213T163000Z,,benzinga.com,English,United States,2021-02-13 16:30:00+00:00,GME
https://www.benzinga.com/government/21/02/19654792/roaring-kitty-ken-griffin-vlad-tenev-to-be-among-those-testifying-at-house-hearing,https://amp.benzinga.com/amp/content/19654792,"Gamestop Corporation ( NYSE : GME ) - Roaring Kitty , Ken Griffin , Vlad Tenev To Be Among Those Testifying At House Hearing",20210213T163000Z,,benzinga.com,English,United States,2021-02-13 16:30:00+00:00,GME
https://www.theverge.com/2021/2/13/22281698/ceo-reddit-robinhood-roaring-kitty-testify-gamestop-hearing-congress-stocks,https://www.theverge.com/platform/amp/2021/2/13/22281698/ceo-reddit-robinhood-roaring-kitty-testify-gamestop-hearing-congress-stocks,CEOs of Reddit and Robinhood and  Roaring Kitty  slated to testify in GameStop hearing,20210213T181500Z,https://cdn.vox-cdn.com/thumbor/2UfjW6tME8NDHwEDrkFUPy5AK_o=/0x625:4896x3188/fit-in/1200x630/cdn.vox-cdn.com/uploads/chorus_asset/file/22302119/1230992809.jpg,theverge.com,English,United States,2021-02-13 18:15:00+00:00,GME
https://thehill.com/policy/technology/538752-robinhood-ceo-ahead-of-hearing-no-doubt-company-could-have-communicated,https://thehill.com/policy/technology/538752-robinhood-ceo-ahead-of-hearing-no-doubt-company-could-have-communicated?amp,Robinhood CEO ahead of hearing :  No doubt  company could have communicated better,20210213T203000Z,https://thehill.com/sites/default/files/tenevvlad_robinhood_051016getty.jpg,thehill.com,English,United States,2021-02-13 20:30:00+00:00,GME
https://www.investmentwatchblog.com/a-historical-survey-of-the-systemic-problem-of-shorting-non-existing-stock-naked-shorting-in-relation-to-recent-events/,,A historical survey of the systemic problem of shorting non - existing stock ( naked shorting ) in relation to recent events – Investment Watch,20210213T213000Z,,investmentwatchblog.com,English,United States,2021-02-13 21:30:00+00:00,GME
https://www.gizmodo.com.au/2021/02/ceos-of-robinhood-and-reddit-to-testify-in-federal-gamestop-hearing/,https://www.gizmodo.com.au/2021/02/ceos-of-robinhood-and-reddit-to-testify-in-federal-gamestop-hearing/amp/,CEOs of Robinhood and Reddit to Testify in Federal GameStop Hearing,20210214T013000Z,https://imgix.gizmodo.com.au/content/uploads/sites/2/2021/02/14/cqzfrczjvlpox1tlqvow-scaled.jpg?ar=16%3A9&auto=format&fit=crop&q=65,gizmodo.com.au,English,Australia,2021-02-14 01:30:00+00:00,GME
https://www.theadvocate.com/baton_rouge/news/business/article_3eab02fe-67c5-11eb-9294-53288028a532.html,https://www.theadvocate.com/baton_rouge/news/business/article_3eab02fe-67c5-11eb-9294-53288028a532.amp.html,Local GameStop stock traders inspired by anti - hedge fund message despite losses,20210214T064500Z,https://bloximages.newyork1.vip.townnews.com/theadvocate.com/content/tncms/assets/v3/editorial/d/dd/dddf0bd8-b4b6-545f-9acb-c23fcfa7f18e/5fc145ba4df7b.image.jpg,theadvocate.com,English,United States,2021-02-14 06:45:00+00:00,GME
https://www.forbes.com/sites/frankvangansbeke/2021/02/14/gamestop-reddit-and-robinhoodten-financial-fault-lines-laid-bare-22/,https://www.forbes.com/sites/frankvangansbeke/2021/02/14/gamestop-reddit-and-robinhoodten-financial-fault-lines-laid-bare-22/amp/,"GameStop , Reddit And Robinhood - Ten Financial Fault Lines Laid Bare ( 2 / 2 ) ",20210214T081500Z,https://thumbor.forbes.com/thumbor/fit-in/1200x0/filters%3Aformat%28jpg%29/https%3A%2F%2Fspecials-images.forbesimg.com%2Fimageserve%2F6028b1be010c0d1c89706dd7%2F0x0.jpg%3FcropX1%3D0%26cropX2%3D5000%26cropY1%3D0%26cropY2%3D3667,forbes.com,English,United States,2021-02-14 08:15:00+00:00,GME
https://wcfcourier.com/business/investment/personal-finance/3-stocks-not-to-spend-your-1-400-on/article_f29dbbee-1eed-5fab-ab8f-a93864512ef8.html,https://wcfcourier.com/business/investment/personal-finance/3-stocks-not-to-spend-your-1-400-on/article_f29dbbee-1eed-5fab-ab8f-a93864512ef8.amp.html,"3 Stocks Not to Spend Your $1 , 400 on",20210214T130000Z,https://bloximages.chicago2.vip.townnews.com/wcfcourier.com/content/tncms/assets/v3/editorial/c/fc/cfce9d92-a234-54da-9f79-9dcd9952bf41/60291872d719c.image.jpg?crop=681%2C383%2C9%2C0,wcfcourier.com,English,United States,2021-02-14 13:00:00+00:00,GME
https://fremonttribune.com/business/investment/personal-finance/3-stocks-not-to-spend-your-1-400-on/article_daa05e46-6c5d-5df0-95a8-af5607b48698.html,https://fremonttribune.com/business/investment/personal-finance/3-stocks-not-to-spend-your-1-400-on/article_daa05e46-6c5d-5df0-95a8-af5607b48698.amp.html,"3 Stocks Not to Spend Your $1 , 400 on",20210214T133000Z,https://bloximages.chicago2.vip.townnews.com/fremonttribune.com/content/tncms/assets/v3/editorial/d/e0/de08e304-07b4-5ec0-9408-b3d5e2c459de/6029185c7015e.image.jpg?crop=681%2C383%2C9%2C0,fremonttribune.com,English,United States,2021-02-14 13:30:00+00:00,GME
https://siouxcityjournal.com/business/investment/personal-finance/3-stocks-not-to-spend-your-1-400-on/article_04d97c36-df84-538c-9228-ab1764a5f7de.html,https://siouxcityjournal.com/business/investment/personal-finance/3-stocks-not-to-spend-your-1-400-on/article_04d97c36-df84-538c-9228-ab1764a5f7de.amp.html,"3 Stocks Not to Spend Your $1 , 400 on",20210214T133000Z,https://bloximages.chicago2.vip.townnews.com/siouxcityjournal.com/content/tncms/assets/v3/editorial/f/78/f784a593-c3b4-52e1-acc4-e7c2e8f89246/60291b9b7a06a.image.jpg?crop=681%2C383%2C9%2C0,siouxcityjournal.com,English,United States,2021-02-14 13:30:00+00:00,GME
https://omaha.com/business/investment/personal-finance/3-stocks-not-to-spend-your-1-400-on/article_d0853e2c-73d2-5256-910a-ffa877eb105d.html,https://omaha.com/business/investment/personal-finance/3-stocks-not-to-spend-your-1-400-on/article_d0853e2c-73d2-5256-910a-ffa877eb105d.amp.html,"3 Stocks Not to Spend Your $1 , 400 on",20210214T140000Z,https://bloximages.newyork1.vip.townnews.com/omaha.com/content/tncms/assets/v3/editorial/7/f2/7f2fbc9c-b305-5f8e-b672-8fd9d100276f/60291c0a077d1.image.jpg?crop=681%2C383%2C9%2C0,omaha.com,English,United States,2021-02-14 14:00:00+00:00,GME
https://www.fool.com/investing/2021/02/14/3-stocks-not-to-spend-your-1400-on/?source=iedfolrf0000001,https://www.fool.com/amp/investing/2021/02/14/3-stocks-not-to-spend-your-1400-on/,"3 Stocks Not to Spend Your $1 , 400 on",20210214T143000Z,https://g.foolcdn.com/editorial/images/613133/gettyimages-1212585714.jpg,fool.com,English,United States,2021-02-14 14:30:00+00:00,GME
https://www.kxly.com/i/3-stocks-not-to-spend-your-1400-on/,,"3 Stocks Not to Spend Your $1 , 400 on",20210214T144500Z,https://wpcdn.us-east-1.vip.tn-cloud.net/www.kxly.com/content/uploads/2021/02/60291819e2e36.image_.jpg,kxly.com,English,United States,2021-02-14 14:45:00+00:00,GME
https://magicvalley.com/business/investment/personal-finance/3-stocks-not-to-spend-your-1-400-on/article_943138eb-7796-5523-869b-0ce3fd59c676.html,https://magicvalley.com/business/investment/personal-finance/3-stocks-not-to-spend-your-1-400-on/article_943138eb-7796-5523-869b-0ce3fd59c676.amp.html,"3 Stocks Not to Spend Your $1 , 400 on",20210214T160000Z,https://bloximages.chicago2.vip.townnews.com/magicvalley.com/content/tncms/assets/v3/editorial/5/1b/51b29bdd-535e-5aba-9077-469a1116d1ad/60291872751af.image.jpg?crop=681%2C383%2C9%2C0,magicvalley.com,English,United States,2021-02-14 16:00:00+00:00,GME
https://www.fool.com/investing/2021/02/14/3-stocks-not-to-spend-your-1400-on/,https://www.fool.com/amp/investing/2021/02/14/3-stocks-not-to-spend-your-1400-on/,"3 Stocks Not to Spend Your $1 , 400 on",20210214T170000Z,https://g.foolcdn.com/editorial/images/613133/gettyimages-1212585714.jpg,fool.com,English,United States,2021-02-14 17:00:00+00:00,GME
https://www.stltoday.com/business/investment/personal-finance/3-stocks-not-to-spend-your-1-400-on/article_9e5c3117-7d61-5ac4-bc5f-be91653e630c.html,https://www.stltoday.com/business/investment/personal-finance/3-stocks-not-to-spend-your-1-400-on/article_9e5c3117-7d61-5ac4-bc5f-be91653e630c.amp.html,"3 Stocks Not to Spend Your $1 , 400 on",20210214T174500Z,https://bloximages.newyork1.vip.townnews.com/stltoday.com/content/tncms/assets/v3/editorial/1/61/1619ad8d-f3be-5b11-929f-5b630ab0f21f/60291b50dc15d.image.jpg?crop=681%2C383%2C9%2C0,stltoday.com,English,United States,2021-02-14 17:45:00+00:00,GME
https://www.benzinga.com/markets/cannabis/21/02/19651888/this-week-in-cannabis-tilray-aphria-sundial-go-for-a-ride-etfs-pop-with-cnbs-advancing-99,https://amp.benzinga.com/amp/content/19651888,"AMC Entertainment Holdings ( AMC ), Blackrock ( BLK ), BevCanna Enterprises ( BVNNF ), CANNABIS WHEATON INCOME by Cannabis Wheaton Income Corp . ( CBWTF ), Canopy Growth Corp ( CGC ), CURALEAF HLDGS INC by Curaleaf Hldgs Inc . ( CURLF ), Gamestop Cor...",20210214T191500Z,,benzinga.com,English,United States,2021-02-14 19:15:00+00:00,GME
https://www.fool.com.au/2021/02/15/how-cba-asxcbas-commsec-expanded-its-millennial-footprint/,https://www.fool.com.au/2021/02/15/how-cba-asxcbas-commsec-expanded-its-millennial-footprint/amp/,How CBA ( ASX : CBA ) CommSec expanded its millennial footprint,20210215T071500Z,https://www.fool.com.au/wp-content/uploads/2019/06/socialmedia-typing-millennials.16.9.jpg,fool.com.au,English,Australia,2021-02-15 07:15:00+00:00,GME
https://www.breezejmu.org/business/musk-s-next-act-tweets-sending-stocks-crypto-to-the-moon/article_35ca39a2-6f0e-11eb-bee1-e712df2cd4cf.html,,"Musk next act ? Tweets sending stocks , crypto  to the moon  | Business",20210215T114500Z,https://bloximages.newyork1.vip.townnews.com/breezejmu.org/content/tncms/assets/v3/editorial/d/fa/dfa0668a-6f0f-11eb-a177-3ff030c58269/60299d7aa7994.image.jpg,breezejmu.org,English,United States,2021-02-15 11:45:00+00:00,GME
https://news.yahoo.com/1-200-stimulus-check-had-140000531.html,https://news.yahoo.com/amphtml/1-200-stimulus-check-had-140000531.html,"If your $1 , 200 stimulus check had gone into these 8 stocks , youd have cashed in big",20210215T143000Z,https://s.yimg.com/uu/api/res/1.2/.2VGrPMz6mC6VgzHSSkD7A--~B/aD00MDA7dz03Mjg7YXBwaWQ9eXRhY2h5b24-/https://media.zenfs.com/en/moneywise_327/749a6ed6f2e40ef6f905d12947fdd855,news.yahoo.com,English,United States,2021-02-15 14:30:00+00:00,GME
https://es.ccm.net/faq/52549-como-comprar-y-vender-acciones-online,,Cómo comprar y vender acciones online,20210215T151500Z,https://img-17.ccm2.net/wz7TbtHTpHfCRY4N7g4YoVIyBvM=/500x/f40f1645f0ad4b2381ae84e7febd596f/ccm-faq/jason-briscoe-amLfrL8LGls-unsplash.jpg,es.ccm.net,Spanish,Brazil,2021-02-15 15:15:00+00:00,GME
http://www.proactiveinvestors.com/companies/news/941328/reddit-robinhood-and-roaring-kitty-prepare-to-face-congress-in-gamestop-corp-hearing-941328.html,https://www.proactiveinvestors.com/companies/amp/news/941328,"Reddit , Robinhood and Roaring Kitty prepare to face Congress in GameStop Corp hearing",20210215T220000Z,https://www.proactiveinvestors.com/thumbs/upload/News/Image/2021_02/1200z630_1613396497_2021-02-15-13-41-37_fc1b096ff1175bfb5ca0af29edcb709d.jpg,proactiveinvestors.com,English,United States,2021-02-15 22:00:00+00:00,GME
https://www.fool.ca/2021/02/16/why-cannabis-stocks-like-aphria-tsxapha-crashed-last-week/,https://www.fool.ca/2021/02/16/why-cannabis-stocks-like-aphria-tsxapha-crashed-last-week/amp/,Why Cannabis Stocks Like Aphria ( TSX : APHA ) Crashed Last Week,20210216T144500Z,https://yw553ftvhw1iqegz29fycoyw-wpengine.netdna-ssl.com/wp-content/uploads/2020/01/KetchupChips.jpg,fool.ca,English,Canada,2021-02-16 14:45:00+00:00,GME
https://www.marketwatch.com/articles/big-players-in-gamestop-saga-will-face-congress-this-week-heres-what-to-expect-51613251923,,Big Players in GameStop Saga Will Face Congress This Week . Here What to Expect . ,20210216T154500Z,https://images.barrons.com/im-299145/social,marketwatch.com,English,United States,2021-02-16 15:45:00+00:00,GME
https://www.cnet.com/personal-finance/gamestop-stock-hearing-how-to-watch-robinhood-and-reddit-ceos-testify-before-congress/,https://www.cnet.com/google-amp/news/gamestop-stock-hearing-how-to-watch-robinhood-and-reddit-ceos-testify-before-congress/,GameStop stock hearing : How to watch Robinhood and Reddit CEOs testify before Congress,20210216T194500Z,https://cnet4.cbsistatic.com/img/cBdhCgb-AYoYZ7aNxe-U27KZulo=/1200x630/2021/02/16/2ff84ff9-26d7-41df-aee5-04905c95ee8b/gettyimages-1230908393.jpg,cnet.com,English,Japan,2021-02-16 19:45:00+00:00,GME
https://smartasset.com/investing/gamestop-stock-price-surge-stock-market-lessons,,What the GameStop Stock Price Surge Tells Us About the Stock Market,20210216T194500Z,https://dr5dymrsxhdzh.cloudfront.net/blog/images/ac596ad3a/2021/02/iStock-614027930.jpg,smartasset.com,English,United States,2021-02-16 19:45:00+00:00,GME
https://www.fool.ca/2021/02/16/meme-stocks-how-reddit-lost-the-war-with-wall-street/,https://www.fool.ca/2021/02/16/meme-stocks-how-reddit-lost-the-war-with-wall-street/amp/,Meme Stocks : How Reddit Lost the War with Wall Street,20210216T194500Z,https://yw553ftvhw1iqegz29fycoyw-wpengine.netdna-ssl.com/wp-content/uploads/2019/04/Skyscrapers.jpg,fool.ca,English,Canada,2021-02-16 19:45:00+00:00,GME
http://www.msn.com/en-us/news/technology/gamestop-stock-hearing-how-to-watch-robinhood-and-reddit-ceos-testify-before-congress/ar-BB1dJVhm,,GameStop stock hearing : How to watch Robinhood and Reddit CEOs testify before Congress,20210216T200000Z,,msn.com,English,United States,2021-02-16 20:00:00+00:00,GME
https://www.savingadvice.com/articles/2021/02/17/1080160_avoid-stock-investment-hype.html,,How to Avoid Stock Investment Hype - SavingAdvice . com Blog,20210217T064500Z,https://www.savingadvice.com/wp-content/uploads/2021/02/avoid-stock-investment-hype-scaled.jpg,savingadvice.com,English,United States,2021-02-17 06:45:00+00:00,GME
https://www.enterprisenews.com/story/business/finance/2021/02/17/how-brockton-native-keith-gill-made-millions-gamestop-gme-stock-market-hedge-fund-reddit/4453508001/,,Here how Brockton native Keith Gill made millions on GameStop stock,20210217T104500Z,"https://www.gannett-cdn.com/presto/2021/01/30/NENT/eb92c729-4ec1-4955-ae93-ef6fee05e0ee-Keith_Gill_Roaring_Kitty_YouTube_3.jpg?auto=webp&crop=1911,1075,x9,y5&format=pjpg",enterprisenews.com,English,United States,2021-02-17 10:45:00+00:00,GME
https://www.fool.com/investing/2021/02/17/if-youd-sold-short-10000-in-gamestop-stock-when-20/?source=iedfolrf0000001,https://www.fool.com/amp/investing/2021/02/17/if-youd-sold-short-10000-in-gamestop-stock-when-20/,"If Youd Sold Short $10 , 000 in GameStop Stock When 2021 Began , This Is How Much Money You Wouldve Lost",20210217T104500Z,https://g.foolcdn.com/editorial/images/613566/video-game-gettyimages-523538633.jpg,fool.com,English,United States,2021-02-17 10:45:00+00:00,GME
https://omaha.com/business/investment/personal-finance/if-youd-sold-short-10-000-in-gamestop-stock-when-2021-began-this-is-how/article_12960f23-f834-5eab-a2b6-0d047a34669e.html,https://omaha.com/business/investment/personal-finance/if-youd-sold-short-10-000-in-gamestop-stock-when-2021-began-this-is-how/article_12960f23-f834-5eab-a2b6-0d047a34669e.amp.html,"If Youd Sold Short $10 , 000 in GameStop Stock When 2021 Began , This Is How Much Money You Wouldve Lost",20210217T114500Z,https://bloximages.newyork1.vip.townnews.com/omaha.com/content/tncms/assets/v3/editorial/2/24/22477533-c165-5f36-ac1a-b056f8fc7291/602cfafe3ace1.image.jpg?crop=700%2C394%2C0%2C36,omaha.com,English,United States,2021-02-17 11:45:00+00:00,GME
https://www.theglobeandmail.com/business/international-business/european-business/article-dont-rely-on-social-media-stock-tips-eu-watchdog-warns-retail/,,"Dont rely on social media stock tips , EU watchdog warns retail investors",20210217T130000Z,https://www.theglobeandmail.com/resizer/NdUYoxdHtUNB2dLSpyoOrNkZ_wY=/1200x0/filters:quality(80)/cloudfront-us-east-1.images.arcpublishing.com/tgam/MGJBASR64VOE3L65F7M2IVECII.JPG,theglobeandmail.com,English,Canada,2021-02-17 13:00:00+00:00,GME
https://www.channel3000.com/i/if-youd-sold-short-10000-in-gamestop-stock-when-2021-began-this-is-how-much-money-you-wouldve-lost/,,"If Youd Sold Short $10 , 000 in GameStop Stock When 2021 Began , This Is How Much Money You Wouldve Lost",20210217T141500Z,https://wpcdn.us-east-1.vip.tn-cloud.net/www.channel3000.com/content/uploads/2021/02/602cf7df61ab8.image_.jpg,channel3000.com,English,United States,2021-02-17 14:15:00+00:00,GME
https://www.fool.com/investing/2021/02/17/if-youd-sold-short-10000-in-gamestop-stock-when-20/,https://www.fool.com/amp/investing/2021/02/17/if-youd-sold-short-10000-in-gamestop-stock-when-20/,"If Youd Sold Short $10 , 000 in GameStop Stock When 2021 Began , This Is How Much Money You Wouldve Lost",20210217T143000Z,https://g.foolcdn.com/editorial/images/613566/video-game-gettyimages-523538633.jpg,fool.com,English,United States,2021-02-17 14:30:00+00:00,GME
https://www.kxly.com/i/if-youd-sold-short-10000-in-gamestop-stock-when-2021-began-this-is-how-much-money-you-wouldve-lost/,,"If Youd Sold Short $10 , 000 in GameStop Stock When 2021 Began , This Is How Much Money You Wouldve Lost",20210217T144500Z,https://wpcdn.us-east-1.vip.tn-cloud.net/www.kxly.com/content/uploads/2021/02/602cf7df61ab8.image_.jpg,kxly.com,English,United States,2021-02-17 14:45:00+00:00,GME
https://www.news8000.com/i/if-youd-sold-short-10000-in-gamestop-stock-when-2021-began-this-is-how-much-money-you-wouldve-lost/,,"If Youd Sold Short $10 , 000 in GameStop Stock When 2021 Began , This Is How Much Money You Wouldve Lost",20210217T153000Z,https://wpcdn.us-east-1.vip.tn-cloud.net/www.news8000.com/content/uploads/2021/02/602cf7df61ab8.image_.jpg,news8000.com,English,United States,2021-02-17 15:30:00+00:00,GME
https://magicvalley.com/business/investment/personal-finance/if-youd-sold-short-10-000-in-gamestop-stock-when-2021-began-this-is-how/article_893a57d5-8a1f-5a3a-8399-5ecb97cf54ea.html,https://magicvalley.com/business/investment/personal-finance/if-youd-sold-short-10-000-in-gamestop-stock-when-2021-began-this-is-how/article_893a57d5-8a1f-5a3a-8399-5ecb97cf54ea.amp.html,"If Youd Sold Short $10 , 000 in GameStop Stock When 2021 Began , This Is How Much Money You Wouldve Lost",20210217T153000Z,https://bloximages.chicago2.vip.townnews.com/magicvalley.com/content/tncms/assets/v3/editorial/4/af/4affcaad-b133-5816-9495-7a849ed4647b/602cfae7c12bd.image.jpg?crop=700%2C394%2C0%2C36,magicvalley.com,English,United States,2021-02-17 15:30:00+00:00,GME
https://www.stltoday.com/business/investment/personal-finance/if-youd-sold-short-10-000-in-gamestop-stock-when-2021-began-this-is-how/article_f473b29d-70c5-5b34-af70-6396d6508887.html,https://www.stltoday.com/business/investment/personal-finance/if-youd-sold-short-10-000-in-gamestop-stock-when-2021-began-this-is-how/article_f473b29d-70c5-5b34-af70-6396d6508887.amp.html,"If Youd Sold Short $10 , 000 in GameStop Stock When 2021 Began , This Is How Much Money You Wouldve Lost",20210217T163000Z,https://bloximages.newyork1.vip.townnews.com/stltoday.com/content/tncms/assets/v3/editorial/7/3f/73f3d9fc-a5b1-5023-b228-a15a0e0e5bd8/602cfb14028d8.image.jpg?crop=700%2C394%2C0%2C36,stltoday.com,English,United States,2021-02-17 16:30:00+00:00,GME
https://www.fool.co.uk/investing/2021/02/17/stock-market-secrets-4-lessons-from-the-gamestop-gme-saga/,,Stock market secrets : 4 lessons from the GameStop ( GME ) saga,20210217T163000Z,https://1gb82h2px4rr3s7tp94g0nt1-wpengine.netdna-ssl.com/wp-content/uploads/2018/01/PriceCrash.jpg,fool.co.uk,English,United Kingdom,2021-02-17 16:30:00+00:00,GME
https://www.forbes.com/sites/georgeschultze/2021/02/17/gamestop-and-chesapeake-energy-a-tale-of-two-very-different-distress-stories/,https://www.forbes.com/sites/georgeschultze/2021/02/17/gamestop-and-chesapeake-energy-a-tale-of-two-very-different-distress-stories/amp/,GameStop And Chesapeake Energy : A Tale Of Two Very Different Distress Stories,20210217T191500Z,https://thumbor.forbes.com/thumbor/fit-in/1200x0/filters%3Aformat%28jpg%29/https%3A%2F%2Fspecials-images.forbesimg.com%2Fimageserve%2F602d4180f516b9c872401d36%2F0x0.jpg,forbes.com,English,United States,2021-02-17 19:15:00+00:00,GME
https://www.thestreet.com/investing/reddit-forum-poster-roaringkitty-is-sued-over-gamestop-trading,https://www.thestreet.com/.amp/investing/reddit-forum-poster-roaringkitty-is-sued-over-gamestop-trading,"GameStop Investor ,  Roaring Kitty  on Reddit , Is Sued Over Trading",20210217T200000Z,,thestreet.com,English,United States,2021-02-17 20:00:00+00:00,GME
https://www.benzinga.com/news/21/02/19710467/class-action-lawsuit-filed-against-roaring-kitty-after-gamestop-short-squeeze-what-you-need-to-know,https://amp.benzinga.com/amp/content/19710467,Gamestop Corporation ( NYSE : GME ) - Class Action Lawsuit Filed Against  Roaring Kitty  After GameStop Short Squeeze : What You Need To Know,20210217T203000Z,,benzinga.com,English,United States,2021-02-17 20:30:00+00:00,GME
https://www.swfinstitute.org/news/84637/deep-f-ng-value-reddit-user-is-sued-over-gamestop-pump,https://www.swfinstitute.org/news/84637/deep-f-ng-value-reddit-user-is-sued-over-gamestop-pump/amp,Deep F - ng Value Reddit User is Sued over GameStop Pump,20210217T204500Z,,swfinstitute.org,English,United States,2021-02-17 20:45:00+00:00,GME
https://www.investors.com/news/gamestop-stock-falls-ahead-of-house-hearing-reddit-stocks-short-squeeze/,,GameStop Stock Falls Ahead Of House Hearing On Reddit Stocks Short Squeeze,20210217T210000Z,https://www.investors.com/wp-content/uploads/2021/02/Stock-gamestop-11-adobe.jpg,investors.com,English,United States,2021-02-17 21:00:00+00:00,GME
https://www.benzinga.com/analyst-ratings/analyst-color/21/02/19710971/congressional-hearing-on-gamestop-ahead-what-investors-need-to-know,https://amp.benzinga.com/amp/content/19710971,"Gamestop Corporation ( NYSE : GME ), Interactive Brokers Group , Inc . ( NASDAQ : IBKR ) - Congressional Hearing On GameStop Ahead : What Investors Need To Know",20210217T211500Z,,benzinga.com,English,United States,2021-02-17 21:15:00+00:00,GME
https://www.shacknews.com/article/122801/roaring-kitty-faces-lawsuit-over-role-in-gamestop-gme-stock-inflation,https://www.shacknews.com/article/122801/roaring-kitty-faces-lawsuit-over-role-in-gamestop-gme-stock-inflation?amphtml=1,Roaring Kitty faces lawsuit over role in GameStop ( GME ) stock inflation,20210217T211500Z,https://d1lss44hh2trtw.cloudfront.net/assets/article/2021/02/17/roaring-kitty-faces-lawsuit-over-role-in-gamestop-gme-stock-inflation_feature.jpg,shacknews.com,English,United States,2021-02-17 21:15:00+00:00,GME
https://www.benzinga.com/topic/house-financial-services-committee,,house financial services committee,20210217T214500Z,,benzinga.com,English,United States,2021-02-17 21:45:00+00:00,GME
https://www.benzinga.com/analyst-ratings/analyst-color/21/02/19711442/4-reasons-this-analyst-is-bullish-on-charles-schwab,https://amp.benzinga.com/amp/content/19711442,"The Charles Schwab Corporation ( NYSE : SCHW ), Gamestop Corporation ( NYSE : GME ) - 4 Reasons This Analyst Is Bullish On Charles Schwab",20210217T234500Z,,benzinga.com,English,United States,2021-02-17 23:45:00+00:00,GME
https://investorplace.com/2021/02/roaring-kitty-lawsuit-10-things-we-know-about-keith-gill-and-the-gamestop-securities-fraud-allegations/,https://investorplace.com/2021/02/roaring-kitty-lawsuit-10-things-we-know-about-keith-gill-and-the-gamestop-securities-fraud-allegations/amp/,  Roaring Kitty  Lawsuit : 10 Things We Know About Keith Gill and the GameStop Securities Fraud Allegations,20210218T011500Z,https://investorplace.com/wp-content/uploads/2021/01/gme-stock-1600.jpg,investorplace.com,English,United States,2021-02-18 01:15:00+00:00,GME
https://www.forbes.com/sites/georgecalhoun/2021/02/17/gamestop-tesla-do-asset-bubbles-exist-can-they-be-managed/,https://www.forbes.com/sites/georgecalhoun/2021/02/17/gamestop-tesla-do-asset-bubbles-exist-can-they-be-managed/amp/,"GameStop , Tesla : Do Asset - Bubbles Exist ? Can They Be Managed ? ",20210218T021500Z,https://thumbor.forbes.com/thumbor/fit-in/1200x0/filters%3Aformat%28jpg%29/https%3A%2F%2Fspecials-images.forbesimg.com%2Fimageserve%2F602db1b775b3ea4bb307085d%2F0x0.jpg,forbes.com,English,United States,2021-02-18 02:15:00+00:00,GME
https://www.benzinga.com/government/21/02/19719844/sec-considers-requiring-more-transparency-from-short-sellers-after-gamestop-saga-wsj,https://amp.benzinga.com/amp/content/19719844,"Gamestop Corporation ( NYSE : GME ), Nokia Corporation ( NYSE : NOK ) - SEC Considers Requiring More Transparency From Short Sellers After GameStop Saga : WSJ",20210218T061500Z,,benzinga.com,English,United States,2021-02-18 06:15:00+00:00,GME
https://www.benzinga.com/government/21/02/19720369/gamestop-fames-roaring-kitty-to-congress-in-short-i-like-the-stock,https://amp.benzinga.com/amp/content/19720369,"Gamestop Corporation ( NYSE : GME ), ( AMC ) - GameStop Fame Roaring Kitty To Congress :  In Short , I Like The Stock  ",20210218T073000Z,,benzinga.com,English,United States,2021-02-18 07:30:00+00:00,GME
http://www.msn.com/en-us/news/technology/gamestop-stock-hearing-how-to-watch-robinhood-reddit-ceos-testify-in-front-of-congress/ar-BB1dJVhm,,"GameStop stock hearing : How to watch Robinhood , Reddit CEOs testify in front of Congress",20210218T123000Z,,msn.com,English,United States,2021-02-18 12:30:00+00:00,GME
https://www.cnet.com/personal-finance/gamestop-stock-hearing-how-to-watch-robinhood-reddit-ceos-testify-in-front-of-congress/,https://www.cnet.com/google-amp/news/gamestop-stock-hearing-how-to-watch-robinhood-reddit-ceos-testify-in-front-of-congress/,"GameStop stock hearing : How to watch Robinhood , Reddit CEOs testify in front of Congress",20210218T123000Z,https://cnet4.cbsistatic.com/img/cBdhCgb-AYoYZ7aNxe-U27KZulo=/1200x630/2021/02/16/2ff84ff9-26d7-41df-aee5-04905c95ee8b/gettyimages-1230908393.jpg,cnet.com,English,Japan,2021-02-18 12:30:00+00:00,GME
https://www.theglobeandmail.com/business/international-business/us-business/article-us-lawmakers-facing-off-with-gamestop-sagas-key-players/,https://www.theglobeandmail.com/amp/business/international-business/us-business/article-us-lawmakers-facing-off-with-gamestop-sagas-key-players/,U . S . lawmakers facing off with GameStop saga key players,20210218T130000Z,https://www.theglobeandmail.com/resizer/YKA9GeZ3moPoyo4fasYai0TtYDA=/1200x0/filters:quality(80)/cloudfront-us-east-1.images.arcpublishing.com/tgam/AYI4OBKVQRJUHG23OHAXK243SY.JPG,theglobeandmail.com,English,Canada,2021-02-18 13:00:00+00:00,GME
https://www.benzinga.com/news/21/02/19725951/the-importance-of-education-in-a-social-media-fueled-trading-era,https://amp.benzinga.com/amp/content/19725951,"Gamestop Corporation ( NYSE : GME ), ( SNDL ) - The Importance Of Education In A Social Media - Fueled Trading Era",20210218T140000Z,,benzinga.com,English,United States,2021-02-18 14:00:00+00:00,GME
https://www.newsweek.com/how-watch-robinhood-reddit-ceo-testify-house-financial-committee-1570040,https://www.newsweek.com/how-watch-robinhood-reddit-ceo-testify-house-financial-committee-1570040?amp=1,"How to Watch , Live Stream Robinhood and Reddit CEOs Testify About GameStop",20210218T140000Z,https://d.newsweek.com/en/full/1738070/reddit-robinhood-gamestop-stocks-hedge-funds.jpg,newsweek.com,English,United States,2021-02-18 14:00:00+00:00,GME
https://realmoney.thestreet.com/jim-cramer/jim-cramer-pull-up-a-chair-for-some-laughs-at-the-gamestop-show-trial-15571375,,Jim Cramer : Pull Up a Chair for Some Laughs at the GameStop Show Trial,20210218T154500Z,http://s.thestreet.com/files/tsc/v2008/photos/contrib/uploads/507a6d65-60e5-11eb-97e3-e91b16ec2ce2.jpg,realmoney.thestreet.com,English,United States,2021-02-18 15:45:00+00:00,GME
https://www.benzinga.com/government/21/02/19728704/gamestop-congressional-hearing-robinhood-citadel-deny-collusion-in-prepared-remarks,https://amp.benzinga.com/amp/content/19728704,"Gamestop Corporation ( NYSE : GME ) - GameStop Congressional Hearing : Robinhood , Citadel Deny Collusion In Prepared Remarks",20210218T160000Z,,benzinga.com,English,United States,2021-02-18 16:00:00+00:00,GME
https://www.cnn.com/business/live-news/robinhood-gamestop-reddit-hearing-congress/,https://amp.cnn.com/cnn/business/live-news/robinhood-gamestop-reddit-hearing-congress/index.html,Robinhood and Reddit CEOs testify before House committee : Live updates,20210218T163000Z,https://cdn.cnn.com/cnnnext/dam/assets/210217164822-gamestop-reddit---stock-super-tease.jpg,cnn.com,English,United States,2021-02-18 16:30:00+00:00,GME
https://www.benzinga.com/topic/jennifer-schulp,,Jennifer Schulp,20210218T164500Z,,benzinga.com,English,United States,2021-02-18 16:45:00+00:00,GME
https://www.benzinga.com/topic/cato-institute,,cato institute,20210218T164500Z,,benzinga.com,English,United States,2021-02-18 16:45:00+00:00,GME
https://www.tradersmagazine.com/am/how-tokenization-could-prevent-a-future-gamestop-fiasco/,,How Tokenization Could Prevent a Future Gamestop Fiasco,20210218T171500Z,https://www.tradersmagazine.com/wp-content/uploads/2021/02/Unknown-4.jpg,tradersmagazine.com,English,United States,2021-02-18 17:15:00+00:00,GME
https://www.theguardian.com/business/2021/feb/18/gamestop-hearing-latest-robinhood-founder-testimony-vlad-tenev-stocks-app,https://amp.theguardian.com/business/2021/feb/18/gamestop-hearing-latest-robinhood-founder-testimony-vlad-tenev-stocks-app,GameStop hearing : Robinhood founder defends halt to trading,20210218T173000Z,https://i.guim.co.uk/img/media/7dc30707e4b7f10ee2e4f991e4f768244e9b6516/0_37_3500_2099/master/3500.jpg?&quality=85&auto=format&fit=crop&overlay-align=bottom%2Cleft&overlay-width=100p&overlay-base64=L2ltZy9zdGF0aWMvb3ZlcmxheXMvdGctZGVmYXVsdC5wbmc&enable=upscale&s=1a42df7ae3c435c6a00d2573f90e1c45,theguardian.com,English,United Kingdom,2021-02-18 17:30:00+00:00,GME
http://www.chicagotribune.com/business/ct-biz-gamestop-hearing-ken-griffin-citadel-cb-20210218-zaq5ijhbarhwlhomzwprpqrqlm-story.html,https://www.chicagotribune.com/business/ct-biz-gamestop-hearing-ken-griffin-citadel-cb-20210218-zaq5ijhbarhwlhomzwprpqrqlm-story.html?outputType=amp,Here what Ken Griffin will say at the GameStop hearing,20210218T174500Z,https://www.chicagotribune.com/resizer/pSJlAMkRAbRrPWKdPqZiZD8xIAM=/1200x0/top/cloudfront-us-east-1.images.arcpublishing.com/tronc/2YXXDQOVNFGN3LPTNUW6C43RPA.jpg,chicagotribune.com,English,United States,2021-02-18 17:45:00+00:00,GME
https://www.shacknews.com/article/122836/watch-robinhood-reddit-ceos-testify-on-gamestop-gme-stock-before-congress-here,https://www.shacknews.com/article/122836/watch-robinhood-reddit-ceos-testify-on-gamestop-gme-stock-before-congress-here?amphtml=1,Watch Robinhood & Reddit CEOs testify on GameStop ( GME ) stock before Congress here,20210218T181500Z,https://d1lss44hh2trtw.cloudfront.net/assets/article/2021/02/18/robinhood-trading-app_feature.jpg,shacknews.com,English,United States,2021-02-18 18:15:00+00:00,GME
https://www.newsweek.com/gamestop-house-financial-services-committee-hearing-reddit-robinhood-melvin-citadel-1570297,https://www.newsweek.com/gamestop-house-financial-services-committee-hearing-reddit-robinhood-melvin-citadel-1570297?amp=1,Read Reddit and Robinhood CEO Prepared Testimonies From the GameStop Hearing,20210218T190000Z,https://d.newsweek.com/en/full/1738581/gamestop-reddit-robinhood-financial-services-committee-hearing.jpg,newsweek.com,English,United States,2021-02-18 19:00:00+00:00,GME
https://www.newsweek.com/reddits-wallstreetbets-experiences-outages-during-gamestop-hearing-1570312,https://www.newsweek.com/reddits-wallstreetbets-experiences-outages-during-gamestop-hearing-1570312?amp=1,Reddit WallStreetBets Experiences Outages During GameStop Hearing,20210218T190000Z,https://d.newsweek.com/en/full/1738616/reddit-wallstreetbets.jpg,newsweek.com,English,United States,2021-02-18 19:00:00+00:00,GME
https://www.cnet.com/personal-finance/gamestop-stock-hearing-watch-here-now-as-robinhood-reddit-testify-to-congress/,https://www.cnet.com/google-amp/news/gamestop-stock-hearing-watch-here-now-as-robinhood-reddit-testify-to-congress/,"GameStop stock hearing : Watch here now as Robinhood , Reddit testify to Congress",20210218T194500Z,https://cnet4.cbsistatic.com/img/cBdhCgb-AYoYZ7aNxe-U27KZulo=/1200x630/2021/02/16/2ff84ff9-26d7-41df-aee5-04905c95ee8b/gettyimages-1230908393.jpg,cnet.com,English,Japan,2021-02-18 19:45:00+00:00,GME
https://www.enterprisenews.com/story/business/finance/2021/02/18/gamestop-keith-gill-brockton-testifies-congress-virtual-hearing-gme-stock-market/4490547001/,,GameStop : Brockton Keith Gill testifies to Congress about $GME stock,20210218T204500Z,"https://www.gannett-cdn.com/presto/2021/02/18/NENT/33456097-2def-4c6b-a05a-adf36fd55bd8-Keith_Gill.jpg?auto=webp&crop=1911,1075,x0,y0&format=pjpg",enterprisenews.com,English,United States,2021-02-18 20:45:00+00:00,GME
https://www.marketwatch.com/story/gamestop-hearing-challenges-assumptions-about-rookie-investors-retail-investors-making-up-this-new-surge-are-different-11613680041,https://www.marketwatch.com/amp/story/gamestop-hearing-challenges-assumptions-about-rookie-investors-retail-investors-making-up-this-new-surge-are-different-11613680041,GameStop hearing challenges assumptions about rookie investors  Retail investors making up this new surge are different  ,20210218T204500Z,https://images.mktw.net/im-301114/social,marketwatch.com,English,United States,2021-02-18 20:45:00+00:00,GME
https://www.benzinga.com/government/21/02/19734627/robinhood-citadel-melvin-capital-ceos-grilled-in-response-to-reddit-hedge-fund-short-squeeze-drama,https://amp.benzinga.com/amp/content/19734627,"Gamestop Corporation ( NYSE : GME ), Tesla Motors , Inc . ( NASDAQ : TSLA ) - Robinhood , Citadel , Melvin Capital CEOs Grilled In Response To Reddit , Hedge Fund Short Squeeze Drama",20210218T213000Z,,benzinga.com,English,United States,2021-02-18 21:30:00+00:00,GME
https://www.cnn.com/business/live-news/robinhood-gamestop-reddit-hearing-congress/h_fbb497bf84eb82cd3ed3b57b7b7537e5,https://amp.cnn.com/cnn/business/live-news/robinhood-gamestop-reddit-hearing-congress/index.html,Some good questions ... ,20210218T214500Z,https://cdn.cnn.com/cnnnext/dam/assets/210217164822-gamestop-reddit---stock-super-tease.jpg,cnn.com,English,United States,2021-02-18 21:45:00+00:00,GME
https://www.shacknews.com/article/122839/wallstreetbets-was-well-within-normal-parameters-says-reddit-ceo-steve-huffman,https://www.shacknews.com/article/122839/wallstreetbets-was-well-within-normal-parameters-says-reddit-ceo-steve-huffman?amphtml=1,  WallStreetBets was well within normal parameter says Reddit CEO Steve Huffman,20210218T231500Z,https://d1lss44hh2trtw.cloudfront.net/assets/article/2021/02/18/steve-huffman-reddit_feature.jpg,shacknews.com,English,United States,2021-02-18 23:15:00+00:00,GME
https://www.courthousenews.com/major-players-in-gamestop-saga-testify-before-congress/,https://www.courthousenews.com/major-players-in-gamestop-saga-testify-before-congress/?amp,Major Players in GameStop Saga Testify Before Congress,20210218T234500Z,https://i1.wp.com/www.courthousenews.com/wp-content/uploads/2021/02/AP21028650421396.jpg?fit=1200%2C800&ssl=1,courthousenews.com,English,United States,2021-02-18 23:45:00+00:00,GME
https://meaww.com/roaring-kitty-testimony-house-congress-keith-gill-game-stop-you-tuber-stocks-shares-elon-musk-lawsuit,https://meaww.com/amp/roaring-kitty-testimony-house-congress-keith-gill-game-stop-you-tuber-stocks-shares-elon-musk-lawsuit,"Roaring Kitty : GameStop trader defends himself in Congress with cat - lawyer meme , Internet says  he nailed it  ",20210219T060000Z,https://cheesecake.articleassets.meaww.com/523222/uploads/ae667a60-726f-11eb-9cab-9d4d4fd698be_1200_630.jpeg,meaww.com,English,United States,2021-02-19 06:00:00+00:00,GME
https://www.benzinga.com/news/21/02/19743218/palantir-replaces-gamestop-as-wallstreetbets-top-interest,https://amp.benzinga.com/amp/content/19743218," ( PLTR ), ( AMC ) - Palantir Replaces GameStop As WallStreetBet Top Interest",20210219T090000Z,,benzinga.com,English,United States,2021-02-19 09:00:00+00:00,GME
https://www.fxstreet.com/news/sndl-stock-forecast-sundial-growers-inc-tumbles-after-share-dilution-sector-correction-202102191121,https://www.fxstreet.com/amp/news/sndl-stock-forecast-sundial-growers-inc-tumbles-after-share-dilution-sector-correction-202102191121,"SNDL Stock Forecast : Sundial Growers Inc tumbles after share dilution , sector correction",20210219T120000Z,https://editorial.fxstreet.com/images/Markets/Equities/Nasdaq/nasdaq-amp-amex-16260859_Large.jpg,fxstreet.com,English,China,2021-02-19 12:00:00+00:00,GME
https://www.unionleader.com/news/human_interest/i-am-grateful----brockton-man-testifies-on-gamestop-bet-turning-53-000/article_0b0eb044-b078-5e16-8f73-ceba68299e94.html,,"  I am grateful  -- Brockton man testifies on GameStop bet turning $53 , 000 into millions",20210219T124500Z,https://bloximages.newyork1.vip.townnews.com/unionleader.com/content/tncms/custom/image/595a0f6c-8b6f-11e8-996b-c70bb6ec20ab.jpg,unionleader.com,English,United States,2021-02-19 12:45:00+00:00,GME
https://global.markets.com/enknowledge/insights/the-kitty-roars-vlad-gets-impaled-gme-doesnt-stop-sliding-sterling-hits-1-40/,,"The kitty roars , Vlad gets impaled , GME doesnt stop sliding , sterling hits $1 . 40",20210219T130000Z,https://global.markets.com/wp-content/uploads/2020/10/Technical-Analysis.jpg,global.markets.com,English,Cyprus,2021-02-19 13:00:00+00:00,GME
https://www.fool.co.uk/investing/2021/02/19/how-uk-investor-tooda-moon-almost-blew-his-life-savings-on-gamestop-gme-stock/,,How united kingdom investor  Tooda Moon  almost blew his life savings on GameStop ( GME ) stock,20210219T141500Z,https://1gb82h2px4rr3s7tp94g0nt1-wpengine.netdna-ssl.com/wp-content/uploads/2019/03/Bear-market.jpg,fool.co.uk,English,United Kingdom,2021-02-19 14:15:00+00:00,GME
https://www.crowdfundinsider.com/2021/02/172415-perspective-what-can-investors-learn-from-the-gamestop-saga/,https://www.crowdfundinsider.com/2021/02/172415-perspective-what-can-investors-learn-from-the-gamestop-saga/amp/,Perspective : What Can Investors Learn From The GameStop Saga ? ,20210219T160000Z,https://www.crowdfundinsider.com/wp-content/uploads/2019/05/Ride-Swing-Amusement-Park-Cedar-Point-1.jpg,crowdfundinsider.com,English,United Kingdom,2021-02-19 16:00:00+00:00,GME
https://www.marketwatch.com/articles/palantir-stock-rebounds-sharply-on-huge-volume-after-six-day-selloff-51613755709,,Palantir Stock Rebounds Sharply on Huge Volume After Six - Day Selloff,20210219T181500Z,https://images.barrons.com/im-301543/social,marketwatch.com,English,United States,2021-02-19 18:15:00+00:00,GME
https://www.marketwatch.com/story/top-9-takeaways-from-the-gamestop-hearing-11613758274,https://www.marketwatch.com/amp/story/top-9-takeaways-from-the-gamestop-hearing-11613758274,Top 9 takeaways from the GameStop hearing,20210219T183000Z,https://images.mktw.net/im-301676/social,marketwatch.com,English,United States,2021-02-19 18:30:00+00:00,GME
https://www.thestreet.com/investing/palantir-jumps-as-cathie-wood-ark-firms-take-stake,https://www.thestreet.com/.amp/investing/palantir-jumps-as-cathie-wood-ark-firms-take-stake,Palantir Jumps After Cathie Wood Ark Firms Take Stake,20210219T200000Z,,thestreet.com,English,United States,2021-02-19 20:00:00+00:00,GME
https://gizmodo.com/i-waited-five-hours-for-aoc-to-ask-the-robinhood-guy-a-1846304274,https://gizmodo.com/i-waited-five-hours-for-aoc-to-ask-the-robinhood-guy-a-1846304274/amp,Congress Disappoints In Its Blockbuster Robinhood Hearing,20210219T204500Z,"https://i.kinja-img.com/gawker-media/image/upload/c_fill,f_auto,fl_progressive,g_center,h_675,pg_1,q_80,w_1200/eb1wsctwlmhhzf4z9ckr.jpg",gizmodo.com,English,United States,2021-02-19 20:45:00+00:00,GME
https://www.gizmodo.com.au/2021/02/i-waited-five-hours-for-aoc-to-ask-the-robinhood-guy-a-question-and-this-is-what-i-got/,https://www.gizmodo.com.au/2021/02/i-waited-five-hours-for-aoc-to-ask-the-robinhood-guy-a-question-and-this-is-what-i-got/amp/,"I Waited Five Hours for AOC to Ask the Robinhood Guy a Question , and This Is What I Got",20210219T204500Z,https://imgix.gizmodo.com.au/content/uploads/sites/2/2021/02/20/eb1wsctwlmhhzf4z9ckr-scaled.jpg?ar=16%3A9&auto=format&fit=crop&q=65,gizmodo.com.au,English,Australia,2021-02-19 20:45:00+00:00,GME
https://www.fool.ca/2021/02/19/next-gamestop-is-facedrive-tsxvfd-redditors-choice/,https://www.fool.ca/2021/02/19/next-gamestop-is-facedrive-tsxvfd-redditors-choice/amp/,Next GameStop ! Is Facedrive ( TSXV : FD ) Redditor Choice ? - The Motley Fool Canada,20210219T230000Z,https://yw553ftvhw1iqegz29fycoyw-wpengine.netdna-ssl.com/wp-content/uploads/2018/06/InvestingResearch1.jpg,fool.ca,English,Canada,2021-02-19 23:00:00+00:00,GME
https://www.investordaily.com.au/markets/48750-gamestop-autopsy-finds-no-culprits,https://www.investordaily.com.au/markets/48750-gamestop-autopsy-finds-no-culprits/amp,GameStop autopsy finds no culprits,20210219T230000Z,,investordaily.com.au,English,Australia,2021-02-19 23:00:00+00:00,GME
https://www.benzinga.com/news/21/02/19762501/wallstreetbets-trader-keith-gill-appears-to-have-bought-50-000-more-shares-of-gamestop,https://amp.benzinga.com/amp/content/19762501,"Gamestop Corporation ( NYSE : GME ) - WallStreetBets Trader Keith Gill Appears To Have Bought 50 , 000 More Shares Of GameStop",20210220T174500Z,,benzinga.com,English,United States,2021-02-20 17:45:00+00:00,GME
https://www.fool.com/investing/2021/02/20/morgan-housel-talks-gamestop-bezos-and-more/?source=iedfolrf0000001,https://www.fool.com/amp/investing/2021/02/20/morgan-housel-talks-gamestop-bezos-and-more/,"Morgan Housel Talks GameStop , Bezos , and More",20210221T000000Z,https://g.foolcdn.com/editorial/images/613364/cover_mfa.jpg,fool.com,English,United States,2021-02-21 00:00:00+00:00,GME
https://www.breitbart.com/politics/2021/02/20/pinkerton-just-as-politics-has-come-to-gamestop-so-gamestop-activism-will-come-to-politics/,https://www.breitbart.com/politics/2021/02/20/pinkerton-just-as-politics-has-come-to-gamestop-so-gamestop-activism-will-come-to-politics/amp/,"Pinkerton : Just as Politics Has Come to GameStop ,  So GameStop Activism Will Come to Politics",20210221T041500Z,https://media.breitbart.com/media/2021/02/gamestop-wallstreetbets-collage-ap-getty-640x335.png,breitbart.com,English,United States,2021-02-21 04:15:00+00:00,GME
https://www.kiplinger.com/investing/stocks/602180/the-next-gamestop-high-short-interest-stocks,https://www.kiplinger.com/investing/stocks/602180/the-next-gamestop-high-short-interest-stocks?amp,The Next GameStop ? 25 Stocks With High Short Interest,20210222T044500Z,https://mediacloud.kiplinger.com/image/private/s--xGbn3q40--/v1611958393/Investing/high-short-interest-stocks.jpg,kiplinger.com,English,United States,2021-02-22 04:45:00+00:00,GME
https://www.fool.com/investing/2021/02/22/7-ultra-popular-stocks-wouldnt-buy-with-free-money/,https://www.fool.com/amp/investing/2021/02/22/7-ultra-popular-stocks-wouldnt-buy-with-free-money/,7 Ultra - Popular Stocks I Wouldnt Buy With Free Money,20210222T133000Z,https://g.foolcdn.com/editorial/images/614131/businessman-holding-hands-up-stop-avoid-getty.jpg,fool.com,English,United States,2021-02-22 13:30:00+00:00,GME
https://www.fool.com/investing/2021/02/22/7-ultra-popular-stocks-wouldnt-buy-with-free-money/?source=iedfolrf0000001,https://www.fool.com/amp/investing/2021/02/22/7-ultra-popular-stocks-wouldnt-buy-with-free-money/,7 Ultra - Popular Stocks I Wouldnt Buy With Free Money,20210222T134500Z,https://g.foolcdn.com/editorial/images/614131/businessman-holding-hands-up-stop-avoid-getty.jpg,fool.com,English,United States,2021-02-22 13:45:00+00:00,GME
https://www.nbcconnecticut.com/news/business/money-report/what-to-watch-today-stocks-fall-as-sp-and-nasdaq-try-to-shake-off-down-week/2428030/,https://www.nbcconnecticut.com/news/business/money-report/what-to-watch-today-stocks-fall-as-sp-and-nasdaq-try-to-shake-off-down-week/2428030/?amp,What to Watch Today : Stocks Fall as S & P 500 and Nasdaq Try to Shake Off Down Week,20210222T153000Z,https://i1.wp.com/media.nbcconnecticut.com/2021/02/106833349-1612201895357-NYSE-Trading-Floor-Photo-210201-PRESS-2.jpg,nbcconnecticut.com,English,United States,2021-02-22 15:30:00+00:00,GME
https://www.fool.com/investing/2021/02/22/is-gamestop-stock-a-buy/?source=iedfolrf0000001,https://www.fool.com/amp/investing/2021/02/22/is-gamestop-stock-a-buy/,Is GameStop Stock a Buy ? | The Motley Fool,20210222T174500Z,https://g.foolcdn.com/editorial/images/614436/reluctant-to-cash-in.jpg,fool.com,English,United States,2021-02-22 17:45:00+00:00,GME
https://www.fool.com/investing/2021/02/22/why-gamestop-stock-surged-this-morning/?source=iedfolrf0000001,https://www.fool.com/amp/investing/2021/02/22/why-gamestop-stock-surged-this-morning/,Why GameStop Stock Surged This Morning,20210222T174500Z,https://g.foolcdn.com/editorial/images/614457/video-games-at-retail.jpg,fool.com,English,United States,2021-02-22 17:45:00+00:00,GME
https://www.breezejmu.org/opinion/opinion-hedge-funds-and-media-lie-to-suppress-individual-investors/article_949f5c5c-752e-11eb-acb5-5b8954b524ea.html,,Opinion | Hedge funds and media lie to suppress individual investors,20210222T201500Z,https://bloximages.newyork1.vip.townnews.com/breezejmu.org/content/tncms/assets/v3/editorial/b/da/bdab5c58-752f-11eb-b080-97a1be360b79/6033e3a318749.image.jpg,breezejmu.org,English,United States,2021-02-22 20:15:00+00:00,GME
https://realmoney.thestreet.com/investing/stocks/here-s-the-only-rule-you-need-to-follow-to-manage-risk-15573091,,Here the Only Rule You Need to Follow to Manage Risk,20210222T203000Z,http://s.thestreet.com/files/tsc/v2008/photos/contrib/uploads/67628856-60e5-11eb-97e3-13521e66b7e3.jpg,realmoney.thestreet.com,English,United States,2021-02-22 20:30:00+00:00,GME
https://www.dogonews.com/2021/2/22/how-gamestop-and-other-meme-stocks-became-the-centerpiece-of-a-stock-market-frenzy,,How GameStop And Other  Meme  Stocks Became The Centerpiece Of A Stock Market Frenzy,20210223T030000Z,https://cdn4.dogonews.com/images/767a510a-1e92-438f-bcc6-b7c0219d2f60/gamestop_store_tower_city_center_cleveland.JPG,dogonews.com,English,United States,2021-02-23 03:00:00+00:00,GME
https://www.livemint.com/companies/news/gamestop-shares-jump-after-reddit-legend-keith-gill-doubles-down-11614077244091.html,https://www.livemint.com/companies/news/gamestop-shares-jump-after-reddit-legend-keith-gill-doubles-down/amp-11614077244091.html,GameStop shares jump after Reddit legend Keith Gill doubles down,20210223T121500Z,https://images.livemint.com/img/2021/02/23/600x338/2021-02-11T110434Z_1_LYNXMPEH1A0QS_RTROPTP_3_RETAIL-TRADING-GAMESTOP_1614077479441_1614077492598.JPG,livemint.com,English,India,2021-02-23 12:15:00+00:00,GME
https://www.marketwatch.com/story/the-tesla-reddit-connection-looks-real-barclays-says-11614109246,https://www.marketwatch.com/amp/story/the-tesla-reddit-connection-looks-real-barclays-says-11614109246,"The Tesla - Reddit connection  looks real , Barclays says",20210223T200000Z,https://images.mktw.net/im-303113/social,marketwatch.com,English,United States,2021-02-23 20:00:00+00:00,GME
https://www.christianpost.com:443/voice/ask-chuck-explaining-the-gamestop-frenzy.html,https://www.christianpost.com/amp/ask-chuck-explaining-the-gamestop-frenzy.html,Ask Chuck : Explaining the GameStop frenzy,20210223T203000Z,https://cdn.christianpost.com/files/original/thumbnail/24/14/241442.jpg,christianpost.com,English,United States,2021-02-23 20:30:00+00:00,GME
https://www.cnn.com/2021/02/23/tech/gamestop-cfo-resigns/,https://amp.cnn.com/cnn/2021/02/23/tech/gamestop-cfo-resigns/index.html,GameStop CFO resigns a month after the Reddit trading frenzy,20210224T003000Z,https://cdn.cnn.com/cnnnext/dam/assets/210223173647-jim-bell-headshot-super-tease.jpg,cnn.com,English,United States,2021-02-24 00:30:00+00:00,GME
https://www.benzinga.com/analyst-ratings/analyst-color/21/02/19813740/tesla-stock-performance-and-wallstreetbets-mentions-have-a-real-connection-barclays,https://amp.benzinga.com/amp/content/19813740,"Tesla Motors , Inc . ( NASDAQ : TSLA ), Barclays PLC ( NYSE : BCS ) - Tesla Stock Performance And WallStreetBets Mentions Have A  Real  Connection : Barclays",20210224T040000Z,,benzinga.com,English,United States,2021-02-24 04:00:00+00:00,GME
https://www.fool.com/investing/2021/02/24/forget-sundial-gamestop-buy-game-changing-stocks/,https://www.fool.com/amp/investing/2021/02/24/forget-sundial-gamestop-buy-game-changing-stocks/,Forget Sundial and GameStop : Buy These Game - Changing Stocks Right Now,20210224T123000Z,https://g.foolcdn.com/editorial/images/614366/hourglass-coins-cash-bills-money-invest-rich-retirement-compound-getty.jpg,fool.com,English,United States,2021-02-24 12:30:00+00:00,GME
https://www.zerohedge.com/markets/you-killed-little-guy-robinhoods-vlad-tenev-faces-against-dave-portnoy-tense-interview,,  You Killed The Little Guy ! - Robinhood Vlad Tenev Faces Off Against Dave Portnoy In Tense Interview,20210224T141500Z,https://zh-prod-1cc738ca-7d3b-4a72-b792-20bd8d8fa069.storage.googleapis.com/s3fs-public/styles/16_9_max_700/public/2021-02/dave.jpg?itok=9Y4lfjt8,zerohedge.com,English,United States,2021-02-24 14:15:00+00:00,GME
https://www.lsureveille.com/news/how-some-lsu-students-joined-the-january-stock-market-frenzy/article_056e0632-7466-11eb-8beb-277553a3b40d.html,,How some LSU students joined the January stock market frenzy,20210224T150000Z,https://bloximages.newyork1.vip.townnews.com/lsureveille.com/content/tncms/assets/v3/editorial/a/1f/a1fc6f9a-6bd6-11eb-9892-837dbd3413a4/602434d3c1fc5.image.png,lsureveille.com,English,United States,2021-02-24 15:00:00+00:00,GME
http://econintersect.com/pages/market/market.php?post=202102240754,,"24Feb2021 Pre - Market Commentary : Wall Street Heading For A Lower Open , DOW Futures Down 43 Points , WTI Crude Up To 62 , Nasdaq Down At - 0 . 1 %, Bitcoin At 49 , 350",20210224T171500Z,,econintersect.com,English,United States,2021-02-24 17:15:00+00:00,GME
https://www.benzinga.com/topic/joe-saluzzi,,Joe Saluzzi,20210224T194500Z,,benzinga.com,English,United States,2021-02-24 19:45:00+00:00,GME
https://www.texasguardian.com/news/267931026/konstantin-lichtenwald-explains-the-recent-skyrocketing-price-of-gme,,Konstantin Lichtenwald Explains The Recent Skyrocketing Price of GME,20210224T201500Z,,texasguardian.com,English,United States,2021-02-24 20:15:00+00:00,GME
https://www.sandiegosun.com/news/267931026/konstantin-lichtenwald-explains-the-recent-skyrocketing-price-of-gme,,Konstantin Lichtenwald Explains The Recent Skyrocketing Price of GME,20210224T204500Z,,sandiegosun.com,English,United States,2021-02-24 20:45:00+00:00,GME
https://www.newyorktelegraph.com/news/267931026/konstantin-lichtenwald-explains-the-recent-skyrocketing-price-of-gme,,Konstantin Lichtenwald Explains The Recent Skyrocketing Price of GME,20210224T204500Z,,newyorktelegraph.com,English,United States,2021-02-24 20:45:00+00:00,GME
https://www.benzinga.com/news/21/02/19838798/second-life-gamestop-spikes-103-as-reddit-stocks-surge-again,https://amp.benzinga.com/amp/content/19838798,"Gamestop Corporation ( NYSE : GME ), ( AMC ) - Second Life ? GameStop Spikes 103 % As Reddit Stocks Surge Again",20210224T214500Z,,benzinga.com,English,United States,2021-02-24 21:45:00+00:00,GME
https://www.reuters.com/article/us-retail-trading-gamestop/gamestop-stock-doubles-in-afternoon-even-reddit-is-surprised-idUSKBN2AO2SP,https://mobile.reuters.com/article/amp/idUSKBN2AO2SP,GameStop stock doubles in afternoon ; even Reddit is surprised,20210224T220000Z,https://static.reuters.com/resources/r/?m=02&d=20210224&t=2&i=1552794815&r=LYNXMPEH1N1KH,reuters.com,English,United States,2021-02-24 22:00:00+00:00,GME
https://www.msn.com/en-us/money/other/gamestop-stock-doubles-in-afternoon-even-reddit-is-surprised/ar-BB1dZ5NV,,GameStop stock doubles in afternoon ; even Reddit is surprised,20210224T220000Z,,msn.com,English,United States,2021-02-24 22:00:00+00:00,GME
https://www.theverge.com/2021/2/24/22299795/gamestop-stock-up-reddit-wallstreetbets-gme-pump,https://www.theverge.com/platform/amp/2021/2/24/22299795/gamestop-stock-up-reddit-wallstreetbets-gme-pump,"GameStop stock just jumped 100 percent , and WallStreetBets is ecstatic",20210224T220000Z,https://cdn.vox-cdn.com/thumbor/4CitiDs2iJQ48q_jp8NMLXAcUK4=/0x138:1309x823/fit-in/1200x630/cdn.vox-cdn.com/uploads/chorus_asset/file/22326631/EvBPaphWgAMG2yi.jpeg,theverge.com,English,United States,2021-02-24 22:00:00+00:00,GME
https://wdsm710.com/2021/02/24/gamestop-stock-doubles-in-afternoon-even-reddit-is-surprised/,,GameStop stock doubles in afternoon ; even Reddit is surprised,20210224T223000Z,https://storage.googleapis.com/media.mwcradio.com/mimesis/2021-02/24/2021-02-24T213630Z_1_LYNXMPEH1N1KH_RTROPTP_3_RETAIL-TRADING-VALUATION-ANALYSIS.JPG,wdsm710.com,English,United States,2021-02-24 22:30:00+00:00,GME
https://investorplace.com/2021/02/gme-stock-wallstreetbets-reddit-crashes-wsb-reddit-stocks-gamestop-100/,https://investorplace.com/2021/02/gme-stock-wallstreetbets-reddit-crashes-wsb-reddit-stocks-gamestop-100/amp/,GME Stock : What to Know as GameStop Soars 100 % and Reddit Crashes,20210224T224500Z,https://investorplace.com/wp-content/uploads/2021/02/gamestop-reddit-bubble.jpg,investorplace.com,English,United States,2021-02-24 22:45:00+00:00,GME
https://www.channelnewsasia.com/news/business/gamestop-stock-doubles-in-afternoon--even-reddit-is-surprised-14276048,,GameStop stock doubles in afternoon ; even Reddit is surprised,20210224T224500Z,,channelnewsasia.com,English,United States,2021-02-24 22:45:00+00:00,GME
https://www.forbes.com/sites/abrambrown/2021/02/24/gamestop-shares-surge-100-in-a-day-reddit-group-rejoices/,https://www.forbes.com/sites/abrambrown/2021/02/24/gamestop-shares-surge-100-in-a-day-reddit-group-rejoices/amp/,"GameStop Shares Surge 100 % In A Day , Reddit Group Rejoices",20210224T224500Z,https://thumbor.forbes.com/thumbor/fit-in/1200x0/filters%3Aformat%28jpg%29/https%3A%2F%2Fspecials-images.forbesimg.com%2Fimageserve%2F601b3bbcf6e12a731d2de44f%2F0x0.jpg,forbes.com,English,United States,2021-02-24 22:45:00+00:00,GME
https://www.zerohedge.com/markets/reddit-outages-reported-after-gamestop-shares-erupted-epic-short-squeeze,,Reddit Outages Reported After GameStop Shares Erupted In Epic Short Squeeze,20210224T224500Z,https://zh-prod-1cc738ca-7d3b-4a72-b792-20bd8d8fa069.storage.googleapis.com/s3fs-public/styles/16_9_max_700/public/2021-02/outage%20map%20.png?itok=xHEJPmU-,zerohedge.com,English,United States,2021-02-24 22:45:00+00:00,GME
https://isp.netscape.com/pf/story/0002/20210224/KBN2AO2SP_5,,GameStop stock doubles in afternoon ; even Reddit is surprised - Netscape Money & Business,20210224T230000Z,,isp.netscape.com,English,United States,2021-02-24 23:00:00+00:00,GME
https://www.business-standard.com/article/international/gamestop-stock-doubles-in-afternoon-even-reddit-is-surprised-121022500087_1.html,https://wap.business-standard.com/article-amp/international/gamestop-stock-doubles-in-afternoon-even-reddit-is-surprised-121022500087_1.html,GameStop stock doubles in afternoon ; even Reddit is surprised,20210224T230000Z,https://bsmedia.business-standard.com/_media/bs/img/article/2020-03/17/full/1584456995-4698.jpg,business-standard.com,English,India,2021-02-24 23:00:00+00:00,GME
https://www.theglobeandmail.com/business/international-business/us-business/article-gamestop-stock-doubles-in-afternoon-surge-even-surprising-reddit/,,"GameStop stock doubles in afternoon surge , even surprising Reddit investors",20210224T230000Z,https://www.theglobeandmail.com/resizer/KmdubIOR4NwCYRG1KURm9OkE-IA=/1200x0/filters:quality(80)/cloudfront-us-east-1.images.arcpublishing.com/tgam/AEWBIEOQTFLFJD2SM6LCYEDZKQ.JPG,theglobeandmail.com,English,Canada,2021-02-24 23:00:00+00:00,GME
https://www.reuters.com/article/BigStory12/idUSKBN2AO2SP,https://mobile.reuters.com/article/amp/idUSKBN2AO2SP,GameStop stock doubles in afternoon ; even Reddit is surprised,20210224T231500Z,https://static.reuters.com/resources/r/?m=02&d=20210224&t=2&i=1552799167&r=LYNXMPEH1N1KH,reuters.com,English,United States,2021-02-24 23:15:00+00:00,GME
https://www.metro.us/gamestop-stock-doubles-in/,https://www.metro.us/gamestop-stock-doubles-in/amp/,GameStop stock doubles in afternoon ; even Reddit is surprised,20210224T231500Z,https://www.metro.us/wp-content/uploads/Reuters_Direct_Media/USOnlineReportBusinessNews/tagreuters.com2021binary_LYNXMPEH1N1KH-BASEIMAGE.jpg,metro.us,English,United States,2021-02-24 23:15:00+00:00,GME
https://www.foxbusiness.com/markets/why-gamestop-shares-surged-104-prompting-halts-in-trading,https://www.foxbusiness.com/markets/why-gamestop-shares-surged-104-prompting-halts-in-trading.amp,"Why GameStop shares surged 104 %, prompting trading halts",20210224T234500Z,https://a57.foxnews.com/static.foxbusiness.com/foxbusiness.com/content/uploads/2021/01/0/0/game-stop-iStock.jpg?ve=1&tl=1,foxbusiness.com,English,United States,2021-02-24 23:45:00+00:00,GME
https://leaderpost.com/pmn/business-pmn/reddit-recovers-from-hour-long-outage-amid-heavy-trading-in-gamestop,https://leaderpost.com/pmn/business-pmn/reddit-recovers-from-hour-long-outage-amid-heavy-trading-in-gamestop/wcm/f61b2fe2-1bd1-4201-8b07-fc9ca4297236/amp/,Reddit recovers from hour - long outage amid heavy trading in GameStop,20210225T000000Z,,leaderpost.com,English,Canada,2021-02-25 00:00:00+00:00,GME
https://www.reuters.com/article/us-reddit-outage/reddit-recovers-from-hour-long-outage-amid-heavy-trading-in-gamestop-idUSKBN2AO2TE,https://mobile.reuters.com/article/amp/idUSKBN2AO2TE,Reddit recovers from hour - long outage amid heavy trading in GameStop,20210225T001500Z,https://static.reuters.com/resources/r/?m=02&d=20210224&t=2&i=1552796163&r=LYNXMPEH1N1KS,reuters.com,English,United States,2021-02-25 00:15:00+00:00,GME
https://www.gizmodo.com.au/2021/02/yes-reddit-was-down-this-morning/,https://www.gizmodo.com.au/2021/02/yes-reddit-was-down-this-morning/amp/,Reddit Went Down This Morning And Some Believe GameStop Caused It,20210225T003000Z,https://imgix.gizmodo.com.au/content/uploads/sites/2/2021/02/25/reddit-down-scaled.jpg?ar=16%3A9&auto=format&fit=crop&q=65,gizmodo.com.au,English,Australia,2021-02-25 00:30:00+00:00,GME
https://www.gamerevolution.com/news/675049-gamestop-gme-stock-rallies-round-two-rwsb-short-saga,https://www.gamerevolution.com/news/675049-gamestop-gme-stock-rallies-round-two-rwsb-short-saga?amp,GameStop ( GME ) stock rallies in round two of r / WSB short saga,20210225T003000Z,https://www.gamerevolution.com/assets/uploads/2021/02/gamestop-gme-stock-rallies-round-two-wsb-short-saga.jpg,gamerevolution.com,English,Japan,2021-02-25 00:30:00+00:00,GME
https://www.ign.com/articles/gamestop-stock-is-surging-again-though-its-not-entirely-clear-why,/articles/gamestop-stock-is-surging-again-though-its-not-entirely-clear-why?amp=1,"GameStop Stock Is Surging Again , Though It Not Entirely Clear Why",20210225T003000Z,https://assets1.ignimgs.com/2021/02/24/img-0940-1614210316819.jpg,ign.com,English,United States,2021-02-25 00:30:00+00:00,GME
https://www.benzinga.com/news/21/02/19843632/cramer-calls-wednesdays-gamestop-surge-a-mockery,https://amp.benzinga.com/amp/content/19843632,"Gamestop Corporation ( NYSE : GME ), ( AMC ) - Cramer Calls Wednesday GameStop Surge  A Mockery  ",20210225T004500Z,,benzinga.com,English,United States,2021-02-25 00:45:00+00:00,GME
http://finance.dailyherald.com/dailyherald/news/read/41031815/reddit_penny_stocks_surge_after_ice_cream_frog_tweet,,Reddit Penny Stocks Surge After Ice Cream Frog Tweet,20210225T010000Z,,finance.dailyherald.com,English,United States,2021-02-25 01:00:00+00:00,GME
https://isp.netscape.com/pf/story/0002/20210224/KBN2AO2SP_6,,GameStop stock doubles in afternoon ; even Reddit is surprised - Netscape Money & Business,20210225T010000Z,,isp.netscape.com,English,United States,2021-02-25 01:00:00+00:00,GME
https://wccftech.com/wallstreetbets-gamestop-surge-again/,https://wccftech.com/wallstreetbets-gamestop-surge-again/amp/,"Wallstreetbets Back ? GameStop and More Surge , Reddit Crashes",20210225T011500Z,https://cdn.wccftech.com/wp-content/uploads/2021/02/Wallstreetbets-GameStop-01-Header.jpg,wccftech.com,English,United States,2021-02-25 01:15:00+00:00,GME
https://www.channelnewsasia.com/news/business/reddit-recovers-from-hour-long-outage-amid-heavy-trading-in-gamestop-14276636,,Reddit recovers from hour - long outage amid heavy trading in GameStop,20210225T011500Z,,channelnewsasia.com,English,United States,2021-02-25 01:15:00+00:00,GME
https://www.fool.com/investing/2021/02/24/why-sundial-amc-blackberry-and-other-reddit-stocks/,https://www.fool.com/amp/investing/2021/02/24/why-sundial-amc-blackberry-and-other-reddit-stocks/,"Why Sundial , AMC , Blackberry , and Other Reddit Stocks Soared Today",20210225T020000Z,https://g.foolcdn.com/editorial/images/615100/market-recovery-gettyimages-910307198.jpg,fool.com,English,United States,2021-02-25 02:00:00+00:00,GME
https://www.fool.com/investing/2021/02/24/gamestop-stock-explodes-again-following-cfo-depart/,https://www.fool.com/amp/investing/2021/02/24/gamestop-stock-explodes-again-following-cfo-depart/,GameStop Stock Explodes Again Following CFO Departure,20210225T020000Z,https://g.foolcdn.com/editorial/images/615080/gettyimages-823493966.jpg,fool.com,English,United States,2021-02-25 02:00:00+00:00,GME
https://www.fool.com/investing/2021/02/24/gamestop-to-stock-market-were-back/?source=iedfolrf0000001,https://www.fool.com/amp/investing/2021/02/24/gamestop-to-stock-market-were-back/,GameStop to Stock Market : Were Back ! ,20210225T021500Z,https://g.foolcdn.com/editorial/images/615069/money-stock-chart-getty.jpg,fool.com,English,United States,2021-02-25 02:15:00+00:00,GME
https://www.fool.com/investing/2021/02/24/why-sundial-amc-blackberry-and-other-reddit-stocks/?source=iedfolrf0000001,https://www.fool.com/amp/investing/2021/02/24/why-sundial-amc-blackberry-and-other-reddit-stocks/,"Why Sundial , AMC , Blackberry , and Other Reddit Stocks Soared Today",20210225T021500Z,https://g.foolcdn.com/editorial/images/615100/market-recovery-gettyimages-910307198.jpg,fool.com,English,United States,2021-02-25 02:15:00+00:00,GME
https://www.metro.us/gamestop-rallies-again-some/,https://www.metro.us/gamestop-rallies-again-some/amp/,GameStop rallies again ; some puzzle over ice cream cone tweet,20210225T021500Z,https://www.metro.us/wp-content/uploads/Reuters_Direct_Media/USOnlineReportBusinessNews/tagreuters.com2021binary_LYNXMPEH1N1KH-BASEIMAGE.jpg,metro.us,English,United States,2021-02-25 02:15:00+00:00,GME
https://www.reuters.com/article/us-retail-trading-gamestop/gamestop-rallies-again-some-puzzle-over-ice-cream-cone-tweet-idUSKBN2AO2SP,https://mobile.reuters.com/article/amp/idUSKBN2AO2SP,GameStop rallies again ; some puzzle over ice cream cone tweet,20210225T023000Z,https://static.reuters.com/resources/r/?m=02&d=20210224&t=2&i=1552799167&r=LYNXMPEH1N1KH,reuters.com,English,United States,2021-02-25 02:30:00+00:00,GME
https://news.yahoo.com/gamestop-rallies-again-puzzle-over-020930103.html,https://news.yahoo.com/amphtml/gamestop-rallies-again-puzzle-over-020930103.html,GameStop rallies again ; some puzzle over ice cream cone tweet,20210225T024500Z,https://s.yimg.com/uu/api/res/1.2/J5V39mjK1jkJCkmhzWMFOQ--~B/aD01NDI7dz04MDA7YXBwaWQ9eXRhY2h5b24-/https://media.zenfs.com/en/reuters.com/6d7bd3febe308410f0ced33a9999fffc,news.yahoo.com,English,United States,2021-02-25 02:45:00+00:00,GME
https://www.marketwatch.com/press-release/4-top-silver-stocks-to-watch-right-now-2021-02-24,,4 Top Silver Stocks To Watch Right Now,20210225T024500Z,,marketwatch.com,English,United States,2021-02-25 02:45:00+00:00,GME
https://www.business-standard.com/article/international/gamestop-stock-doubles-in-afternoon-up-by-60-even-reddit-is-surprised-121022500104_1.html,https://wap.business-standard.com/article-amp/international/gamestop-stock-doubles-in-afternoon-up-by-60-even-reddit-is-surprised-121022500104_1.html,GameStop stock doubles in afternoon up by 60 %; even Reddit is surprised,20210225T024500Z,https://bsmedia.business-standard.com/_media/bs/img/article/2021-01/29/full/1611865663-6248.jpg,business-standard.com,English,India,2021-02-25 02:45:00+00:00,GME
https://isp.netscape.com/pf/story/0002/20210225/KBN2AO2SP_8,,GameStop rallies again ; some puzzle over ice cream cone tweet - Netscape Money & Business,20210225T030000Z,,isp.netscape.com,English,United States,2021-02-25 03:00:00+00:00,GME
https://www.marketscreener.com/news/latest/GameStop-rallies-again-some-puzzle-over-ice-cream-cone-tweet--32530976/,https://www.marketscreener.com/amp/news/latest/GameStop-rallies-again-some-puzzle-over-ice-cream-cone-tweet--32530976/,GameStop rallies again ; some puzzle over ice cream cone tweet,20210225T030000Z,https://img.zonebourse.com/reuters/2021-02-24T222403Z_5_LYNXMPEH1N1KH-OCABS_RTROPTP_3_CBUSINESS-US-RETAIL-TRADING-GAMESTOP.JPG,marketscreener.com,English,,2021-02-25 03:00:00+00:00,GME
https://www.ksl.com/article/50113960/gamestop-stock-doubles-in-afternoon-even-reddit-is-surprised,,GameStop stock doubles in afternoon ; even Reddit is surprised,20210225T030000Z,https://img.ksl.com/slc/2812/281277/28127736.JPG?filter=ksl/responsive_story_lg,ksl.com,English,United States,2021-02-25 03:00:00+00:00,GME
https://www.oann.com/reddit-recovers-from-hour-long-outage-amid-heavy-trading-in-gamestop/,,Reddit recovers from hour - long outage amid heavy trading in GameStop,20210225T033000Z,https://dzm0ugdauank9.cloudfront.net/wp-content/uploads/2021/02/2021-02-24T214717Z_1_LYNXMPEH1N1KS_RTROPTP_0_RETAIL-TRADING-SLANG_1.jpg,oann.com,English,United States,2021-02-25 03:30:00+00:00,GME
https://www.ndtv.com/business/gamestop-rallies-again-more-than-doubled-in-afternoon-trading-on-wednesday-some-puzzle-over-ice-cream-cone-tweet-2378081,https://www.ndtv.com/business/gamestop-rallies-again-more-than-doubled-in-afternoon-trading-on-wednesday-some-puzzle-over-ice-cream-cone-tweet-2378081?amp=1 -rum=off,"Gamestop Rallies Again , more than doubled in afternoon trading on Wednesday ; Some Puzzle Over Ice Cream Cone Tweet",20210225T034500Z,https://i.ndtvimg.com/i/2016-11/wall-street_650x400_51478053059.jpg,ndtv.com,English,India,2021-02-25 03:45:00+00:00,GME
https://ottawacitizen.com/pmn/news-pmn/gamestop-rallies-again-some-puzzle-over-ice-cream-cone-tweet-2/wcm/7524c26f-79b4-4eac-8757-1aa2e40d1f0f,https://ottawacitizen.com/pmn/news-pmn/gamestop-rallies-again-some-puzzle-over-ice-cream-cone-tweet-2/wcm/7524c26f-79b4-4eac-8757-1aa2e40d1f0f/amp/,GameStop rallies again ; some puzzle over ice cream cone tweet,20210225T043000Z,https://smartcdn.prod.postmedia.digital/ottawacitizen/wp-content/uploads/2021/01/gamestop-regulator-.jpg,ottawacitizen.com,English,Canada,2021-02-25 04:30:00+00:00,GME
https://www.livemint.com/companies/news/why-an-ice-cream-cone-tweet-sent-more-than-doubled-a-stock-s-price-in-a-day-11614221190418.html,https://www.livemint.com/companies/news/why-an-ice-cream-cone-tweet-sent-more-than-doubled-a-stock-s-price-in-a-day/amp-11614221190418.html,Why an ice cream cone tweet sent more than doubled a stock price in a day,20210225T043000Z,https://images.livemint.com/img/2021/02/25/600x338/AFP_92K9MD_1614223071772_1614223091326.jpg,livemint.com,English,India,2021-02-25 04:30:00+00:00,GME
https://www.thesundaily.my/business/gamestop-rallies-again-some-puzzle-over-ice-cream-cone-tweet-CX6909499,,GameStop rallies again ; some puzzle over ice cream cone tweet,20210225T044500Z,https://www.thesundaily.my/binrepository/480x320/0c35/480d250/none/11808/FJIS/reddit-reuters_2161883_20210225105625.jpg,thesundaily.my,English,Malaysia,2021-02-25 04:45:00+00:00,GME
https://www.abc.net.au/news/2021-02-25/gamestop-gme-wall-street-dow-jones-record-high-asx/13190502,https://amp.abc.net.au/article/13190502,"GameStop volatile shares rebound surprisingly , Australian dollar slips from three - year high",20210225T044500Z,https://www.abc.net.au/cm/rimage/13101772-16x9-large.jpg?v=3,abc.net.au,English,Australia,2021-02-25 04:45:00+00:00,GME
https://www.gizmodo.com.au/2021/02/gamestops-doing-a-thing-again/,https://www.gizmodo.com.au/2021/02/gamestops-doing-a-thing-again/amp/,GameStop Doing a Thing Again,20210225T053000Z,https://imgix.gizmodo.com.au/content/uploads/sites/2/2021/02/25/c0inqwo72drxcqa3z54l-scaled.jpg?ar=16%3A9&auto=format&fit=crop&q=65,gizmodo.com.au,English,Australia,2021-02-25 05:30:00+00:00,GME
https://www.fool.com/investing/2021/02/24/gamestop-stock-explodes-again-following-cfo-depart/?source=iedfolrf0000001,https://www.fool.com/amp/investing/2021/02/24/gamestop-stock-explodes-again-following-cfo-depart/,GameStop Stock Explodes Again Following CFO Departure,20210225T070000Z,https://g.foolcdn.com/editorial/images/615080/gettyimages-823493966.jpg,fool.com,English,United States,2021-02-25 07:00:00+00:00,GME
https://timesofindia.indiatimes.com/business/international-business/gamestop-rallies-again-some-puzzle-over-ice-cream-cone-tweet/articleshow/81202902.cms,https://m.timesofindia.com/business/international-business/gamestop-rallies-again-some-puzzle-over-ice-cream-cone-tweet/amp_articleshow/81202902.cms,GameStop rallies again ; some puzzle over ice cream cone tweet,20210225T100000Z,"https://static.toiimg.com/thumb/msid-81202974,width-1070,height-580,imgsize-147068,resizemode-75,overlay-toi_sw,pt-32,y_pad-40/photo.jpg",timesofindia.indiatimes.com,English,India,2021-02-25 10:00:00+00:00,GME
http://www.proactiveinvestors.co.uk/companies/news/942306/reddits-revenge-gamestop-surges-as-trading-frenzy-returns-942306.html,https://www.proactiveinvestors.co.uk/companies/amp/news/942306,Reddit revenge : GameStop Corp surges as trading frenzy returns,20210225T104500Z,https://www.proactiveinvestors.co.uk/thumbs/upload/News/Image/2021_02/1200z630_1614248590_2021-02-25-10-23-10_f5b3dcbba6279035f5db31556b4ebe44.jpg,proactiveinvestors.co.uk,English,United Kingdom,2021-02-25 10:45:00+00:00,GME
https://www.thestreet.com/investing/dow-nears-32000-as-commodities-surge-tech-resumes-slide,https://www.thestreet.com/.amp/investing/dow-nears-32000-as-commodities-surge-tech-resumes-slide,"Dow Nears 32 , 000 as Commodities Surge ; Tech Resumes Slide",20210225T111500Z,,thestreet.com,English,United States,2021-02-25 11:15:00+00:00,GME
https://www.marketwatch.com/story/nokia-stock-jumps-following-rally-in-reddit-favorites-11614250485,https://www.marketwatch.com/amp/story/nokia-stock-jumps-following-rally-in-reddit-favorites-11614250485,Nokia stock jumps following rally in Reddit favorites,20210225T111500Z,https://images.mktw.net/im-304069/social,marketwatch.com,English,United States,2021-02-25 11:15:00+00:00,GME
https://www.marketwatch.com/story/a-new-wave-of-fearless-retail-investors-could-be-ready-to-pour-170-billion-into-stocks-says-deutsche-bank-11614253899,https://www.marketwatch.com/amp/story/a-new-wave-of-fearless-retail-investors-could-be-ready-to-pour-170-billion-into-stocks-says-deutsche-bank-11614253899,"A new wave of fearless retail investors could be ready to pour $170 billion into stocks , says Deutsche Bank",20210225T121500Z,https://images.mktw.net/im-304081/social,marketwatch.com,English,United States,2021-02-25 12:15:00+00:00,GME
https://www.reuters.com/article/us-retail-trading-gamestop/gamestop-rally-builds-after-puzzling-ice-cream-cone-tweet-idUSKBN2AP0QT,https://mobile.reuters.com/article/amp/idUSKBN2AP0QT,GameStop rally builds after puzzling ice - cream cone tweet,20210225T123000Z,https://static.reuters.com/resources/r/?m=02&d=20210225&t=2&i=1552846556&r=LYNXMPEH1O0CY,reuters.com,English,United States,2021-02-25 12:30:00+00:00,GME
https://www.fool.com/investing/2021/02/25/5-reddit-stocks-to-avoid-like-the-plague/,https://www.fool.com/amp/investing/2021/02/25/5-reddit-stocks-to-avoid-like-the-plague/,5 Reddit Stocks to Avoid Like the Plague,20210225T124500Z,https://g.foolcdn.com/editorial/images/614376/businessman-holding-hands-up-stop-avoid-getty.jpg,fool.com,English,United States,2021-02-25 12:45:00+00:00,GME
https://www.reuters.com/article/BigStory12/idUSKBN2AP0QT,https://mobile.reuters.com/article/amp/idUSKBN2AP0QT,GameStop rally builds after puzzling ice - cream cone tweet,20210225T124500Z,https://static.reuters.com/resources/r/?m=02&d=20210225&t=2&i=1552846556&r=LYNXMPEH1O0CY,reuters.com,English,United States,2021-02-25 12:45:00+00:00,GME
https://www.dna.fr/economie/2021/02/25/qu-est-ce-que-l-affaire-gamestop-qui-a-affole-wall-street,https://www.dna.fr/amp/economie/2021/02/25/qu-est-ce-que-l-affaire-gamestop-qui-a-affole-wall-street,"Bourse . Quest - ce que laffaire GameStop , qui a affolé Wall Street ? ",20210225T130000Z,https://cdn-s-www.dna.fr/images/88B71747-E70C-4B98-88C2-6F2B632C1C04/FB1200/photo-1614253884.jpg,dna.fr,French,France,2021-02-25 13:00:00+00:00,GME
https://isp.netscape.com/pf/story/0002/20210225/KBN2AP0QT_4,,GameStop rally builds after puzzling ice - cream cone tweet - Netscape Money & Business,20210225T130000Z,,isp.netscape.com,English,United States,2021-02-25 13:00:00+00:00,GME
https://www.estrepublicain.fr/economie/2021/02/25/qu-est-ce-que-l-affaire-gamestop-qui-a-affole-wall-street,https://www.estrepublicain.fr/amp/economie/2021/02/25/qu-est-ce-que-l-affaire-gamestop-qui-a-affole-wall-street,"Bourse . Quest - ce que laffaire GameStop , qui a affolé Wall Street ? ",20210225T131500Z,https://cdn-s-www.estrepublicain.fr/images/88B71747-E70C-4B98-88C2-6F2B632C1C04/FB1200/photo-1614253884.jpg,estrepublicain.fr,French,France,2021-02-25 13:15:00+00:00,GME
https://www.leprogres.fr/economie/2021/02/25/qu-est-ce-que-l-affaire-gamestop-qui-a-affole-wall-street,https://www.leprogres.fr/amp/economie/2021/02/25/qu-est-ce-que-l-affaire-gamestop-qui-a-affole-wall-street,"Bourse . Quest - ce que laffaire GameStop , qui a affolé Wall Street ? ",20210225T131500Z,https://cdn-s-www.leprogres.fr/images/88B71747-E70C-4B98-88C2-6F2B632C1C04/FB1200/photo-1614253884.jpg,leprogres.fr,French,France,2021-02-25 13:15:00+00:00,GME
https://www.reuters.com/article/us-retail-trading-gamestop-idUSKBN2AO2SP,https://mobile.reuters.com/article/amp/idUSKBN2AO2SP,GameStop rallies again ; some puzzle over ice cream cone tweet,20210225T131500Z,https://static.reuters.com/resources/r/?m=02&d=20210224&t=2&i=1552799167&r=LYNXMPEH1N1KH,reuters.com,English,United States,2021-02-25 13:15:00+00:00,GME
https://www.ledauphine.com/economie/2021/02/25/qu-est-ce-que-l-affaire-gamestop-qui-a-affole-wall-street,https://www.ledauphine.com/amp/economie/2021/02/25/qu-est-ce-que-l-affaire-gamestop-qui-a-affole-wall-street,"Bourse . Quest - ce que laffaire GameStop , qui a affolé Wall Street ? ",20210225T131500Z,https://cdn-s-www.ledauphine.com/images/88B71747-E70C-4B98-88C2-6F2B632C1C04/FB1200/photo-1614253884.jpg,ledauphine.com,French,France,2021-02-25 13:15:00+00:00,GME
https://www.lalsace.fr/economie/2021/02/25/qu-est-ce-que-l-affaire-gamestop-qui-a-affole-wall-street,https://www.lalsace.fr/amp/economie/2021/02/25/qu-est-ce-que-l-affaire-gamestop-qui-a-affole-wall-street,"Bourse . Quest - ce que laffaire GameStop , qui a affolé Wall Street ? ",20210225T133000Z,https://cdn-s-www.lalsace.fr/images/88B71747-E70C-4B98-88C2-6F2B632C1C04/FB1200/photo-1614253884.jpg,lalsace.fr,French,France,2021-02-25 13:30:00+00:00,GME
https://www.vosgesmatin.fr/economie/2021/02/25/qu-est-ce-que-l-affaire-gamestop-qui-a-affole-wall-street,https://www.vosgesmatin.fr/amp/economie/2021/02/25/qu-est-ce-que-l-affaire-gamestop-qui-a-affole-wall-street,"Bourse . Quest - ce que laffaire GameStop , qui a affolé Wall Street ? ",20210225T133000Z,https://cdn-s-www.vosgesmatin.fr/images/88B71747-E70C-4B98-88C2-6F2B632C1C04/FB1200/photo-1614253884.jpg,vosgesmatin.fr,French,France,2021-02-25 13:30:00+00:00,GME
https://www.republicain-lorrain.fr/economie/2021/02/25/qu-est-ce-que-l-affaire-gamestop-qui-a-affole-wall-street,https://www.republicain-lorrain.fr/amp/economie/2021/02/25/qu-est-ce-que-l-affaire-gamestop-qui-a-affole-wall-street,"Bourse . Quest - ce que laffaire GameStop , qui a affolé Wall Street ? ",20210225T134500Z,https://cdn-s-www.republicain-lorrain.fr/images/88B71747-E70C-4B98-88C2-6F2B632C1C04/FB1200/photo-1614253884.jpg,republicain-lorrain.fr,French,France,2021-02-25 13:45:00+00:00,GME
https://www.lejsl.com/economie/2021/02/25/qu-est-ce-que-l-affaire-gamestop-qui-a-affole-wall-street,https://www.lejsl.com/amp/economie/2021/02/25/qu-est-ce-que-l-affaire-gamestop-qui-a-affole-wall-street,"Bourse . Quest - ce que laffaire GameStop , qui a affolé Wall Street ? ",20210225T140000Z,https://cdn-s-www.lejsl.com/images/88B71747-E70C-4B98-88C2-6F2B632C1C04/FB1200/photo-1614253884.jpg,lejsl.com,French,France,2021-02-25 14:00:00+00:00,GME
https://www.cnn.com/2021/02/25/investing/gamestop-stock-today/,https://amp.cnn.com/cnn/2021/02/25/investing/gamestop-stock-today/index.html,GameStop stock is rallying . Again,20210225T140000Z,https://cdn.cnn.com/cnnnext/dam/assets/210225065317-restricted-02-gamestop-new-york-0128-super-tease.jpg,cnn.com,English,United States,2021-02-25 14:00:00+00:00,GME
https://www.bienpublic.com/economie/2021/02/25/qu-est-ce-que-l-affaire-gamestop-qui-a-affole-wall-street,https://www.bienpublic.com/amp/economie/2021/02/25/qu-est-ce-que-l-affaire-gamestop-qui-a-affole-wall-street,"Bourse . Quest - ce que laffaire GameStop , qui a affolé Wall Street ? ",20210225T140000Z,https://cdn-s-www.bienpublic.com/images/88B71747-E70C-4B98-88C2-6F2B632C1C04/FB1200/photo-1614253884.jpg,bienpublic.com,French,France,2021-02-25 14:00:00+00:00,GME
https://www.fastcompany.com/90608372/gamestop-shares-are-surging-again-but-reddit-isnt-the-reason-this-time,,"GameStop GME stock is surging again , not because of Reddit",20210225T143000Z,,fastcompany.com,English,United States,2021-02-25 14:30:00+00:00,GME
https://www.thestreet.com/markets/5-things-you-must-know-before-the-market-opens-thursday-022521,https://www.thestreet.com/.amp/markets/5-things-you-must-know-before-the-market-opens-thursday-022521,"Nvidia , GameStop , AMC , and Salesforce : 5 Things You Must Know",20210225T143000Z,,thestreet.com,English,United States,2021-02-25 14:30:00+00:00,GME
https://www.rte.ie/news/business/2021/0225/1199314-gamestop-shares-soar-again/,https://amp.rte.ie/amp/1199314/ ,GameStop rally builds after puzzling ice - cream tweet,20210225T143000Z,https://img.rasset.ie/001629bf-1600.jpg,rte.ie,English,Ireland,2021-02-25 14:30:00+00:00,GME
https://www.msn.com/en-gb/money/other/why-are-people-buying-gamestop-stock-again-gme-s-dramatic-repeat-share-price-rise-explained/ar-BB1e0Hri,,Why are people buying GameStop stock again ? GME dramatic repeat share price rise explained,20210225T144500Z,,msn.com,English,United States,2021-02-25 14:45:00+00:00,GME
https://www.reuters.com/article/us-retail-trading-gamestop/gamestop-shares-rise-in-early-trade-before-being-halted-idUSKBN2AP0QT,https://mobile.reuters.com/article/amp/idUSKBN2AP0QT,GameStop shares rise in early trade before being halted,20210225T153000Z,https://static.reuters.com/resources/r/?m=02&d=20210225&t=2&i=1552846556&r=LYNXMPEH1O0CY,reuters.com,English,United States,2021-02-25 15:30:00+00:00,GME
https://www.business-standard.com/article/international/gamestop-rally-builds-after-puzzling-ice-cream-cone-tweet-121022501022_1.html,https://wap.business-standard.com/article-amp/international/gamestop-rally-builds-after-puzzling-ice-cream-cone-tweet-121022501022_1.html,GameStop rally builds after puzzling ice - cream cone tweet,20210225T153000Z,https://bsmedia.business-standard.com/_media/bs/img/article/2021-01/29/full/1611865663-6248.jpg,business-standard.com,English,India,2021-02-25 15:30:00+00:00,GME
https://www.dailymail.co.uk/news/article-9299645/GameStop-shares-jump-80-board-members-cryptic-tweet-soft-serve-ice-cream.html,https://www.dailymail.co.uk/news/article-9299645/amp/GameStop-shares-jump-80-board-members-cryptic-tweet-soft-serve-ice-cream.html,GameStop shares jump another 80 % after board member cryptic tweet,20210225T153000Z,https://i.dailymail.co.uk/1s/2021/02/25/15/39763510-0-image-a-8_1614265505279.jpg,dailymail.co.uk,English,United Kingdom,2021-02-25 15:30:00+00:00,GME
https://www.zerohedge.com/markets/tech-tumbles-treasury-yields-surge-meme-stocks-explode,,"Tech Tumbles As Yields Surge , Meme Stocks Explode",20210225T153000Z,https://zh-prod-1cc738ca-7d3b-4a72-b792-20bd8d8fa069.storage.googleapis.com/s3fs-public/styles/16_9_max_700/public/2021-02/wsb%20yolo.jpg?itok=f0e_90q3,zerohedge.com,English,United States,2021-02-25 15:30:00+00:00,GME
https://www.metro.us/gamestop-shares-rise-in/,https://www.metro.us/gamestop-shares-rise-in/amp/,GameStop shares rise in early trade before being halted,20210225T153000Z,https://www.metro.us/wp-content/uploads/Reuters_Direct_Media/USOnlineReportBusinessNews/tagreuters.com2021binary_LYNXMPEH1O0CY-BASEIMAGE.jpg,metro.us,English,United States,2021-02-25 15:30:00+00:00,GME
https://wccftech.com/wallstreetbets-is-gearing-up-for-round-2-with-hedge-funds-amid-the-renewed-focus-of-the-equity-market-stakeholders-on-regulatory-lacunae-and-a-tobin-tax-on-trades/,https://wccftech.com/wallstreetbets-is-gearing-up-for-round-2-with-hedge-funds-amid-the-renewed-focus-of-the-equity-market-stakeholders-on-regulatory-lacunae-and-a-tobin-tax-on-trades/amp/,WallStreetBets Is Gearing up for Round 2 With Hedge Funds Amid the Renewed Focus of the Equity Market Stakeholders on Regulatory Lacunae and a Tobin Tax on Trades,20210225T154500Z,https://cdn.wccftech.com/wp-content/uploads/2021/02/1611846523-discord-reddit.jpg,wccftech.com,English,United States,2021-02-25 15:45:00+00:00,GME
https://www.independent.co.uk/life-style/gadgets-and-tech/gamestop-gme-stock-price-rise-reddit-why-b1807341.html,https://www.independent.co.uk/life-style/gadgets-and-tech/gamestop-gme-stock-price-rise-reddit-why-b1807341.html?amp,Why are people buying GameStop stock again ? GME dramatic repeat share price rise explained,20210225T154500Z,https://static.independent.co.uk/2021/02/16/17/GameStop_Retail_Investors_02376.jpg?&auto=webp&quality=75,independent.co.uk,English,United Kingdom,2021-02-25 15:45:00+00:00,GME
http://origin-businesstoday.intoday.in/markets/global-markets/gamestop-shares-rally-50-after-puzzling-ice-cream-cone-tweet/story/432376.html,https://m.businesstoday.in/lite/story/gamestop-shares-rally-50-after-puzzling-ice-cream-cone-tweet/1/432376.html,GameStop shares rally 50 % after puzzling ice - cream cone tweet,20210225T163000Z,https://akm-img-a-in.tosshub.com/sites/btmt/images/stories/game_stop_144_250221085408.jpg,origin-businesstoday.intoday.in,English,India,2021-02-25 16:30:00+00:00,GME
https://isp.netscape.com/pf/story/0002/20210225/KBN2AP0QT_5,,GameStop shares rise in early trade before being halted - Netscape Money & Business,20210225T170000Z,,isp.netscape.com,English,United States,2021-02-25 17:00:00+00:00,GME
https://6abc.com/gamestop-stock-surges-again-weeks-after-high-profile-rally/10369987/,,GameStop stock surges again weeks after high - profile rally,20210225T171500Z,https://s.abcnews.com/images/Business/aoc-ted-cruz-twitter-gamestop-03-ap-llr-210129_1611862252094_hpMain_2_16x9_608.jpg,6abc.com,English,United States,2021-02-25 17:15:00+00:00,GME
https://www.msn.com/en-us/news/technology/gamestop-stock-surges-again-weeks-after-high-profile-rally/ar-BB1e13EX,,GameStop stock surges again weeks after high - profile rally,20210225T171500Z,,msn.com,English,United States,2021-02-25 17:15:00+00:00,GME
https://mrtopstep.com/870762-2/,https://mrtopstep.com/870762-2/amp/,Daily Game Plan from Cabrera Capital,20210225T173000Z,https://mrtopstep.com/wp-content/uploads/2021/02/cabrera_02252021_081438555.png,mrtopstep.com,English,United States,2021-02-25 17:30:00+00:00,GME
https://mrtopstep.com/need-to-know-stick-to-your-favorite-growth-stocks-and-just-forget-about-whats-next-with-inflation-says-this-analyst/,https://mrtopstep.com/need-to-know-stick-to-your-favorite-growth-stocks-and-just-forget-about-whats-next-with-inflation-says-this-analyst/amp/,"Need to Know : Stick to your favorite growth stocks and  just forget about what next  with inflation , says this analyst",20210225T173000Z,https://mrtopstep.com/wp-content/uploads/2021/02/im-304091-1.jpg,mrtopstep.com,English,United States,2021-02-25 17:30:00+00:00,GME
https://abc7chicago.com/gamestop-stock-surges-again-weeks-after-high-profile-rally/10369987/,,GameStop stock surges again weeks after high - profile rally,20210225T173000Z,https://s.abcnews.com/images/Business/aoc-ted-cruz-twitter-gamestop-03-ap-llr-210129_1611862252094_hpMain_2_16x9_608.jpg,abc7chicago.com,English,United States,2021-02-25 17:30:00+00:00,GME
https://abcnews.go.com/Business/gamestop-stock-surges-weeks-high-profile-rally/story?id=76107707,https://abcnews.go.com/amp/Business/gamestop-stock-surges-weeks-high-profile-rally/story?id=76107707,GameStop stock surges again weeks after high - profile rally,20210225T173000Z,https://s.abcnews.com/images/Business/aoc-ted-cruz-twitter-gamestop-03-ap-llr-210129_1611862252094_hpMain_2_16x9_992.jpg,abcnews.go.com,English,United States,2021-02-25 17:30:00+00:00,GME
http://abcnewsradioonline.com/business-news/gamestop-stock-surges-again-weeks-after-high-profile-rally.html,,GameStop stock surges again weeks after high - profile rally - Business News,20210225T173000Z,http://abcnewsradioonline.com/storage/abcnewsradio.png,abcnewsradioonline.com,English,United States,2021-02-25 17:30:00+00:00,GME
https://www.reuters.com/article/us-retail-trading-gamestop/gamestop-shares-soars-around-50-as-meme-stocks-rally-again-idUSKBN2AP0QT,https://mobile.reuters.com/article/amp/idUSKBN2AP0QT,GameStop shares soars around 50 % as  meme stock rally again,20210225T174500Z,https://static.reuters.com/resources/r/?m=02&d=20210225&t=2&i=1552846556&r=LYNXMPEH1O0CY,reuters.com,English,United States,2021-02-25 17:45:00+00:00,GME
https://www.businesstoday.in/markets/global-markets/gamestop-shares-rally-50-after-puzzling-ice-cream-cone-tweet/story/432376.html,https://m.businesstoday.in/lite/story/gamestop-shares-rally-50-after-puzzling-ice-cream-cone-tweet/1/432376.html,GameStop shares rally 50 % after puzzling ice - cream cone tweet,20210225T180000Z,https://akm-img-a-in.tosshub.com/sites/btmt/images/stories/game_stop_144_250221085408.jpg,businesstoday.in,English,India,2021-02-25 18:00:00+00:00,GME
https://www.newsweek.com/wallstreetbets-reddit-gamestop-gme-stock-share-price-increase-1572096,https://www.newsweek.com/wallstreetbets-reddit-gamestop-gme-stock-share-price-increase-1572096?amp=1,WallStreetBets Redditors Celebrate as GameStop Shares Shoot Up,20210225T181500Z,https://d.newsweek.com/en/full/1743418/gamestop.jpg,newsweek.com,English,United States,2021-02-25 18:15:00+00:00,GME
https://www.insider.com/reddit-wallstreetbets-celebrats-as-gamestop-stock-soars-2021-2,https://www.insider.com/reddit-wallstreetbets-celebrats-as-gamestop-stock-soars-2021-2?amp,Reddit WallStreetBets celebrates as GameStop stock soars,20210225T183000Z,https://i.insider.com/6012d5c86dfbe10018e00743?&format=jpeg,insider.com,English,,2021-02-25 18:30:00+00:00,GME
https://www.marketwatch.com/story/gamestop-round-2-how-an-options-buying-frenzy-is-providing-another-jolt-to-meme-stocks-11614277287,https://www.marketwatch.com/amp/story/gamestop-round-2-how-an-options-buying-frenzy-is-providing-another-jolt-to-meme-stocks-11614277287,GameStop Round 2 ? How an options - buying frenzy is providing another jolt to  meme  stocks,20210225T184500Z,https://images.mktw.net/im-287553/social,marketwatch.com,English,United States,2021-02-25 18:45:00+00:00,GME
https://abc7ny.com/gamestop-stock-surges-again-weeks-after-high-profile-rally/10369987/,,GameStop stock surges again weeks after high - profile rally,20210225T184500Z,https://s.abcnews.com/images/Business/aoc-ted-cruz-twitter-gamestop-03-ap-llr-210129_1611862252094_hpMain_2_16x9_608.jpg,abc7ny.com,English,United States,2021-02-25 18:45:00+00:00,GME
https://isp.netscape.com/pf/story/0002/20210225/KBN2AP0QT_6,,GameStop shares soars around 50 % as  meme stock rally again - Netscape Money & Business,20210225T190000Z,,isp.netscape.com,English,United States,2021-02-25 19:00:00+00:00,GME
https://abc30.com/gamestop-stock-surges-again-weeks-after-high-profile-rally/10369987/,,GameStop stock surges again weeks after high - profile rally,20210225T190000Z,https://s.abcnews.com/images/Business/aoc-ted-cruz-twitter-gamestop-03-ap-llr-210129_1611862252094_hpMain_2_16x9_992.jpg,abc30.com,English,United States,2021-02-25 19:00:00+00:00,GME
https://www.theage.com.au/business/markets/gamestop-shares-surge-again-as-surprising-rally-extends-into-second-day-20210226-p575zn.html,https://amp.theage.com.au/business/markets/gamestop-shares-surge-again-as-surprising-rally-extends-into-second-day-20210226-p575zn.html,GameStop shares surge again as surprising rally extends into second day,20210225T190000Z,https://static.ffx.io/images/$zoom_0.1832%2C$multiply_0.7554%2C$ratio_1.777778%2C$width_1059%2C$x_0%2C$y_13/t_crop_custom/q_86%2Cf_auto/t_theage_no_label_no_age_social_wm/cf39c34981010b8f0ff49d761918e07c32a6bfd0,theage.com.au,English,Australia,2021-02-25 19:00:00+00:00,GME
https://www.smh.com.au/business/markets/gamestop-shares-surge-again-as-surprising-rally-extends-into-second-day-20210226-p575zn.html,https://amp.smh.com.au/business/markets/gamestop-shares-surge-again-as-surprising-rally-extends-into-second-day-20210226-p575zn.html,GameStop shares surge again as surprising rally extends into second day,20210225T191500Z,https://static.ffx.io/images/$zoom_0.1832%2C$multiply_0.7554%2C$ratio_1.777778%2C$width_1059%2C$x_0%2C$y_13/t_crop_custom/q_86%2Cf_auto/t_smh_no_label_no_age_social_wm/cf39c34981010b8f0ff49d761918e07c32a6bfd0,smh.com.au,English,Australia,2021-02-25 19:15:00+00:00,GME
https://www.benzinga.com/markets/cryptocurrency/21/02/19860509/kevin-oleary-of-shark-tank-benzinga-ceo-jason-raznick-talk-gamestop-bitcoin-and-economic-r,https://amp.benzinga.com/amp/content/19860509,"Gamestop Corporation ( NYSE : GME ), ( $BTC ) - Kevin OLeary Of  Shark Tank , Benzinga CEO Jason Raznick Talk GameStop , Bitcoin And Economic Recovery Trades",20210225T191500Z,,benzinga.com,English,United States,2021-02-25 19:15:00+00:00,GME
https://www.business-standard.com/article/international/gamestop-corp-shares-soar-around-50-as-meme-stocks-rally-again-121022501654_1.html,https://wap.business-standard.com/article-amp/international/gamestop-corp-shares-soar-around-50-as-meme-stocks-rally-again-121022501654_1.html,GameStop Corp shares soar around 50 % as  meme stock rally again,20210225T191500Z,https://bsmedia.business-standard.com/_media/bs/img/article/2021-01/29/full/1611865663-6248.jpg,business-standard.com,English,India,2021-02-25 19:15:00+00:00,GME
https://abc7.com/gamestop-stock-surges-again-weeks-after-high-profile-rally/10369987/,,GameStop stock surges again weeks after high - profile rally,20210225T191500Z,https://s.abcnews.com/images/Business/aoc-ted-cruz-twitter-gamestop-03-ap-llr-210129_1611862252094_hpMain_2_16x9_992.jpg,abc7.com,English,United States,2021-02-25 19:15:00+00:00,GME
https://www.thinkadvisor.com/2021/02/25/reddit-gamestop-squeeze-is-a-game-changer/,https://www.thinkadvisor.com/2021/02/25/reddit-gamestop-squeeze-is-a-game-changer/?amp=1,Reddit GameStop Squeeze Is a Game Changer,20210225T191500Z,https://images.thinkadvisor.com/contrib/content/uploads/sites/415/2021/02/Waddell_Melanie-Illustrated-640x640.jpg,thinkadvisor.com,English,United States,2021-02-25 19:15:00+00:00,GME
https://www.watoday.com.au/business/markets/gamestop-shares-surge-again-as-surprising-rally-extends-into-second-day-20210226-p575zn.html,https://amp.watoday.com.au/business/markets/gamestop-shares-surge-again-as-surprising-rally-extends-into-second-day-20210226-p575zn.html,GameStop shares surge again as surprising rally extends into second day,20210225T191500Z,https://static.ffx.io/images/$zoom_0.1832%2C$multiply_0.7554%2C$ratio_1.777778%2C$width_1059%2C$x_0%2C$y_13/t_crop_custom/q_86%2Cf_auto/t_watoday_no_label_no_age_social_wm/cf39c34981010b8f0ff49d761918e07c32a6bfd0,watoday.com.au,English,Australia,2021-02-25 19:15:00+00:00,GME
https://www.investors.com/market-trend/stock-market-today/dow-jones-drops-10-year-treasury-jumps-tesla-stock-dives-ev-stocks-gamestop-stock-explodes-apple-stock-boeing-stock-bitcoin/,,Dow Jones Drops As 10 - Year Treasury Jumps ; Tesla Dives As EV Stocks Suffer ; GameStop Explodes,20210225T193000Z,https://www.investors.com/wp-content/uploads/2020/04/stock-tesla-store-04-adobe.jpg,investors.com,English,United States,2021-02-25 19:30:00+00:00,GME
https://www.brisbanetimes.com.au/business/markets/gamestop-shares-surge-again-as-surprising-rally-extends-into-second-day-20210226-p575zn.html,https://amp.brisbanetimes.com.au/business/markets/gamestop-shares-surge-again-as-surprising-rally-extends-into-second-day-20210226-p575zn.html,GameStop shares surge again as surprising rally extends into second day,20210225T194500Z,https://static.ffx.io/images/$zoom_0.1832%2C$multiply_0.7554%2C$ratio_1.777778%2C$width_1059%2C$x_0%2C$y_13/t_crop_custom/q_86%2Cf_auto/t_brisbanetimes_no_label_no_age_social_wm/cf39c34981010b8f0ff49d761918e07c32a6bfd0,brisbanetimes.com.au,English,Australia,2021-02-25 19:45:00+00:00,GME
https://www.investors.com/market-trend/stock-market-today/dow-jones-tumbles-boeing-apple-weigh-tech-stocks-sell-off/,,"Dow Jones Dives 500 Points As Boeing , Apple Weigh ; Tech Stocks Sell Off",20210225T194500Z,https://www.investors.com/wp-content/uploads/2020/03/stock-bulls-bears-red-01-adobe.jpg,investors.com,English,United States,2021-02-25 19:45:00+00:00,GME
https://www.metro.us/gamestop-shares-soar-as/,https://www.metro.us/gamestop-shares-soar-as/amp/,GameStop shares soar as  meme stock rally again,20210225T200000Z,https://www.metro.us/wp-content/uploads/Reuters_Direct_Media/USOnlineReportBusinessNews/tagreuters.com2021binary_LYNXMPEH1O0CY-BASEIMAGE.jpg,metro.us,English,United States,2021-02-25 20:00:00+00:00,GME
https://www.reuters.com/article/us-retail-trading-gamestop/gamestop-shares-soar-as-meme-stocks-rally-again-idUSKBN2AP0QT,https://mobile.reuters.com/article/amp/idUSKBN2AP0QT,GameStop shares soars around 50 % as  meme stock rally again,20210225T200000Z,https://static.reuters.com/resources/r/?m=02&d=20210225&t=2&i=1552846556&r=LYNXMPEH1O0CY,reuters.com,English,United States,2021-02-25 20:00:00+00:00,GME
https://www.lesaffaires.com/bourse/nouvelles-economiques/gamestop-de-retour-a-wall-street-feu-de-paille-ou-marathon/623261,,GameStop de retour à Wall Street : feu de paille ou marathon ? ,20210225T201500Z,http://www.lesaffaires.com/uploads/images/normal/a1bf97eb1ca3acf255d785d3312983f4.jpg,lesaffaires.com,French,Canada,2021-02-25 20:15:00+00:00,GME
https://abc13.com/gamestop-stock-surges-again-weeks-after-high-profile-rally/10369987/,,GameStop stock surges again weeks after high - profile rally,20210225T203000Z,https://s.abcnews.com/images/Business/aoc-ted-cruz-twitter-gamestop-03-ap-llr-210129_1611862252094_hpMain_2_16x9_992.jpg,abc13.com,English,United States,2021-02-25 20:30:00+00:00,GME
https://www.dailymaverick.co.za/article/2021-02-25-gamestop-shares-soar-as-meme-stocks-rally-again/,https://www.dailymaverick.co.za/article/2021-02-25-gamestop-shares-soar-as-meme-stocks-rally-again/amp/,GameStop shares soar as  meme stock rally again,20210225T203000Z,,dailymaverick.co.za,English,South Africa,2021-02-25 20:30:00+00:00,GME
https://www.theedgemarkets.com/article/gamestop-shares-soars-around-50-meme-stocks-rally-again,,GameStop shares soars around 50 % as  meme stock rally again,20210225T204500Z,,theedgemarkets.com,English,Malaysia,2021-02-25 20:45:00+00:00,GME
https://isp.netscape.com/pf/story/0002/20210225/KBN2AP0QT_7,,GameStop shares soar as  meme stock rally again - Netscape Money & Business,20210225T210000Z,,isp.netscape.com,English,United States,2021-02-25 21:00:00+00:00,GME
https://invezz.com/news/2021/02/25/best-place-to-buy-naked-brand-group-stock/,https://invezz.com/news/2021/02/25/best-place-to-buy-naked-brand-group-stock/?amp,Best place to buy Naked Brand Group stock : top platforms to trade NAKD,20210225T210000Z,https://invezz.com/wp-content/uploads/2021/02/119014009-l-1024x683.jpg,invezz.com,English,United Kingdom,2021-02-25 21:00:00+00:00,GME
https://www.ksro.com/2021/02/25/gamestop-stock-surges-again-weeks-after-high-profile-rally/,https://www.ksro.com/2021/02/25/gamestop-stock-surges-again-weeks-after-high-profile-rally/amp/,GameStop stock surges again weeks after high - profile rally,20210225T210000Z,https://dehayf5mhw1h7.cloudfront.net/wp-content/uploads/sites/726/2021/02/25192019/istock_022521_gamestop.jpeg,ksro.com,English,United States,2021-02-25 21:00:00+00:00,GME
https://abc11.com/gamestop-stock-surges-again-weeks-after-high-profile-rally/10369987/,,GameStop stock surges again weeks after high - profile rally,20210225T211500Z,https://s.abcnews.com/images/Business/aoc-ted-cruz-twitter-gamestop-03-ap-llr-210129_1611862252094_hpMain_2_16x9_992.jpg,abc11.com,English,United States,2021-02-25 21:15:00+00:00,GME
https://www.rfi.fr/en/business-and-tech/20210225-gamestop-share-ride-shooting-star-or-rocket-to-the-moon,https://amp.rfi.fr/en/business-and-tech/20210225-gamestop-share-ride-shooting-star-or-rocket-to-the-moon,GameStop share ride : shooting star or rocket to the moon ? ,20210225T214500Z,https://s.rfi.fr/media/display/5ed7d632-63f2-11eb-9e0c-005056bf87d6/w:1280/p:16x9/8147635b17bef0b131ed0b13005330d306074b9b.jpg,rfi.fr,English,France,2021-02-25 21:45:00+00:00,GME
https://abc7news.com/gamestop-stock-surges-again-weeks-after-high-profile-rally/10369987/,,GameStop stock surges again weeks after high - profile rally,20210225T214500Z,https://s.abcnews.com/images/Business/aoc-ted-cruz-twitter-gamestop-03-ap-llr-210129_1611862252094_hpMain_2_16x9_992.jpg,abc7news.com,English,United States,2021-02-25 21:45:00+00:00,GME
https://www.ibtimes.com/gamestop-share-ride-shooting-star-or-rocket-moon-3152254,,GameStop Share Ride : Shooting Star Or Rocket To The Moon ? ,20210225T214500Z,,ibtimes.com,English,United States,2021-02-25 21:45:00+00:00,GME
https://www.thesundaily.my/business/gamestop-shares-soar-in-new-rally-CY6919747,,GameStop shares soar in new rally,20210225T220000Z,https://www.thesundaily.my/binrepository/480x320/0c35/480d250/none/11808/OKIR/file-photo-a-gamestop-7974988_1449421_20210226024242.jpg,thesundaily.my,English,Malaysia,2021-02-25 22:00:00+00:00,GME
https://finance.yahoo.com/news/gamestops-frankfurt-shares-nearly-triple-073454215.html,https://finance.yahoo.com/amphtml/news/gamestops-frankfurt-shares-nearly-triple-073454215.html,GameStop shares soar as  meme stock rally again,20210225T221500Z,https://s.yimg.com/uu/api/res/1.2/np3zf9ooSvV4BKD9zxqXYQ--~B/aD01MzM7dz04MDA7YXBwaWQ9eXRhY2h5b24-/https://media.zenfs.com/en/reuters.com/5f373f7e677c428e064e73fc860a6b07,finance.yahoo.com,English,United States,2021-02-25 22:15:00+00:00,GME
http://english.ahram.org.eg/NewsContent/3/12/404875/Business/Economy/GameStop-shares-soar-as-meme-stocks-rally-again.aspx,,GameStop shares soar as  meme stock rally again - Economy - Business,20210225T221500Z,http://english.ahram.org.eg/Media/News/2021/2/25/2021-637498859721473633-147.jpg,english.ahram.org.eg,English,Egypt,2021-02-25 22:15:00+00:00,GME
https://www.livemint.com/companies/news/gamestop-shares-soars-around-50-as-meme-stocks-rally-again-11614277625070.html,https://www.livemint.com/companies/news/gamestop-shares-soars-around-50-as-meme-stocks-rally-again/amp-11614277625070.html,GameStop shares soars around 50 % as  meme stock rally again,20210225T223000Z,https://images.livemint.com/img/2021/02/25/600x338/2021-02-25T021645Z_2_LYNXMPEH1O02V_RTROPTP_3_RETAIL-TRADING-GAMESTOP_1614279639446_1614279658463.JPG,livemint.com,English,India,2021-02-25 22:30:00+00:00,GME
https://www.mycentraloregon.com/2021/02/25/gamestop-stock-surges-again-weeks-after-high-profile-rally/,,GameStop stock surges again weeks after high - profile rally,20210225T223000Z,https://dehayf5mhw1h7.cloudfront.net/wp-content/uploads/sites/38/2021/02/25163323/istock_022521_gamestop.jpeg,mycentraloregon.com,English,United States,2021-02-25 22:30:00+00:00,GME
https://www.abc.net.au/news/2021-02-26/asx-dow-jones-tech-wall-street-gamestop/13195176,https://amp.abc.net.au/article/13195176,Dow Jones plunges 560 points as Wall Street tech sell - off worsens ; GameStop rebounds again,20210225T223000Z,https://www.abc.net.au/cm/rimage/2831150-16x9-large.jpg?v=2,abc.net.au,English,Australia,2021-02-25 22:30:00+00:00,GME
https://www.metro.us/gamestop-jumps-nearly-19/,https://www.metro.us/gamestop-jumps-nearly-19/amp/,GameStop jumps nearly 19 %;  meme stock fade after another wild ride,20210225T224500Z,https://www.metro.us/wp-content/uploads/Reuters_Direct_Media/USOnlineReportBusinessNews/tagreuters.com2021binary_LYNXMPEH1O0CY-BASEIMAGE.jpg,metro.us,English,United States,2021-02-25 22:45:00+00:00,GME
http://www.msn.com/en-us/news/technology/gamestop-stock-surges-again-weeks-after-high-profile-rally/ar-BB1e13EX,,GameStop stock surges again weeks after high - profile rally,20210225T224500Z,,msn.com,English,United States,2021-02-25 22:45:00+00:00,GME
https://investorplace.com/2021/02/lotz-stock-is-carlotz-the-next-winner-of-a-r-wallstreetbets-short-squeeze/,https://investorplace.com/2021/02/lotz-stock-is-carlotz-the-next-winner-of-a-r-wallstreetbets-short-squeeze/amp/,LOTZ Stock : Is CarLotz the Next King of a WallStreetBets Short Squeeze ? ,20210225T224500Z,https://investorplace.com/wp-content/uploads/2020/10/lotz-stock.jpg,investorplace.com,English,United States,2021-02-25 22:45:00+00:00,GME
https://investorplace.com/2021/02/what-did-the-stock-market-do-today-3-big-stories-musk-dogecoin-vix-stocks-down/,https://investorplace.com/2021/02/what-did-the-stock-market-do-today-3-big-stories-musk-dogecoin-vix-stocks-down/amp/,What Did the Stock Market Do Today ? 3 Big Stories to Catch Up On . ,20210225T224500Z,https://investorplace.com/wp-content/uploads/2019/07/wall-street-sign-american-flags.jpg,investorplace.com,English,United States,2021-02-25 22:45:00+00:00,GME
https://www.reuters.com/article/us-retail-trading-gamestop/gamestop-jumps-nearly-19-meme-stocks-fade-after-another-wild-ride-idUSKBN2AP0QT,https://mobile.reuters.com/article/amp/idUSKBN2AP0QT,GameStop jumps nearly 19 %;  meme stock fade after another wild ride,20210225T230000Z,https://static.reuters.com/resources/r/?m=02&d=20210225&t=2&i=1552846556&r=LYNXMPEH1O0CY,reuters.com,English,United States,2021-02-25 23:00:00+00:00,GME
https://www.kxel.com/news/gamestop-stock-surges-again-weeks-after-high-profile-rally/,,GameStop stock surges again weeks after high - profile rally,20210225T230000Z,,kxel.com,English,United States,2021-02-25 23:00:00+00:00,GME
https://www.lapresse.ca/affaires/marches/2021-02-25/la-saga-gamestop-de-retour-a-wall-street-feu-de-paille-ou-marathon.php,,"La saga GameStop , de retour à Wall Street  : feu de paille ou marathon  ? ",20210225T230000Z,https://mobile-img.lpcdn.ca/lpca/924x/r3996/ada75d58-77b7-11eb-a88b-02fe89184577.jpg,lapresse.ca,French,Canada,2021-02-25 23:00:00+00:00,GME
https://www.zonebourse.com/actualite-bourse/La-saga-GameStop-de-retour-a-Wall-Street-feu-de-paille-ou-marathon--32543025/,https://www.zonebourse.com/amp/actualite-bourse/La-saga-GameStop-de-retour-a-Wall-Street-feu-de-paille-ou-marathon--32543025/,"La saga GameStop , de retour à Wall Street : feu de paille ou marathon ? ",20210225T231500Z,https://www.zonebourse.com/images/twitter_ZB_fdnoir.png,zonebourse.com,French,France,2021-02-25 23:15:00+00:00,GME
https://www.940wfaw.com/news/gamestop-stock-surges-again-weeks-after-high-profile-rally/,,GameStop stock surges again weeks after high - profile rally,20210225T233000Z,,940wfaw.com,English,United States,2021-02-25 23:30:00+00:00,GME
https://www.24heures.ch/la-saga-gamestop-de-retour-a-wall-street-feu-de-paille-ou-marathon-687797279135,https://amp.24heures.ch/la-saga-gamestop-de-retour-a-wall-street-feu-de-paille-ou-marathon-687797279135,"Bourse – La saga GameStop , de retour à Wall Street : feu de paille ou marathon ? ",20210225T234500Z,"https://cdn.unitycms.io/image/ocroped/1200,1200,1000,1000,0,0/SzCKw1Qc_7I/44eQdae8aTN95sFRvqmKMv.jpg",24heures.ch,French,Switzerland,2021-02-25 23:45:00+00:00,GME
https://isp.netscape.com/pf/story/0002/20210225/KBN2AP0QT_8,,GameStop jumps nearly 19 %;  meme stock fade after another wild ride,20210226T000000Z,,isp.netscape.com,English,United States,2021-02-26 00:00:00+00:00,GME
https://www.mediaite.com/news/buckle-up-gamestop-mania-starts-anew-as-reddit-users-fuel-stock-surge-of-more-than-400/,https://www.mediaite.com/news/buckle-up-gamestop-mania-starts-anew-as-reddit-users-fuel-stock-surge-of-more-than-400/amp/,BUCKLE UP : GameStop Mania Starts Anew as Reddit Users Fuel Stock Surge of More Than 400 % ,20210226T000000Z,https://www.mediaite.com/wp-content/uploads/2021/02/GME-1200x760.jpg,mediaite.com,English,United States,2021-02-26 00:00:00+00:00,GME
https://www.malaymail.com/news/money/2021/02/26/gamestop-jumps-nearly-19pc-meme-stocks-fade-after-another-wild-ride/1952990,https://www.malaymail.com/amp/news/money/2021/02/26/gamestop-jumps-nearly-19pc-meme-stocks-fade-after-another-wild-ride/1952990,GameStop jumps nearly 19pc ;  meme stock fade after another wild ride | Money,20210226T003000Z,https://media2.malaymail.com/resize_cache/uploads/articles/2021/2021-01/2021-01-27T202509Z_1461435872_RC2KGL9JR0YO_RTRMADP_3_MARKETS-RETAIL-TRADING-REDDIT-seo.JPG,malaymail.com,English,United States,2021-02-26 00:30:00+00:00,GME
https://www.straitstimes.com/business/companies-markets/gamestop-jumps-nearly-19-meme-stocks-fade-after-another-wild-ride,,GameStop jumps nearly 19 %;  meme stock fade after another wild ride,20210226T003000Z,https://static.straitstimes.com.sg/s3fs-public/styles/x_large/public/articles/2021/02/26/nz_gamestop_260242.jpg?itok=-ygFarbz,straitstimes.com,English,Singapore,2021-02-26 00:30:00+00:00,GME
https://www.tdg.ch/la-saga-gamestop-de-retour-a-wall-street-feu-de-paille-ou-marathon-687797279135,https://amp.tdg.ch/la-saga-gamestop-de-retour-a-wall-street-feu-de-paille-ou-marathon-687797279135,"Bourse – La saga GameStop , de retour à Wall Street : feu de paille ou marathon ? ",20210226T010000Z,"https://cdn.unitycms.io/image/ocroped/1200,1200,1000,1000,0,0/SzCKw1Qc_7I/44eQdae8aTN95sFRvqmKMv.jpg",tdg.ch,French,Switzerland,2021-02-26 01:00:00+00:00,GME
https://techxplore.com/news/2021-02-gamestop-star-rocket-moon.html,https://techxplore.com/news/2021-02-gamestop-star-rocket-moon.amp,GameStop share ride : shooting star or rocket to the moon ? ,20210226T011500Z,https://scx2.b-cdn.net/gfx/news/2021/2-gamestopshar.jpg,techxplore.com,English,United States,2021-02-26 01:15:00+00:00,GME
https://www.lematin.ch/story/la-saga-gamestop-de-retour-a-wall-street-feu-de-paille-ou-marathon-687797279135,https://amp.lematin.ch/story/la-saga-gamestop-de-retour-a-wall-street-feu-de-paille-ou-marathon-687797279135,"Bourse : La saga GameStop , de retour à Wall Street : feu de paille ou marathon ? ",20210226T013000Z,"https://cdn.unitycms.io/image/ocroped/1200,1200,1000,1000,0,0/SzCKw1Qc_7I/44eQdae8aTN95sFRvqmKMv.jpg",lematin.ch,French,Switzerland,2021-02-26 01:30:00+00:00,GME
https://isp.netscape.com/pf/story/0002/20210226/KBN2AP0QT_9,,GameStop jumps nearly 19 %;  meme stock fade after another wild ride,20210226T013000Z,,isp.netscape.com,English,United States,2021-02-26 01:30:00+00:00,GME
https://invezz.com/news/2021/02/26/foxs-charlie-gasparino-cautions-investors-about-gamestop-hype/,https://invezz.com/news/2021/02/26/foxs-charlie-gasparino-cautions-investors-about-gamestop-hype/?amp,Fox Charlie Gasparino cautions investors about GameStop hype,20210226T014500Z,https://invezz.com/wp-content/uploads/2021/02/102290745-s.jpg,invezz.com,English,United Kingdom,2021-02-26 01:45:00+00:00,GME
https://www.business-standard.com/article/international/gamestop-jumps-nearly-19-meme-stocks-fade-after-another-wild-ride-121022600105_1.html,https://wap.business-standard.com/article-amp/international/gamestop-jumps-nearly-19-meme-stocks-fade-after-another-wild-ride-121022600105_1.html,GameStop jumps nearly 19 %;  meme stock fade after another wild ride,20210226T024500Z,https://bsmedia.business-standard.com/_media/bs/img/article/2021-01/29/full/1611865663-6248.jpg,business-standard.com,English,India,2021-02-26 02:45:00+00:00,GME
https://www.news.com.au/finance/markets/world-markets/gamestop-share-price-explodes-for-second-day-as-reddit-celebrates/news-story/066d681e67f877421f54b63ffc368b3a,https://amp.news.com.au/finance/markets/world-markets/gamestop-share-price-explodes-for-second-day-as-reddit-celebrates/news-story/066d681e67f877421f54b63ffc368b3a,GameStop share price explodes for second day as Reddit celebrates,20210226T024500Z,https://cdn.newsapi.com.au/image/v1/1fe4ab286e8c48d6f2a668fad72e4fba,news.com.au,English,Australia,2021-02-26 02:45:00+00:00,GME
https://www.fool.com/investing/2021/02/25/why-gamestop-stock-soared-today/,https://www.fool.com/amp/investing/2021/02/25/why-gamestop-stock-soared-today/,Why GameStop Stock Soared Today | The Motley Fool,20210226T030000Z,https://g.foolcdn.com/editorial/images/615408/market-up-gettyimages-497754124.jpg,fool.com,English,United States,2021-02-26 03:00:00+00:00,GME
https://www.journaldemontreal.com/2021/02/25/la-saga-gamestop-de-retour-a-wall-street-feu-de-paille-ou-marathon-1,,"La saga GameStop , de retour à Wall Street : feu de paille ou marathon ? ",20210226T031500Z,https://m1.quebecormedia.com/emp/emp/83931e30-6273-11eb-b1d1-1f5b471cfcc0_ORIGINAL.jpg?impolicy=crop-resize&x=0&y=0,journaldemontreal.com,French,Canada,2021-02-26 03:15:00+00:00,GME
https://www.reuters.com/article/us-retail-trading-gamestop/gamestop-jumps-nearly-19-meme-stocks-fade-after-another-wild-ride-idUSKBN2AP0QT?rpc=401,https://mobile.reuters.com/article/amp/idUSKBN2AP0QT,GameStop jumps nearly 19 %;  meme stock fade after another wild ride,20210226T041500Z,https://static.reuters.com/resources/r/?m=02&d=20210225&t=2&i=1552846556&r=LYNXMPEH1O0CY,reuters.com,English,United States,2021-02-26 04:15:00+00:00,GME
https://www.fool.com/investing/2021/02/25/why-gamestop-stock-soared-today/?source=iedfolrf0000001,https://www.fool.com/amp/investing/2021/02/25/why-gamestop-stock-soared-today/,Why GameStop Stock Soared Today | The Motley Fool,20210226T041500Z,https://g.foolcdn.com/editorial/images/615408/market-up-gettyimages-497754124.jpg,fool.com,English,United States,2021-02-26 04:15:00+00:00,GME
https://www.benzinga.com/markets/cryptocurrency/21/02/19872179/gamestop-can-justify-its-valuation-by-turning-into-a-5-000-store-introduction-to-crypto-sa,https://amp.benzinga.com/amp/content/19872179,"Gamestop Corporation ( NYSE : GME ), ( AMC ) - GameStop Can Justify Its Valuation By Turning Into A  5 , 000 - Store Introduction To Crypto , Says Cramer",20210226T054500Z,,benzinga.com,English,United States,2021-02-26 05:45:00+00:00,GME
https://www.reuters.com/article/businessNews/idUSKBN2AP0QT,https://mobile.reuters.com/article/amp/idUSKBN2AP0QT,GameStop jumps nearly 19 %;  meme stock fade after another wild ride,20210226T061500Z,https://static.reuters.com/resources/r/?m=02&d=20210225&t=2&i=1552846556&r=LYNXMPEH1O0CY,reuters.com,English,United States,2021-02-26 06:15:00+00:00,GME
https://gulfnews.com/business/gamestop-share-ride-shooting-star-or-rocket-to-the-moon-1.1614315034613,https://gulfnews.com/amp/business/gamestop-share-ride-shooting-star-or-rocket-to-the-moon-1.1614315034613,GameStop share ride : shooting star or rocket to the moon ? ,20210226T061500Z,https://imagevars.gulfnews.com/2021/02/01/Stock-GameStop_1775d06833a_medium.jpg,gulfnews.com,English,United Arab Emirates,2021-02-26 06:15:00+00:00,GME
https://www.reuters.com/article/technologyNews/idUSKBN2AP0QT,https://mobile.reuters.com/article/amp/idUSKBN2AP0QT,GameStop jumps nearly 19 %;  meme stock fade after another wild ride,20210226T090000Z,https://static.reuters.com/resources/r/?m=02&d=20210225&t=2&i=1552846556&r=LYNXMPEH1O0CY,reuters.com,English,United States,2021-02-26 09:00:00+00:00,GME
https://trends.levif.be/economie/entreprises/la-saga-gamestop-de-retour-a-wall-street-feu-de-paille-ou-au-contraire-marathon/article-normal-1397275.html,https://trends.levif.be/economie/entreprises/la-saga-gamestop-de-retour-a-wall-street-feu-de-paille-ou-au-contraire-marathon/article-normal-1397275.html.amp,"La saga GameStop , de retour à Wall Street : feu de paille ou au contraire marathon ? - Entreprises",20210226T130000Z,"https://web.static-rmg.be/if/c_crop,w_1200,h_800,x_0,y_0,g_center/c_fit,w_640,h_960/879ced6c4fe8a35ffdaa84c051dfde77.jpg",trends.levif.be,French,Belgium,2021-02-26 13:00:00+00:00,GME
https://www.marketwatch.com/story/gamestop-shares-jump-13-premarket-as-stock-looks-poised-for-another-day-of-high-volume-activity-2021-02-26,https://www.marketwatch.com/amp/story/gamestop-shares-jump-13-premarket-as-stock-looks-poised-for-another-day-of-high-volume-activity-2021-02-26,GameStop shares jump 13 % premarket as stock looks poised for another day of high - volume activity,20210226T133000Z,https://s.wsj.net/public/resources/MWimages/MW-GP644_MicroS_ZG_20180906154215.jpg,marketwatch.com,English,United States,2021-02-26 13:30:00+00:00,GME
https://www.fxstreet.com/news/amc-stock-forecast-news-amc-ent-holdings-inc-rebounds-as-new-york-opens-earnings-due-thursday-202102241600,https://www.fxstreet.com/amp/news/amc-stock-forecast-news-amc-ent-holdings-inc-rebounds-as-new-york-opens-earnings-due-thursday-202102241600,AMC Stock Forecast & News : AMC Ent . Holdings Inc sees relative calm between the storms,20210226T154500Z,https://editorial.fxstreet.com/images/Markets/Equities/stock-market-surge-bull-green-financial-screen-5785196_Large.jpg,fxstreet.com,English,China,2021-02-26 15:45:00+00:00,GME
https://www.marketwatch.com/story/gamestop-stock-on-track-for-200-weekly-gain-only-its-second-best-week-ever-11614353885,https://www.marketwatch.com/amp/story/gamestop-stock-on-track-for-200-weekly-gain-only-its-second-best-week-ever-11614353885,"GameStop stock on track for 200 % weekly gain , only its second best week ever",20210226T160000Z,https://images.mktw.net/im-296866/social,marketwatch.com,English,United States,2021-02-26 16:00:00+00:00,GME
https://www.benzinga.com/news/21/02/19880713/churchill-capital-corp-iv-shares-rally-on-dave-portnoy-tweet-reddit-activity,https://amp.benzinga.com/amp/content/19880713,"Churchill Capital Corp IV ( NYSE : CCIV ), Gamestop Corporation ( NYSE : GME ) - Churchill Capital Corp IV Shares Rally On Dave Portnoy Tweet , Reddit Activity",20210226T160000Z,,benzinga.com,English,United States,2021-02-26 16:00:00+00:00,GME
https://www.marketwatch.com/story/gamestop-saga-illustrates-rising-noise-trader-risk-that-could-feed-market-volatility-warns-quantitative-analyst-11614365724,https://www.marketwatch.com/amp/story/gamestop-saga-illustrates-rising-noise-trader-risk-that-could-feed-market-volatility-warns-quantitative-analyst-11614365724,"GameStop saga illustrates rising  noise trader risk  that could feed market volatility , warns quantitative analyst",20210226T191500Z,https://images.mktw.net/im-304996/social,marketwatch.com,English,United States,2021-02-26 19:15:00+00:00,GME
https://www.investors.com/market-trend/stock-market-today/dow-jones-slips-democrats-pass-stimulus-bill-nancy-pelosi-minimum-wage-hike-necessary-apple-stock-rebounds-microsoft-stock-bitcoin/,,Dow Slips As Dems Move To Pass Stimulus Bill ; Pelosi Says This Is  Necessary ; Apple Rebounds,20210226T201500Z,https://www.investors.com/wp-content/uploads/2021/02/SMT-nancypelosi-03-news.jpg,investors.com,English,United States,2021-02-26 20:15:00+00:00,GME
https://theconversation.com/gamestop-wallstreetbets-trader-army-is-back-for-a-second-share-rally-heres-how-to-make-sense-of-it-156083,https://theconversation.com/amp/gamestop-wallstreetbets-trader-army-is-back-for-a-second-share-rally-heres-how-to-make-sense-of-it-156083,GameStop : WallStreetBets trader army is back for a second share rally – here how to make sense of it,20210226T201500Z,https://images.theconversation.com/files/386711/original/file-20210226-23-1nrmia9.jpg?ixlib=rb-1.1.0&rect=106%2C144%2C4956%2C2474&q=45&auto=format&fit=crop,theconversation.com,English,Australia,2021-02-26 20:15:00+00:00,GME
https://investorplace.com/2021/02/how-ryan-cohen-and-reddit-could-send-gme-stock-to-500/,https://investorplace.com/2021/02/how-ryan-cohen-and-reddit-could-send-gme-stock-to-500/amp/,"Redditors , Here How to Help Ryan Cohen Send GME Stock to $500",20210226T204500Z,https://investorplace.com/wp-content/uploads/2021/02/gamestop-reddit-bubble.jpg,investorplace.com,English,United States,2021-02-26 20:45:00+00:00,GME
https://www.marketwatch.com/articles/gamestop-stock-surge-retail-investors-shorts-51614375459,,GameStop Stock Surged Again This Week . Why Analysts Dont Think It Will Last . ,20210226T220000Z,https://images.barrons.com/im-304826/social,marketwatch.com,English,United States,2021-02-26 22:00:00+00:00,GME
https://www.investors.com/market-trend/stock-market-today/dow-jones-dips-nasdaq-rallies-tech-stocks-rebound-house-votes-stimulus-bill/,,"Dow Jones Dips , Nasdaq Rallies As Tech Stocks Rebound ; House To Vote On Stimulus Bill",20210226T220000Z,https://www.investors.com/wp-content/uploads/2021/02/SMT-nancypelosi-04-news.jpg,investors.com,English,United States,2021-02-26 22:00:00+00:00,GME
https://investorplace.com/2021/02/what-did-the-stock-market-do-today-3-stories-nfts-gme-stock-ocgn-fsr-abnb/,https://investorplace.com/2021/02/what-did-the-stock-market-do-today-3-stories-nfts-gme-stock-ocgn-fsr-abnb/amp/,What Did the Stock Market Do Today ? 3 Big Stories to Catch Up On . ,20210226T221500Z,https://investorplace.com/wp-content/uploads/2019/07/wall-street-sign-american-flags.jpg,investorplace.com,English,United States,2021-02-26 22:15:00+00:00,GME
https://www.marketwatch.com/articles/the-best-online-brokers-for-2021-the-rise-of-the-individual-investor-and-fintech-apps-51614378865,,The Best Online Brokers for 2021 : The Rise of the Individual Investor and Fintech Apps,20210226T230000Z,https://images.barrons.com/im-304931/social,marketwatch.com,English,United States,2021-02-26 23:00:00+00:00,GME
https://www.gobankingrates.com/investing/stocks/notorious-gme-gamestop-track-200-gain-week/,,Notorious GME : GameStop on Track for 200 % Gain this Week,20210226T234500Z,https://cdn.gobankingrates.com/wp-content/uploads/2016/12/45-GameStop-Emilio100-shutterstock_289140854-1024x576.jpg,gobankingrates.com,English,United States,2021-02-26 23:45:00+00:00,GME
https://www.itechpost.com/articles/104868/20210227/elon-musk-reacts-gme-stock-meme-indicating-danger-dow-nasdaq.htm,http://www.itechpost.com/amp/articles/104868/20210227/elon-musk-reacts-gme-stock-meme-indicating-danger-dow-nasdaq.htm,"Elon Musk Reacts to $GME Stock Meme Indicating Danger for DOW , NASDAQ and S & P : Is the Frenzy Over ? ",20210227T073000Z,https://1401700980.rsc.cdn77.org/data/images/full/98759/elon-musk.jpg,itechpost.com,English,United States,2021-02-27 07:30:00+00:00,GME
https://www.fool.com/investing/2021/02/27/ignore-gamestop-amc-growth-stocks-poised-to-double/,https://www.fool.com/amp/investing/2021/02/27/ignore-gamestop-amc-growth-stocks-poised-to-double/,Ignore GameStop and AMC : These Growth Stocks Are Poised to Double,20210227T131500Z,https://g.foolcdn.com/editorial/images/615139/stack-of-one-hundred-dollar-bills-cash-money-stimulus-invest-retire-getty.jpg,fool.com,English,United States,2021-02-27 13:15:00+00:00,GME
https://www.gizmodo.com.au/2021/02/bots-reportedly-helped-fuel-gamestonks-hype-on-facebook-twitter-and-other-platforms/,https://www.gizmodo.com.au/2021/02/bots-reportedly-helped-fuel-gamestonks-hype-on-facebook-twitter-and-other-platforms/amp/,"Bots Reportedly Helped Fuel GameStonks Hype on Facebook , Twitter , and Other Platforms",20210228T034500Z,https://imgix.gizmodo.com.au/content/uploads/sites/2/2021/02/28/c46bzveyhtx9odbg2ubm-scaled.jpg?ar=16%3A9&auto=format&fit=crop&q=65,gizmodo.com.au,English,Australia,2021-02-28 03:45:00+00:00,GME
https://www.fool.com/investing/2021/02/28/5-of-the-most-dangerous-robinhood-stocks/?source=iedfolrf0000001,https://www.fool.com/amp/investing/2021/02/28/5-of-the-most-dangerous-robinhood-stocks/,5 of the Most Dangerous Robinhood Stocks,20210228T120000Z,https://g.foolcdn.com/editorial/images/615166/value-trap-mouse-trap-hand-with-money-getty.jpg,fool.com,English,United States,2021-02-28 12:00:00+00:00,GME
https://www.fool.com/investing/2021/02/28/5-of-the-most-dangerous-robinhood-stocks/,https://www.fool.com/amp/investing/2021/02/28/5-of-the-most-dangerous-robinhood-stocks/,5 of the Most Dangerous Robinhood Stocks,20210228T121500Z,https://g.foolcdn.com/editorial/images/615166/value-trap-mouse-trap-hand-with-money-getty.jpg,fool.com,English,United States,2021-02-28 12:15:00+00:00,GME
https://finance.yahoo.com/news/redditors-ryan-cohen-needs-help-183202679.html,https://finance.yahoo.com/amphtml/news/redditors-ryan-cohen-needs-help-183202679.html,"Redditors , Ryan Cohen Needs Your Help to Send GME Stock Back to $500",20210228T150000Z,https://s.yimg.com/uu/api/res/1.2/9vi5I5yUdGZ041iAoqE.zA--~B/aD00MDA7dz03Mjg7YXBwaWQ9eXRhY2h5b24-/https://media.zenfs.com/en/investorplace_417/a244a782f409df0bd85d3dc894623bd5,finance.yahoo.com,English,United States,2021-02-28 15:00:00+00:00,GME
https://www.benzinga.com/analyst-ratings/analyst-color/21/02/19880222/when-you-buy-a-stock-heres-how-much-cash-the-company-actually-receives,https://amp.benzinga.com/amp/content/19880222,"Gamestop Corporation ( NYSE : GME ), ( AMC ) - When You Buy A Stock , Here How Much Cash The Company Actually Receives",20210228T184500Z,,benzinga.com,English,United States,2021-02-28 18:45:00+00:00,GME
https://www.cnn.com/2021/02/24/investing/gamestop-shares-climbing-again/,https://amp.cnn.com/cnn/2021/02/24/investing/gamestop-shares-climbing-again/index.html,GameStop stock is surging again : Shares close up more than 100 % ,20210228T224500Z,https://cdn.cnn.com/cnnnext/dam/assets/210129151517-gamestop-sign-0127-super-tease.jpg,cnn.com,English,United States,2021-02-28 22:45:00+00:00,GME
https://www.marketwatch.com/story/reddit-ceo-wallstreetbets-exposed-a-gap-between-financial-insiders-and-outsiders-11614558726,https://www.marketwatch.com/amp/story/reddit-ceo-wallstreetbets-exposed-a-gap-between-financial-insiders-and-outsiders-11614558726,Reddit CEO : WallStreetBets  exposed a gap  between financial insiders and outsiders,20210301T013000Z,https://images.mktw.net/im-305465/social,marketwatch.com,English,United States,2021-03-01 01:30:00+00:00,GME
https://www.benzinga.com/news/21/03/19904554/gamestop-dogecoin-rallies-fueled-by-social-media-bots-cybersecurity-firm,https://amp.benzinga.com/amp/content/19904554,"Gamestop Corporation ( NYSE : GME ), ( AMC ) - GameStop , Dogecoin Rallies Fueled By Social Media Bots : Cybersecurity Firm",20210301T070000Z,,benzinga.com,English,United States,2021-03-01 07:00:00+00:00,GME
https://www.ibtimes.co.uk/bots-hyped-gamestop-stock-social-media-cybersecurity-firm-reveals-1688239,https://amp.ibtimes.co.uk/bots-hyped-gamestop-stock-social-media-cybersecurity-firm-reveals-1688239,"Bots hyped GameStop stock on social media , cybersecurity firm reveals",20210301T071500Z,https://d.ibtimes.co.uk/en/full/1688412/gamestop.jpg,ibtimes.co.uk,English,United Kingdom,2021-03-01 07:15:00+00:00,GME
https://www.kotaku.com.au/2021/03/bots-reportedly-helped-fuel-gamestonks-hype-on-facebook-twitter-and-other-platforms/,https://www.kotaku.com.au/2021/03/bots-reportedly-helped-fuel-gamestonks-hype-on-facebook-twitter-and-other-platforms/amp/,"Bots Reportedly Helped Fuel GameStonks Hype on Facebook , Twitter , and Other Platforms",20210301T093000Z,https://imgix.kotaku.com.au/content/uploads/sites/3/2021/03/01/c46bzveyhtx9odbg2ubm-scaled-1.jpg?ar=16%3A9&auto=format&fit=crop&q=65,kotaku.com.au,English,Australia,2021-03-01 09:30:00+00:00,GME
https://www.fool.com/investing/2021/03/01/the-top-50-robinhood-stocks-in-march/,https://www.fool.com/amp/investing/2021/03/01/the-top-50-robinhood-stocks-in-march/,The Top 50 Robinhood Stocks in March,20210301T114500Z,https://g.foolcdn.com/editorial/images/615432/investor-stock-quote-trading-smartphone-laptop-robinhood-invest-getty.jpg,fool.com,English,United States,2021-03-01 11:45:00+00:00,GME
https://www.marketwatch.com/story/gamestop-and-amc-entertainment-shares-active-again-premarket-2021-03-01,https://www.marketwatch.com/amp/story/gamestop-and-amc-entertainment-shares-active-again-premarket-2021-03-01,GameStop and AMC Entertainment shares active again premarket,20210301T124500Z,https://s.wsj.net/public/resources/MWimages/MW-GP644_MicroS_ZG_20180906154215.jpg,marketwatch.com,English,United States,2021-03-01 12:45:00+00:00,GME
https://www.fool.ca/2021/03/01/stop-speculating-on-gamestop-nysegme-buy-these-undervalued-tsx-stocks-instead/,https://www.fool.ca/2021/03/01/stop-speculating-on-gamestop-nysegme-buy-these-undervalued-tsx-stocks-instead/amp/,Stop Speculating on GameStop ( NYSE : GME ): Buy These Undervalued TSX Stocks Instead,20210301T140000Z,https://yw553ftvhw1iqegz29fycoyw-wpengine.netdna-ssl.com/wp-content/uploads/2020/10/stock-data.jpg,fool.ca,English,Canada,2021-03-01 14:00:00+00:00,GME
https://investorplace.com/2021/03/what-will-the-stock-market-do-today-warren-buffett-bitcoin-nio-stock-doge-ccl-sos/,https://investorplace.com/2021/03/what-will-the-stock-market-do-today-warren-buffett-bitcoin-nio-stock-doge-ccl-sos/amp/,What Will the Stock Market Do Today ? 3 Big Stories to Watch . ,20210301T163000Z,https://investorplace.com/wp-content/uploads/2019/07/wall-street-sign-american-flags.jpg,investorplace.com,English,United States,2021-03-01 16:30:00+00:00,GME
https://www.newsweek.com/why-has-gamestop-stock-price-risen-again-1572881,https://www.newsweek.com/why-has-gamestop-stock-price-risen-again-1572881?amp=1,Why Has the GameStop Stock Price Risen Again ? ,20210301T180000Z,https://d.newsweek.com/en/full/1745353/gamestop.jpg,newsweek.com,English,United States,2021-03-01 18:00:00+00:00,GME
https://www.financialbuzz.com/gamestop-short-squeeze-pummels-short-sellers/,,Gamestop Short Squeeze Pummels Short Sellers | Gamestop Short Squeeze Pummels Short SellersFinancial Buzz,20210301T224500Z,,financialbuzz.com,English,United States,2021-03-01 22:45:00+00:00,GME
https://www.fool.com/investing/2021/03/01/why-fubotv-stock-closed-99-higher-on-monday/?source=iedfolrf0000001,https://www.fool.com/amp/investing/2021/03/01/why-fubotv-stock-closed-99-higher-on-monday/,Why fuboTV Stock Closed 9 . 9 % Higher on Monday,20210301T230000Z,https://g.foolcdn.com/editorial/images/616055/stock-market-dice.jpg,fool.com,English,United States,2021-03-01 23:00:00+00:00,GME
https://www.standardmedia.co.ke/business/article/2001405053/lessons-from-price-fluctuations,https://www.standardmedia.co.ke/amp/business/article/2001405053/lessons-from-price-fluctuations,Lessons from Gamestop price fluctuations,20210302T014500Z,https://cdn.standardmedia.co.ke/images/tuesday/lessons_from_price_f603d57da8972f.jpg,standardmedia.co.ke,English,Kenya,2021-03-02 01:45:00+00:00,GME
https://triblive.com/business/should-you-sell-short-favorites-on-wallstreetbets/,,Should you sell short favorites on Wallstreetbets ? ,20210302T020000Z,https://triblive.com/wp-content/uploads/2021/03/3591944_web1_AP21056006640343.jpg,triblive.com,English,United States,2021-03-02 02:00:00+00:00,GME
https://www.fxstreet.com/news/gamestop-gme-stock-price-and-forecast-gme-rage-against-the-machines-202103011200,https://www.fxstreet.com/amp/news/gamestop-gme-stock-price-and-forecast-gme-rage-against-the-machines-202103011200,GameStop ( GME ) Stock Price and Forecast : 18 % rally falters after US FINRA cancels Roaring Kitty license,20210302T061500Z,,fxstreet.com,English,China,2021-03-02 06:15:00+00:00,GME
https://cleantechnica.com/2021/03/01/elon-musk-tweets-tesla-investors-listen/,https://cleantechnica.com/2021/03/01/elon-musk-tweets-tesla-investors-listen/amp/,"Elon Musk Tweets , Tesla Investors Listen On All Kinds Of Things",20210302T064500Z,https://cleantechnica.com/files/2020/10/Elon-Musk-VS-Business-and-managment-watermarked-3.jpg,cleantechnica.com,English,United States,2021-03-02 06:45:00+00:00,GME
https://www.fool.com/investing/2021/02/27/ignore-gamestop-amc-growth-stocks-poised-to-double/?source=iedfolrf0000001,https://www.fool.com/amp/investing/2021/02/27/ignore-gamestop-amc-growth-stocks-poised-to-double/,Ignore GameStop and AMC : These Growth Stocks Are Poised to Double,20210302T074500Z,https://g.foolcdn.com/editorial/images/615139/stack-of-one-hundred-dollar-bills-cash-money-stimulus-invest-retire-getty.jpg,fool.com,English,United States,2021-03-02 07:45:00+00:00,GME
https://thenextweb.com/hardfork/2021/03/02/gamestop-stock-surge-calmed-down-why-investors-buying-shares-again-syndication/,https://thenextweb.com/hardfork/2021/03/02/gamestop-stock-surge-calmed-down-why-investors-buying-shares-again-syndication/amp/,Why are investors buying GameStop shares again ? ,20210302T080000Z,https://cdn0.tnwcdn.com/wp-content/blogs.dir/1/files/2021/03/Wallstreetbets-hed.jpg,thenextweb.com,English,United States,2021-03-02 08:00:00+00:00,GME
https://www.theedgemarkets.com/article/pitfalls-pitch-calls-fads-versus-fundamentals,,Pitfalls & Pitch Calls : Fads versus fundamentals,20210302T081500Z,https://assets.theedgemarkets.com/Pitfalls-&-Pitch-Calls_20210224154147_theedgemarkets.jpg?3JPEQbWAa1hD8_3KUW9x.gJ3UDsONzqH,theedgemarkets.com,English,Malaysia,2021-03-02 08:15:00+00:00,GME
https://brownpoliticalreview.org/2021/03/to-the-moon-and-the-media/,,To the Moon and the Media - Brown Political Review,20210302T151500Z,https://brownpoliticalreview.org/wp-content/uploads/2021/03/AdobeStock_295404730_Editorial_Use_Only-scaled.jpeg,brownpoliticalreview.org,English,United States,2021-03-02 15:15:00+00:00,GME
https://www.fool.com/investing/2021/03/02/3-reasons-to-avoid-gamestop-stock/,https://www.fool.com/amp/investing/2021/03/02/3-reasons-to-avoid-gamestop-stock/,3 Reasons to Avoid GameStop Stock | The Motley Fool,20210302T153000Z,https://g.foolcdn.com/editorial/images/615635/gettyimages-157305426.jpg,fool.com,English,United States,2021-03-02 15:30:00+00:00,GME
https://www.wealthdaily.com/articles/a-march-ipo-for-robinhood-/98530,https://www.wealthdaily.com/amp/articles/a-march-ipo-for-robinhood-/98530,A March IPO for Robinhood ? ,20210302T203000Z,https://assets.angelpub.com/images/2019/39/wd-site-ipo-58460.jpeg,wealthdaily.com,English,United States,2021-03-02 20:30:00+00:00,GME
https://www.fool.com.au/2021/03/03/billionaire-hamish-douglass-says-that-rising-interest-rates-could-cause-a-share-market-crash/,https://www.fool.com.au/2021/03/03/billionaire-hamish-douglass-says-that-rising-interest-rates-could-cause-a-share-market-crash/amp/,Billionaire Hamish Douglass says that rising interest rates could cause a share market crash,20210302T210000Z,https://www.fool.com.au/wp-content/uploads/2017/04/Global-Investing-Currencies-16.9.jpg,fool.com.au,English,Australia,2021-03-02 21:00:00+00:00,GME
https://www.benzinga.com/news/21/03/19947854/roaring-kitty-keith-gill-no-longer-has-financial-broker-license-report,https://amp.benzinga.com/amp/content/19947854,Gamestop Corporation ( NYSE : GME ) -  Roaring Kitty  Keith Gill No Longer Has Financial Broker License : Report,20210302T213000Z,,benzinga.com,English,United States,2021-03-02 21:30:00+00:00,GME
https://www.marketwatch.com/articles/rocket-companies-is-the-latest-short-squeeze-target-its-stock-rose-71-today-51614727103,,Rocket Companies Is the Latest Short Squeeze Target . Its Stock Rose 71 % Today . ,20210302T234500Z,https://images.barrons.com/im-306245/social,marketwatch.com,English,United States,2021-03-02 23:45:00+00:00,GME
https://www.reuters.com/article/us-retail-trading-rocket-companies/rocket-shares-soar-more-than-70-as-analysts-eye-gamestop-esque-short-squeeze-idUSKCN2AU2F8,https://mobile.reuters.com/article/amp/idUSKCN2AU2F8,Rocket shares soar more than 70 % as analysts eye  GameStop - esque  short squeeze,20210302T234500Z,https://static.reuters.com/resources/r/?m=02&d=20210302&t=2&i=1553498024&r=LYNXNPEH211DC,reuters.com,English,United States,2021-03-02 23:45:00+00:00,GME
https://www.reuters.com/article/businessNews/idUSKCN2AU2F8,https://mobile.reuters.com/article/amp/idUSKCN2AU2F8,Rocket shares soar more than 70 % as analysts eye  GameStop - esque  short squeeze,20210303T000000Z,https://static.reuters.com/resources/r/?m=02&d=20210302&t=2&i=1553498024&r=LYNXNPEH211DC,reuters.com,English,United States,2021-03-03 00:00:00+00:00,GME
https://safehaven.com/investing/stocks/Are-Bots-Responsible-For-GameStops-Massive-Runup.html,,Are Bots Responsible For GameStop Massive Runup ? ,20210303T011500Z,https://d2t794khe5w43b.cloudfront.net/article/718x300/44ba036d947705fdfc726d070800df16.jpg,safehaven.com,English,United States,2021-03-03 01:15:00+00:00,GME
https://investorplace.com/2021/03/what-did-the-stock-market-do-today-3-big-stories-portnoy-buzz-etf-cannabis-stocks-nio-stock/,https://investorplace.com/2021/03/what-did-the-stock-market-do-today-3-big-stories-portnoy-buzz-etf-cannabis-stocks-nio-stock/amp/,What Did the Stock Market Do Today ? 3 Big Stories to Catch Up On . ,20210303T011500Z,https://investorplace.com/wp-content/uploads/2019/07/wall-street-sign-american-flags.jpg,investorplace.com,English,United States,2021-03-03 01:15:00+00:00,GME
https://www.fool.com/investing/2021/03/02/heres-why-rocket-companies-stock-skyrocketed-today/,https://www.fool.com/amp/investing/2021/03/02/heres-why-rocket-companies-stock-skyrocketed-today/,Here Why Rocket Companies Stock Skyrocketed Today,20210303T023000Z,https://g.foolcdn.com/editorial/images/616293/growth-gettyimages-1135598290.jpg,fool.com,English,United States,2021-03-03 02:30:00+00:00,GME
https://www.msn.com/en-us/money/topstocks/what-did-the-stock-market-do-today-3-big-stories-to-catch-up-on/ar-BB1ea6pC,,What Did the Stock Market Do Today ? 3 Big Stories to Catch Up On . ,20210303T024500Z,,msn.com,English,United States,2021-03-03 02:45:00+00:00,GME
https://www.fool.com/investing/2021/03/02/is-rocket-the-stock-markets-next-gamestop/?source=iedfolrf0000001,https://www.fool.com/amp/investing/2021/03/02/is-rocket-the-stock-markets-next-gamestop/,Is Rocket the Stock Market Next GameStop ? ,20210303T033000Z,https://g.foolcdn.com/editorial/images/616292/rocket-gettyimages-1188954554.jpg,fool.com,English,United States,2021-03-03 03:30:00+00:00,GME
https://www.fool.com/investing/2021/03/02/heres-why-rocket-companies-stock-skyrocketed-today/?source=iedfolrf0000001,https://www.fool.com/amp/investing/2021/03/02/heres-why-rocket-companies-stock-skyrocketed-today/,Here Why Rocket Companies Stock Skyrocketed Today,20210303T033000Z,https://g.foolcdn.com/editorial/images/616293/growth-gettyimages-1135598290.jpg,fool.com,English,United States,2021-03-03 03:30:00+00:00,GME
https://www.fool.com/investing/2021/03/03/5-popular-stocks-to-avoid-like-the-plague-in-march/?source=iedfolrf0000001,https://www.fool.com/amp/investing/2021/03/03/5-popular-stocks-to-avoid-like-the-plague-in-march/,5 Popular Stocks to Avoid Like the Plague in March,20210303T131500Z,https://g.foolcdn.com/editorial/images/615860/burn-money-dividend-investment-loss-cash-getty.jpg,fool.com,English,United States,2021-03-03 13:15:00+00:00,GME
https://www.fool.ca/2021/03/03/gamestop-nysegme-why-the-meme-rose-again/,https://www.fool.ca/2021/03/03/gamestop-nysegme-why-the-meme-rose-again/amp/,Gamestop ( NYSE : GME ): Why the Meme Rose Again,20210303T183000Z,https://yw553ftvhw1iqegz29fycoyw-wpengine.netdna-ssl.com/wp-content/uploads/2020/10/worried-retirees.jpg,fool.ca,English,Canada,2021-03-03 18:30:00+00:00,GME
https://www.investors.com/research/options/ford-stock-sees-unusual-options-activity/,,Ford Stock Sees Unusual Options Activity | Investor Business Daily,20210303T194500Z,https://www.investors.com/wp-content/uploads/2017/09/stock-ford-01-shutter.jpg,investors.com,English,United States,2021-03-03 19:45:00+00:00,GME
https://www.benzinga.com/topic/whitney-tilson,,Whitney Tilson,20210303T204500Z,,benzinga.com,English,United States,2021-03-03 20:45:00+00:00,GME
https://investorplace.com/2021/03/reddit-isnt-done-with-rocket-mortgage-you-can-profit-as-prices-dip/,https://investorplace.com/2021/03/reddit-isnt-done-with-rocket-mortgage-you-can-profit-as-prices-dip/amp/,Reddit Isnt Done With RKT Stock . Here How to Profit While Prices Dip . ,20210304T023000Z,https://investorplace.com/wp-content/uploads/2020/08/rkt-stock.jpg,investorplace.com,English,United States,2021-03-04 02:30:00+00:00,GME
https://www.benzinga.com/news/21/03/20000924/wallstreetbets-eyes-tanger-factory-outlet-centers-as-a-short-squeeze-target,https://amp.benzinga.com/amp/content/20000924,"Tanger Factory Outlet Centers , Inc . ( NYSE : SKT ), Gamestop Corporation ( NYSE : GME ) - WallStreetBets Eyes Tanger Factory Outlet Centers As A Short Squeeze Target",20210304T053000Z,,benzinga.com,English,United States,2021-03-04 05:30:00+00:00,GME
https://www.fool.com/investing/2021/03/04/3-robinhood-stocks-could-plummet-69-wall-street/?source=iedfolrf0000001,https://www.fool.com/amp/investing/2021/03/04/3-robinhood-stocks-could-plummet-69-wall-street/,"3 Robinhood Stocks That Could Plummet 69 % ( or More ), According to Wall Street",20210304T111500Z,https://g.foolcdn.com/editorial/images/615884/man-worried-about-sinking-stock-market-chart-getty.jpg,fool.com,English,United States,2021-03-04 11:15:00+00:00,GME
https://www.fool.com/investing/2021/03/04/3-robinhood-stocks-could-plummet-69-wall-street/,https://www.fool.com/amp/investing/2021/03/04/3-robinhood-stocks-could-plummet-69-wall-street/,"3 Robinhood Stocks That Could Plummet 69 % ( or More ), According to Wall Street",20210304T121500Z,https://g.foolcdn.com/editorial/images/615884/man-worried-about-sinking-stock-market-chart-getty.jpg,fool.com,English,United States,2021-03-04 12:15:00+00:00,GME
https://mrtopstep.com/rkt-gamestop-amc-short-squeezes-what-other-stocks-are-the-reddit-wallstreetbets-traders-targeting/,https://mrtopstep.com/rkt-gamestop-amc-short-squeezes-what-other-stocks-are-the-reddit-wallstreetbets-traders-targeting/amp/,"RKT , GameStop , AMC Short Squeezes . What Other Stocks Are the Reddit WallStreetBets Traders Targeting ? ",20210304T160000Z,https://mrtopstep.com/wp-content/uploads/2021/03/220px-WallStreetBets.png,mrtopstep.com,English,United States,2021-03-04 16:00:00+00:00,GME
https://www.fool.com/investing/2021/03/04/here-is-wallstreetbets-new-short-squeeze-target/,https://www.fool.com/amp/investing/2021/03/04/here-is-wallstreetbets-new-short-squeeze-target/,Here is WallStreetBet New Short Squeeze Target,20210304T164500Z,https://g.foolcdn.com/editorial/images/616600/shopping-outlets.jpg,fool.com,English,United States,2021-03-04 16:45:00+00:00,GME
https://www.msn.com/en-us/money/topstocks/the-recent-rally-in-naked-brand-stock-was-never-built-to-last/ar-BB1eeGBS,,The Recent Rally in Naked Brand Stock Was Never Built to Last,20210304T181500Z,,msn.com,English,United States,2021-03-04 18:15:00+00:00,GME
https://investorplace.com/2021/03/skt-stock-tanger-factory-looks-to-ride-the-r-wallstreetbets-rocket-ship/,https://investorplace.com/2021/03/skt-stock-tanger-factory-looks-to-ride-the-r-wallstreetbets-rocket-ship/amp/,SKT Stock : Tanger Factory Looks to Ride the r / WallStreetBets Rocket Ship,20210304T201500Z,https://investorplace.com/wp-content/uploads/2019/07/SKT1600.jpg,investorplace.com,English,United States,2021-03-04 20:15:00+00:00,GME
https://www.marketwatch.com/articles/tanger-is-the-new-gamestop-as-its-shares-take-a-wild-ride-51614888107,,Tanger Is the New GameStop as Its Shares Take a Wild Ride,20210304T203000Z,https://images.barrons.com/im-307534/social,marketwatch.com,English,United States,2021-03-04 20:30:00+00:00,GME
https://investorplace.com/2021/03/what-did-the-stock-market-do-today-3-stories-stocks-down-powell-speech-skt-pltr-space-stocks/,https://investorplace.com/2021/03/what-did-the-stock-market-do-today-3-stories-stocks-down-powell-speech-skt-pltr-space-stocks/amp/,What Did the Stock Market Do Today ? 3 Big Stories to Catch Up On . ,20210305T004500Z,https://investorplace.com/wp-content/uploads/2019/07/wall-street-sign-american-flags.jpg,investorplace.com,English,United States,2021-03-05 00:45:00+00:00,GME
https://www.benzinga.com/analyst-ratings/analyst-color/21/03/20025120/gamestop-rally-thursday-likely-fueled-by-ryan-cohens-cryptic-tweet-analyst,https://amp.benzinga.com/amp/content/20025120,"Gamestop Corporation ( NYSE : GME ), ( CHWY ) - GameStop Rally Thursday Likely Fueled By Ryan Cohen Cryptic Tweet : Analyst",20210305T061500Z,,benzinga.com,English,United States,2021-03-05 06:15:00+00:00,GME
http://www.proactiveinvestors.co.uk/companies/news/943110/gamestop-jumps-on-picture-of-dog-943110.html,https://www.proactiveinvestors.co.uk/companies/amp/news/943110,GameStop Corp gallops higher on picture of dog,20210305T133000Z,https://www.proactiveinvestors.co.uk/thumbs/upload/News/Image/2021_03/1200z630_1614945234_2021-03-05-11-53-54_c86ee109779fae801a0f830f934c5188.jpg,proactiveinvestors.co.uk,English,United Kingdom,2021-03-05 13:30:00+00:00,GME
https://www.benzinga.com/news/21/03/20033499/reddit-ropes-in-former-snap-executive-drew-vollero-as-finance-chief-reuters,https://amp.benzinga.com/amp/content/20033499," ( AMC ), Gamestop Corporation ( NYSE : GME ) - Reddit Ropes In Former Snap Executive Drew Vollero As Finance Chief : Reuters",20210305T170000Z,,benzinga.com,English,United States,2021-03-05 17:00:00+00:00,GME
http://roarnews.co.uk/2021/the-gamestop-saga-how-reddit-and-independent-investors-shook-wall-street/,,The GameStop Saga : How Reddit and Independent Investors Shook Wall Street – Roar News,20210305T174500Z,http://roarnews.co.uk/wp-content/uploads/2021/03/TELEMMGLPICT000249651829_trans_NvBQzQNjv4Bqp9c5WVj0Jr0gvyuux5WeKI-QD44-voN49g7o0Fjx2T4.jpg,roarnews.co.uk,English,United Kingdom,2021-03-05 17:45:00+00:00,GME
https://www.marketwatch.com/story/gamestop-stock-heads-toward-10-billion-market-cap-with-35-weekly-gain-11614970829,https://www.marketwatch.com/amp/story/gamestop-stock-heads-toward-10-billion-market-cap-with-35-weekly-gain-11614970829,GameStop stock heads toward $10 billion market cap with 35 % weekly gain,20210305T193000Z,https://images.mktw.net/im-303901/social,marketwatch.com,English,United States,2021-03-05 19:30:00+00:00,GME
https://investorplace.com/2021/03/what-will-the-stock-market-do-today-3-big-stories-oil-stocks-opec-gme-reddit-ipo/,https://investorplace.com/2021/03/what-will-the-stock-market-do-today-3-big-stories-oil-stocks-opec-gme-reddit-ipo/amp/,What Will the Stock Market Do Today ? 3 Big Stories to Watch,20210305T194500Z,https://investorplace.com/wp-content/uploads/2019/07/wall-street-sign-american-flags.jpg,investorplace.com,English,United States,2021-03-05 19:45:00+00:00,GME
http://www.proactiveinvestors.com/companies/news/943110/gamestop-jumps-on-picture-of-dog-943110.html,https://www.proactiveinvestors.com/companies/amp/news/943110,GameStop Corp gallops higher on picture of dog,20210305T214500Z,https://www.proactiveinvestors.com/thumbs/upload/News/Image/2021_03/1200z630_1614945234_2021-03-05-11-53-54_c86ee109779fae801a0f830f934c5188.jpg,proactiveinvestors.com,English,United States,2021-03-05 21:45:00+00:00,GME
https://investorplace.com/2021/03/what-did-the-stock-market-do-today-3-big-stories-powell-sndl-spce-slgg-reddit-eyes-stock/,https://investorplace.com/2021/03/what-did-the-stock-market-do-today-3-big-stories-powell-sndl-spce-slgg-reddit-eyes-stock/amp/,What Did the Stock Market Do Today ? 3 Big Stories to Catch Up On . ,20210306T004500Z,https://investorplace.com/wp-content/uploads/2019/07/wall-street-sign-american-flags.jpg,investorplace.com,English,United States,2021-03-06 00:45:00+00:00,GME
https://www.capital.fr/entreprises-marches/gamestop-argent-quand-david-veut-ressembler-a-goliath-danger-1396070,https://www.capital.fr/entreprises-marches/gamestop-argent-quand-david-veut-ressembler-a-goliath-danger-1396070?amp,"Gamestop , argent ... quand David veut ressembler à Goliath , danger ! ",20210306T070000Z,https://cap.img.pmdstatic.net/fit/https.3A.2F.2Fi.2Epmdstatic.2Enet.2Fcap.2F2021.2F03.2F05.2F729dfd56-f016-413b-b64e-36c5eea4444f.2Ejpeg/1200x630/background-color/ffffff/focus-point/2438%2C1966/quality/70/cr/wqkgU3RlcGhlbiBaZW5uZXIvU09QQSBJbWFnZXMvTGlnaHRSb2NrZXQgdmlhIEdldHR5IEltYWdlcyAvIENBUElUQUw%3D/gamestop-argent-quand-david-veut-ressembler-a-goliath-danger-1396070.jpg,capital.fr,French,France,2021-03-06 07:00:00+00:00,GME
https://www.fool.com/investing/2021/03/06/5-stocks-turned-100000-into-3-million-in-1-year/,https://www.fool.com/amp/investing/2021/03/06/5-stocks-turned-100000-into-3-million-in-1-year/,"5 Stocks That Turned $100 , 000 Into $3 Million ( or More ) in 1 Year",20210306T131500Z,https://g.foolcdn.com/editorial/images/616344/stack-of-one-hundred-dollar-bills-cash-money-stimulus-invest-retire-getty.jpg,fool.com,English,United States,2021-03-06 13:15:00+00:00,GME
https://www.telegraph.co.uk/technology/2021/03/06/critics-warn-bubble-celebrities-cash-art-doesnt-exist/,https://www.telegraph.co.uk/technology/2021/03/06/critics-warn-bubble-celebrities-cash-art-doesnt-exist/amp/,Critics warn of bubble as celebrities cash in on art that doesnt exist,20210306T160000Z,,telegraph.co.uk,English,United Kingdom,2021-03-06 16:00:00+00:00,GME
https://www.fool.com/investing/2021/03/07/forget-gamestop-amc-sundial-best-stocks-to-buy-now/,https://www.fool.com/amp/investing/2021/03/07/forget-gamestop-amc-sundial-best-stocks-to-buy-now/,"Forget GameStop , AMC , and Sundial : These Are the Best Stocks to Buy Right Now",20210307T160000Z,https://g.foolcdn.com/editorial/images/616311/hourglass-coins-cash-bills-money-invest-rich-retirement-compound-getty.jpg,fool.com,English,United States,2021-03-07 16:00:00+00:00,GME
https://www.fool.com/investing/2021/03/07/why-canopy-growth-fell-181-in-february/,https://www.fool.com/amp/investing/2021/03/07/why-canopy-growth-fell-181-in-february/,Why Canopy Growth Fell 18 . 1 % in February,20210307T163000Z,https://g.foolcdn.com/editorial/images/616962/gettyimages-581032243.jpg,fool.com,English,United States,2021-03-07 16:30:00+00:00,GME
https://www.fool.com/investing/2021/03/07/why-canopy-growth-fell-181-in-february/?source=iedfolrf0000001,https://www.fool.com/amp/investing/2021/03/07/why-canopy-growth-fell-181-in-february/,Why Canopy Growth Fell 18 . 1 % in February,20210307T174500Z,https://g.foolcdn.com/editorial/images/616962/gettyimages-581032243.jpg,fool.com,English,United States,2021-03-07 17:45:00+00:00,GME
https://www.fool.com/investing/2021/03/07/forget-gamestop-amc-sundial-best-stocks-to-buy-now/?source=iedfolrf0000001,https://www.fool.com/amp/investing/2021/03/07/forget-gamestop-amc-sundial-best-stocks-to-buy-now/,"Forget GameStop , AMC , and Sundial : These Are the Best Stocks to Buy Right Now",20210307T174500Z,https://g.foolcdn.com/editorial/images/616311/hourglass-coins-cash-bills-money-invest-rich-retirement-compound-getty.jpg,fool.com,English,United States,2021-03-07 17:45:00+00:00,GME
https://www.fool.com/investing/2021/03/08/4-robinhoods-top-10-stocks-could-lose-50-or-more/,https://www.fool.com/amp/investing/2021/03/08/4-robinhoods-top-10-stocks-could-lose-50-or-more/,4 of Robinhood Top 10 Stocks Could Lose 50 % ( or More ) ,20210308T114500Z,https://g.foolcdn.com/editorial/images/616748/smartphone-invest-robinhood-stock-market-trade-profit-loss-getty.jpg,fool.com,English,United States,2021-03-08 11:45:00+00:00,GME
https://www.fool.com/investing/2021/03/08/4-robinhoods-top-10-stocks-could-lose-50-or-more/?source=iedfolrf0000001,https://www.fool.com/amp/investing/2021/03/08/4-robinhoods-top-10-stocks-could-lose-50-or-more/,4 of Robinhood Top 10 Stocks Could Lose 50 % ( or More ) ,20210308T123000Z,https://g.foolcdn.com/editorial/images/616748/smartphone-invest-robinhood-stock-market-trade-profit-loss-getty.jpg,fool.com,English,United States,2021-03-08 12:30:00+00:00,GME
https://www.marketwatch.com/story/gamestop-stock-surges-after-tapping-chewy-co-founder-ryan-cohen-to-chair-new-strategy-committee-2021-03-08,https://www.marketwatch.com/amp/story/gamestop-stock-surges-after-tapping-chewy-co-founder-ryan-cohen-to-chair-new-strategy-committee-2021-03-08,GameStop stock surges after tapping Chewy co - founder Ryan Cohen to chair new strategy committee,20210308T134500Z,https://s.wsj.net/public/resources/MWimages/MW-GP644_MicroS_ZG_20180906154215.jpg,marketwatch.com,English,United States,2021-03-08 13:45:00+00:00,GME
http://www.proactiveinvestors.co.uk/companies/news/943258/gamestop-surges-as-it-taps-major-shareholder-to-head-transition-committee-943258.html,https://www.proactiveinvestors.co.uk/companies/amp/news/943258,GameStop Corp surges as it taps major shareholder to head transition committee,20210308T160000Z,https://www.proactiveinvestors.co.uk/thumbs/upload/News/Image/2021_03/1200z630_1615218074_2021-03-08-15-41-14_c80aa2e3ccd9f3b306d1fbfaa3f7d5b9.jpg,proactiveinvestors.co.uk,English,United Kingdom,2021-03-08 16:00:00+00:00,GME
https://www.benzinga.com/fintech/21/03/20000821/fintech-spotlight-how-docoh-is-empowering-the-next-generation-of-retail-investors,https://amp.benzinga.com/amp/content/20000821,Fintech Spotlight : How Docoh Is Empowering The Next Generation Of Retail Investors,20210308T160000Z,,benzinga.com,English,United States,2021-03-08 16:00:00+00:00,GME
http://www.proactiveinvestors.com/companies/news/943258/gamestop-surges-as-it-taps-major-shareholder-to-head-transition-committee-943258.html,https://www.proactiveinvestors.com/companies/amp/news/943258,GameStop Corp surges as it taps major shareholder to head transition committee,20210308T160000Z,https://www.proactiveinvestors.com/thumbs/upload/News/Image/2021_03/1200z630_1615218074_2021-03-08-15-41-14_c80aa2e3ccd9f3b306d1fbfaa3f7d5b9.jpg,proactiveinvestors.com,English,United States,2021-03-08 16:00:00+00:00,GME
https://www.fool.com/investing/2021/03/08/why-gamestop-shares-jumped-monday/,https://www.fool.com/amp/investing/2021/03/08/why-gamestop-shares-jumped-monday/,Why GameStop Shares Jumped Monday | The Motley Fool,20210308T183000Z,https://g.foolcdn.com/editorial/images/617056/stockrising.jpg,fool.com,English,United States,2021-03-08 18:30:00+00:00,GME
https://investorplace.com/2021/03/gme-stock-ryan-cohen-aims-for-the-moon-with-new-gamestop-committee/,https://investorplace.com/2021/03/gme-stock-ryan-cohen-aims-for-the-moon-with-new-gamestop-committee/amp/,GME Stock : Cohen Aims for the Moon With New GameStop Committee,20210308T184500Z,https://investorplace.com/wp-content/uploads/2021/02/gamestop-reddit-bubble.jpg,investorplace.com,English,United States,2021-03-08 18:45:00+00:00,GME
https://www.fool.com/investing/2021/03/08/why-gamestop-shares-jumped-monday/?source=iedfolrf0000001,https://www.fool.com/amp/investing/2021/03/08/why-gamestop-shares-jumped-monday/,Why GameStop Shares Jumped Monday | The Motley Fool,20210308T193000Z,https://g.foolcdn.com/editorial/images/617056/stockrising.jpg,fool.com,English,United States,2021-03-08 19:30:00+00:00,GME
https://www.metro.us/gamestop-jumps-more-than/,https://www.metro.us/gamestop-jumps-more-than/amp/,"GameStop jumps more than 40 %, other  meme stock rally on stimulus hopes",20210308T234500Z,https://www.metro.us/wp-content/uploads/Reuters_Direct_Media/USOnlineReportBusinessNews/tagreuters.com2021binary_LYNXMPEH271CM-BASEIMAGE.jpg,metro.us,English,United States,2021-03-08 23:45:00+00:00,GME
https://www.reuters.com/article/us-gamestop-activist/gamestop-jumps-more-than-40-other-meme-stocks-rally-on-stimulus-hopes-idUSKBN2B019T,https://mobile.reuters.com/article/amp/idUSKBN2B019T,"GameStop jumps more than 40 %, other  meme stock rally on stimulus hopes",20210308T234500Z,https://static.reuters.com/resources/r/?m=02&d=20210308&t=2&i=1554177861&r=LYNXMPEH271CM,reuters.com,English,United States,2021-03-08 23:45:00+00:00,GME
https://investorplace.com/2021/03/what-did-the-stock-market-do-today-3-big-stories-reddit-stocks-cdc-guidance-ev-stocks-gme/,https://investorplace.com/2021/03/what-did-the-stock-market-do-today-3-big-stories-reddit-stocks-cdc-guidance-ev-stocks-gme/amp/,What Did the Stock Market Do Today ? 3 Big Stories to Catch Up On . ,20210308T234500Z,https://investorplace.com/wp-content/uploads/2019/07/wall-street-sign-american-flags.jpg,investorplace.com,English,United States,2021-03-08 23:45:00+00:00,GME
https://www.reuters.com/article/BigStory12/idUSKBN2B019T,https://mobile.reuters.com/article/amp/idUSKBN2B019T,"GameStop jumps more than 40 %, other  meme stock rally on stimulus hopes",20210309T000000Z,https://static.reuters.com/resources/r/?m=02&d=20210308&t=2&i=1554177861&r=LYNXMPEH271CM,reuters.com,English,United States,2021-03-09 00:00:00+00:00,GME
https://isp.netscape.com/pf/story/0002/20210308/KBN2B019T_8,,"GameStop jumps more than 40 %, other  meme stock rally on stimulus hopes",20210309T003000Z,,isp.netscape.com,English,United States,2021-03-09 00:30:00+00:00,GME
https://www.reuters.com/article/gamestop-activist/update-1-gamestop-taps-shareholder-ryan-cohen-to-lead-e-commerce-shift-bloomberg-idUSL4N2L62VI,https://mobile.reuters.com/article/amp/idUSKBN2B019T,"GameStop jumps more than 40 %, other  meme stock rally on stimulus hopes",20210309T010000Z,https://static.reuters.com/resources/r/?m=02&d=20210308&t=2&i=1554177861&r=LYNXMPEH271CM,reuters.com,English,United States,2021-03-09 01:00:00+00:00,GME
https://investorplace.com/2021/03/reddit-stocks-why-r-wsb-faves-gme-amc-and-bb-are-gaining-today/,https://investorplace.com/2021/03/reddit-stocks-why-r-wsb-faves-gme-amc-and-bb-are-gaining-today/amp/,"Reddit Stocks : Why r / WSB Faves GME , AMC and BB Are Gaining Today",20210309T024500Z,https://investorplace.com/wp-content/uploads/2021/02/gamestop-reddit-bubble.jpg,investorplace.com,English,United States,2021-03-09 02:45:00+00:00,GME
https://financialpost.com/pmn/business-pmn/gamestop-jumps-more-than-40-other-meme-stocks-rally-on-stimulus-hopes,https://financialpost.com/pmn/business-pmn/gamestop-jumps-more-than-40-other-meme-stocks-rally-on-stimulus-hopes/wcm/ed2b4c4d-ee17-4f21-b6d7-84d5dfbc27dd/amp/,"GameStop jumps more than 40 %, other  meme stock rally on stimulus hopes",20210309T031500Z,,financialpost.com,English,Canada,2021-03-09 03:15:00+00:00,GME
https://economictimes.indiatimes.com/markets/stocks/news/gamestop-jumps-more-than-40-other-meme-stocks-rally-on-stimulus-hopes/articleshow/81403440.cms,https://m.economictimes.com/markets/stocks/news/gamestop-jumps-more-than-40-other-meme-stocks-rally-on-stimulus-hopes/amp_articleshow/81403440.cms,"GameStop jumps more than 40 %, other  meme stock rally on stimulus hopes",20210309T050000Z,"https://img.etimg.com/thumb/msid-81403432,width-1070,height-580,imgsize-19626,overlay-etmarkets/photo.jpg",economictimes.indiatimes.com,English,India,2021-03-09 05:00:00+00:00,GME
https://www.marketscreener.com/quote/stock/KOSS-CORPORATION-9831/news/GameStop-jumps-more-than-40-other-meme-stocks-rally-on-stimulus-hopes-32631041/,https://www.marketscreener.com/amp/quote/stock/KOSS-CORPORATION-9831/news/GameStop-jumps-more-than-40-other-meme-stocks-rally-on-stimulus-hopes-32631041/,"GameStop jumps more than 40 %, other  meme stock rally on stimulus hopes",20210309T054500Z,https://img.zonebourse.com/reuters/2021-03-09T001006Z_2_LYNXMPEH271CP_RTROPTP_3_GAMESTOP-ACTIVIST-STOCKS.JPG,marketscreener.com,English,,2021-03-09 05:45:00+00:00,GME
https://www.benzinga.com/news/21/03/20069403/discovery-stock-is-up-123-this-year-thanks-to-the-gamestop-amc-short-squeeze,https://amp.benzinga.com/amp/content/20069403,"Discovery Communications , Inc . ( NASDAQ : DISCA ), Gamestop Corporation ( NYSE : GME ) - Discovery Stock Is Up 123 % This Year Thanks To The GameStop , AMC Short Squeeze",20210309T061500Z,,benzinga.com,English,United States,2021-03-09 06:15:00+00:00,GME
https://www.marketwatch.com/story/gamestop-rallies-another-15-premarket-as-amc-blackberry-koss-and-naked-group-also-gain-2021-03-09,https://www.marketwatch.com/amp/story/gamestop-rallies-another-15-premarket-as-amc-blackberry-koss-and-naked-group-also-gain-2021-03-09,"GameStop rallies another 15 % premarket , as AMC , BlackBerry , Koss and Naked Group also gain",20210309T121500Z,https://s.wsj.net/public/resources/MWimages/MW-GP644_MicroS_ZG_20180906154215.jpg,marketwatch.com,English,United States,2021-03-09 12:15:00+00:00,GME
https://www.forbes.com/sites/emilsayegh/2021/03/09/losing-touch-with-reality--a-gamestop-lesson/,https://www.forbes.com/sites/emilsayegh/2021/03/09/losing-touch-with-reality--a-gamestop-lesson/amp/,Losing Touch With Reality – A GameStop Lesson,20210309T163000Z,https://thumbor.forbes.com/thumbor/fit-in/1200x0/filters%3Aformat%28jpg%29/https%3A%2F%2Fspecials-images.forbesimg.com%2Fimageserve%2F6046a9b19796ecbf81340790%2F0x0.jpg,forbes.com,English,United States,2021-03-09 16:30:00+00:00,GME
https://www.marketwatch.com/articles/why-vanecks-new-meme-stocks-etf-might-not-be-reddit-worthy-51615308160,,Why VanEck New Meme Stocks ETF Might Not Be Reddit - Worthy,20210309T170000Z,https://images.barrons.com/im-309278/social,marketwatch.com,English,United States,2021-03-09 17:00:00+00:00,GME
https://www.fool.com/investing/2021/03/09/as-markets-soar-are-these-3-reddit-stocks-here-to/,https://www.fool.com/amp/investing/2021/03/09/as-markets-soar-are-these-3-reddit-stocks-here-to/,"As Markets Soar , Are These 3 Reddit Stocks Here to Stay ? ",20210309T180000Z,https://g.foolcdn.com/editorial/images/617281/movie-gettyimages-104187454.jpg,fool.com,English,United States,2021-03-09 18:00:00+00:00,GME
https://www.ibtimes.com/reddits-top-bet-gamestop-soars-almost-200-after-expected-funds-stimulus-checks-3159054,https://www.ibtimes.com/reddits-top-bet-gamestop-soars-almost-200-after-expected-funds-stimulus-checks-3159054?amp=1,Reddit Top Bet GameStop Soars To Almost $200 After Expected Funds From Stimulus Checks,20210309T181500Z,,ibtimes.com,English,United States,2021-03-09 18:15:00+00:00,GME
https://www.milenio.com/negocios/gamestop-dispara-40-expectativas-estimulos-eu,https://amp.milenio.com/negocios/gamestop-dispara-40-expectativas-estimulos-eu,GameStop se dispara más de 40 % ante expectativas de estímulos en EU,20210309T181500Z,https://www.milenio.com/uploads/media/2021/01/28/gamestop-tiendas-comprar-juegos-video.jpg,milenio.com,Spanish,Mexico,2021-03-09 18:15:00+00:00,GME
https://www.fool.com/investing/2021/03/09/as-markets-soar-are-these-3-reddit-stocks-here-to/?source=iedfolrf0000001,https://www.fool.com/amp/investing/2021/03/09/as-markets-soar-are-these-3-reddit-stocks-here-to/,"As Markets Soar , Are These 3 Reddit Stocks Here to Stay ? ",20210309T203000Z,https://g.foolcdn.com/editorial/images/617281/movie-gettyimages-104187454.jpg,fool.com,English,United States,2021-03-09 20:30:00+00:00,GME
https://www.investors.com/market-trend/stock-market-today/nasdaq-spikes-500-points-led-by-tesla-peloton/,,"Nasdaq Spikes 500 Points , Led By Tesla , Peloton , DocuSign ; 3 Bitcoin Stocks Score Bullish Gains",20210309T224500Z,https://www.investors.com/wp-content/uploads/2017/06/SMT_Nasdaq_061917.jpg,investors.com,English,United States,2021-03-09 22:45:00+00:00,GME
https://www.cnet.com/personal-finance/gamestop-stock-keeps-moving-up-tuesday/,https://www.cnet.com/google-amp/news/gamestop-stock-keeps-moving-up-tuesday/,GameStop stock keeps moving up Tuesday,20210309T230000Z,https://cnet4.cbsistatic.com/img/Kgkc3dLTbnSsLReEuWczNnIyg4g=/1200x630/2021/02/24/2a64c4c6-3d92-4ee4-bab3-91796757f012/gettyimages-1230960037.jpg,cnet.com,English,Japan,2021-03-09 23:00:00+00:00,GME
https://www.fool.ca/2021/03/09/forget-gamestop-2-super-gaming-stocks-to-buy-instead/,https://www.fool.ca/2021/03/09/forget-gamestop-2-super-gaming-stocks-to-buy-instead/amp/,Forget GameStop : 2 Super Gaming Stocks to Buy Instead,20210310T004500Z,,fool.ca,English,Canada,2021-03-10 00:45:00+00:00,GME
https://www.marketwatch.com/story/the-most-frequently-asked-questions-posed-by-robinhood-traders-reveal-new-type-of-uninformed-equity-market-participant-11615343610,https://www.marketwatch.com/amp/story/the-most-frequently-asked-questions-posed-by-robinhood-traders-reveal-new-type-of-uninformed-equity-market-participant-11615343610,The most frequently asked questions posed by Robinhood traders reveal  new type of uninformed equity - market participant  ,20210310T030000Z,https://images.mktw.net/im-309551/social,marketwatch.com,English,United States,2021-03-10 03:00:00+00:00,GME
https://www.benzinga.com/trading-ideas/long-ideas/21/03/20093401/which-stocks-are-wallstreetbets-users-talking-about-today,https://amp.benzinga.com/amp/content/20093401,"Apple ( AAPL ), AMC Entertainment Holdings ( AMC ), Walt Disney Company ( DIS ), Gamestop Corp . ( GME ), NIO ( NIO ), Rocket Companies , Inc . ( RKT ), S & P Dep Receipts ( SPY ), Tesla Motors ( TSLA ) - Which Stocks Are WallStreetBets Users Talking...",20210310T104500Z,,benzinga.com,English,United States,2021-03-10 10:45:00+00:00,GME
https://www.fool.com/investing/2021/03/10/the-10-most-short-sold-robinhood-stocks-in-march/?source=iedfolrf0000001,https://www.fool.com/amp/investing/2021/03/10/the-10-most-short-sold-robinhood-stocks-in-march/,The 10 Most Short - Sold Robinhood Stocks in March,20210310T121500Z,https://g.foolcdn.com/editorial/images/616964/businessman-thumbs-down-ceo-getty.jpg,fool.com,English,United States,2021-03-10 12:15:00+00:00,GME
https://www.fxstreet.com/news/gme-stock-price-and-news-gamestop-corporation-the-sequel-on-traders-screens-everywhere-202103101050,https://www.fxstreet.com/amp/news/gme-stock-price-and-news-gamestop-corporation-the-sequel-on-traders-screens-everywhere-202103101050,"GME Stock Price and News : GameStop Corporation the sequel , on traders screens everywhere",20210310T123000Z,https://editorial.fxstreet.com/images/Markets/Equities/Exchange_iStock_000002664244_Medium_Large.jpg,fxstreet.com,English,China,2021-03-10 12:30:00+00:00,GME
https://www.fool.com/investing/2021/03/10/the-10-most-short-sold-robinhood-stocks-in-march/,https://www.fool.com/amp/investing/2021/03/10/the-10-most-short-sold-robinhood-stocks-in-march/,The 10 Most Short - Sold Robinhood Stocks in March,20210310T130000Z,https://g.foolcdn.com/editorial/images/616964/businessman-thumbs-down-ceo-getty.jpg,fool.com,English,United States,2021-03-10 13:00:00+00:00,GME
https://www.cnet.com/personal-finance/gamestop-shares-surpass-300-in-wednesday-trading/,https://www.cnet.com/google-amp/news/gamestop-shares-surpass-300-in-wednesday-trading/,GameStop shares surpass $300 in Wednesday trading,20210310T170000Z,https://cnet4.cbsistatic.com/img/Kgkc3dLTbnSsLReEuWczNnIyg4g=/1200x630/2021/02/24/2a64c4c6-3d92-4ee4-bab3-91796757f012/gettyimages-1230960037.jpg,cnet.com,English,Japan,2021-03-10 17:00:00+00:00,GME
https://www.investors.com/research/options/gme-stock-bear-call-spread/,,GME Stock Bear Call Spread | Investor Business Daily,20210310T170000Z,https://www.investors.com/wp-content/uploads/2021/02/Stock-gamestop-11-adobe.jpg,investors.com,English,United States,2021-03-10 17:00:00+00:00,GME
https://www.fool.com/investing/2021/03/10/why-gamestop-stock-continues-to-run-up/,https://www.fool.com/amp/investing/2021/03/10/why-gamestop-stock-continues-to-run-up/,Why GameStop Stock Continues to Run Up,20210310T180000Z,https://g.foolcdn.com/editorial/images/617428/videogameonline.jpg,fool.com,English,United States,2021-03-10 18:00:00+00:00,GME
https://www.fool.com/investing/2021/03/10/why-gamestop-stock-continues-to-run-up/?source=iedfolrf0000001,https://www.fool.com/amp/investing/2021/03/10/why-gamestop-stock-continues-to-run-up/,Why GameStop Stock Continues to Run Up,20210310T181500Z,https://g.foolcdn.com/editorial/images/617428/videogameonline.jpg,fool.com,English,United States,2021-03-10 18:15:00+00:00,GME
https://www.thestreet.com/investing/amc-entertainment-stock-earnings-preview-031021,https://www.thestreet.com/.amp/investing/amc-entertainment-stock-earnings-preview-031021,AMC Entertainment - How to Trade It After Earnings,20210310T184500Z,,thestreet.com,English,United States,2021-03-10 18:45:00+00:00,GME
https://www.reuters.com/article/us-usa-retail-trading-gamestop/gamestop-shares-see-wild-swings-other-meme-stocks-soar-idUSKBN2B211H,https://mobile.reuters.com/article/amp/idUSKBN2B211H,"GameStop shares see wild swings , other  meme stock soar",20210310T200000Z,https://static.reuters.com/resources/r/?m=02&d=20210310&t=2&i=1554400098&r=LYNXMPEH290M2,reuters.com,English,United States,2021-03-10 20:00:00+00:00,GME
https://www.benzinga.com/top-stories/21/03/20105803/gamestop-stock-takes-volatile-ride-after-5-session-winning-streak,https://amp.benzinga.com/amp/content/20105803,"Gamestop Corporation ( NYSE : GME ), ( AMC ) - GameStop Stock Takes Volatile Ride After 5 - Session Winning Streak",20210310T210000Z,,benzinga.com,English,United States,2021-03-10 21:00:00+00:00,GME
https://financialpost.com/pmn/business-pmn/gamestop-shares-see-wild-swings-other-meme-stocks-soar,https://financialpost.com/pmn/business-pmn/gamestop-shares-see-wild-swings-other-meme-stocks-soar/wcm/5adae782-fe61-4582-9b4c-9cd096a8a954/amp/,"GameStop shares see wild swings , other  meme stock soar",20210310T211500Z,,financialpost.com,English,Canada,2021-03-10 21:15:00+00:00,GME
https://www.business-standard.com/article/international/gamestop-shares-see-wild-swings-other-meme-stocks-soar-121031100085_1.html,https://wap.business-standard.com/article-amp/international/gamestop-shares-see-wild-swings-other-meme-stocks-soar-121031100085_1.html,"GameStop shares see wild swings , other  meme stock soar",20210310T223000Z,https://bsmedia.business-standard.com/_media/bs/img/article/2021-01/29/full/1611865663-6248.jpg,business-standard.com,English,India,2021-03-10 22:30:00+00:00,GME
https://www.dailymail.co.uk/news/article-9348031/GameStop-meme-stocks-shares-swing-sharply-reach-near-record-highs-dropping.html,https://www.dailymail.co.uk/news/article-9348031/amp/GameStop-meme-stocks-shares-swing-sharply-reach-near-record-highs-dropping.html,GameStop and other  meme stock shares swing sharply and reach near - record highs before dropping,20210310T230000Z,https://i.dailymail.co.uk/1s/2021/03/10/21/40313534-0-image-a-39_1615412103506.jpg,dailymail.co.uk,English,United Kingdom,2021-03-10 23:00:00+00:00,GME
https://leaderpost.com/pmn/business-pmn/gamestop-ends-up-7-3-after-wild-swings-other-meme-stocks-soar,https://leaderpost.com/pmn/business-pmn/gamestop-ends-up-7-3-after-wild-swings-other-meme-stocks-soar/wcm/525fb5cd-56e7-4c62-998c-eddeb89704e0/amp/,"GameStop ends up 7 . 3 % after wild swings , other  meme stock soar",20210310T231500Z,,leaderpost.com,English,Canada,2021-03-10 23:15:00+00:00,GME
https://www.reuters.com/article/us-usa-retail-trading-gamestop/gamestop-ends-up-7-3-after-wild-swings-other-meme-stocks-soar-idUSKBN2B211H,https://mobile.reuters.com/article/amp/idUSKBN2B211H,"GameStop ends up 7 . 3 % after wild swings , other  meme stock soar",20210310T233000Z,https://static.reuters.com/resources/r/?m=02&d=20210310&t=2&i=1554400098&r=LYNXMPEH290M2,reuters.com,English,United States,2021-03-10 23:30:00+00:00,GME
https://www.metro.us/gamestop-ends-up-7-3/,https://www.metro.us/gamestop-ends-up-7-3/amp/,"GameStop ends up 7 . 3 % after wild swings , other  meme stock soar",20210311T001500Z,https://www.metro.us/wp-content/uploads/Reuters_Direct_Media/USOnlineReportBusinessNews/tagreuters.com2021binary_LYNXMPEH290M2-BASEIMAGE.jpg,metro.us,English,United States,2021-03-11 00:15:00+00:00,GME
https://www.forbes.com/sites/georgecalhoun/2021/03/10/gamestop-the-second-surgeanatomy-of-a-gamma-swarm/,https://www.forbes.com/sites/georgecalhoun/2021/03/10/gamestop-the-second-surgeanatomy-of-a-gamma-swarm/amp/,GameStop – The Second Surge : Anatomy Of A  Gamma Swarm  ,20210311T010000Z,https://thumbor.forbes.com/thumbor/fit-in/1200x0/filters%3Aformat%28jpg%29/https%3A%2F%2Fspecials-images.forbesimg.com%2Fimageserve%2F60493a1fb64a57cd62558c46%2F0x0.jpg%3FcropX1%3D0%26cropX2%3D2138%26cropY1%3D180%26cropY2%3D1383,forbes.com,English,United States,2021-03-11 01:00:00+00:00,GME
https://www.marketscreener.com/quote/stock/APPLE-INC-4849/news/GameStop-ends-up-7-3-after-wild-swings-other-meme-stocks-soar-32649028/,https://www.marketscreener.com/amp/quote/stock/APPLE-INC-4849/news/GameStop-ends-up-7-3-after-wild-swings-other-meme-stocks-soar-32649028/,"GameStop ends up 7 . 3 % after wild swings , other  meme stock soar",20210311T020000Z,https://img.zonebourse.com/reuters/2021-03-10T140943Z_3_LYNXMPEH290M2-OCABS_RTROPTP_3_CBUSINESS-US-USA-RETAIL-TRADING-GAMESTOP.JPG,marketscreener.com,English,,2021-03-11 02:00:00+00:00,GME
https://en.yibada.com/articles/201591/20210310/gamestop-ends-up-7-3-wild-swings-meme-stocks-soar.htm,https://en.yibada.com/amp/articles/201591/20210310/gamestop-ends-up-7-3-wild-swings-meme-stocks-soar.htm,"GameStop ends up 7 . 3 % after wild swings , other  meme st",20210311T083000Z,https://img-en-yibada-2017-yibada1.netdna-ssl.com/data/images/full/160104/a-gamestop-store-is-pictured-in-the-manhattan-borough-of-new-york-city-new-york.jpg,en.yibada.com,English,China,2021-03-11 08:30:00+00:00,GME
https://investorplace.com/2021/03/reddit-army-gme-amc-bb-bonnie-and-clyde-wall-street-wsb/,https://investorplace.com/2021/03/reddit-army-gme-amc-bb-bonnie-and-clyde-wall-street-wsb/amp/,The Reddit Army : What Happens When Bonnie and Clyde Come to Wall Street,20210311T091500Z,https://investorplace.com/wp-content/uploads/2021/01/reddit-2.jpg,investorplace.com,English,United States,2021-03-11 09:15:00+00:00,GME
https://www.benzinga.com/news/21/03/20114021/gamestop-frenzy-continues-to-inspire-more-retail-investors-jump-into-stock-market,https://amp.benzinga.com/amp/content/20114021,"Gamestop Corporation ( NYSE : GME ), ( AMC ) - GameStop Frenzy Continues To Inspire More Retail Investor Jump Into Stock Market",20210311T100000Z,,benzinga.com,English,United States,2021-03-11 10:00:00+00:00,GME
https://www.benzinga.com/news/21/03/20115005/amc-says-no-longer-in-survival-mode-with-vaccine-rollout-big-movie-releases-on-the-horizon,https://amp.benzinga.com/amp/content/20115005," ( AMC ), Walt Disney Company ( The ) ( NYSE : DIS ) - AMC Says No Longer In  Survival  Mode With Vaccine Rollout , Big Movie Releases On The Horizon",20210311T104500Z,,benzinga.com,English,United States,2021-03-11 10:45:00+00:00,GME
https://www.fool.com/investing/2021/03/11/5-robinhood-stocks-to-avoid-like-plague-in-march/?source=iedfolrf0000001,https://www.fool.com/amp/investing/2021/03/11/5-robinhood-stocks-to-avoid-like-plague-in-march/,5 Robinhood Stocks to Avoid Like the Plague in March,20210311T114500Z,https://g.foolcdn.com/editorial/images/617013/businessman-holding-hands-up-stop-avoid-getty.jpg,fool.com,English,United States,2021-03-11 11:45:00+00:00,GME
https://www.fool.com/investing/2021/03/11/5-robinhood-stocks-to-avoid-like-plague-in-march/,https://www.fool.com/amp/investing/2021/03/11/5-robinhood-stocks-to-avoid-like-plague-in-march/,5 Robinhood Stocks to Avoid Like the Plague in March,20210311T133000Z,https://g.foolcdn.com/editorial/images/617013/businessman-holding-hands-up-stop-avoid-getty.jpg,fool.com,English,United States,2021-03-11 13:30:00+00:00,GME
https://www.fxstreet.com/news/amc-stock-price-amc-entertainment-holdings-inc-q4-2020-results-due-after-close-on-wednesday-202103101230,https://www.fxstreet.com/amp/news/amc-stock-price-amc-entertainment-holdings-inc-q4-2020-results-due-after-close-on-wednesday-202103101230,AMC Stock Price : AMC Entertainment Holdings Inc surges double - digits ahead of earnings,20210311T154500Z,https://editorial.fxstreet.com/images/Markets/Equities/curved-stock-exchange-ticker-numbers-and-arrows-on-black-58549212_Large.jpg,fxstreet.com,English,China,2021-03-11 15:45:00+00:00,GME
https://www.shacknews.com/article/123238/abc-news-to-premiere-gamestop-documentary-next-week-on-hulu,https://www.shacknews.com/article/123238/abc-news-to-premiere-gamestop-documentary-next-week-on-hulu?amphtml=1,ABC News to premiere GameStop documentary next week on Hulu,20210311T193000Z,https://d1lss44hh2trtw.cloudfront.net/assets/article/2021/03/11/gamestop-store_feature.jpg,shacknews.com,English,United States,2021-03-11 19:30:00+00:00,GME
https://www.benzinga.com/etfs/specialty-etfs/21/03/20126813/how-the-dave-portnoy-backed-social-sentiment-etf-actually-works,https://amp.benzinga.com/amp/content/20126813," ( BUZZ ), Gamestop Corporation ( NYSE : GME ) - How The Dave Portnoy - Backed Social Sentiment ETF Actually Works",20210311T210000Z,,benzinga.com,English,United States,2021-03-11 21:00:00+00:00,GME
https://www.fool.com/investing/2021/03/11/why-koss-stock-was-sliding-today/?source=iedfolrf0000001,https://www.fool.com/amp/investing/2021/03/11/why-koss-stock-was-sliding-today/,Why Koss Stock Was Sliding Today | The Motley Fool,20210311T213000Z,https://g.foolcdn.com/editorial/images/617741/bad-down-stock-chart.jpg,fool.com,English,United States,2021-03-11 21:30:00+00:00,GME
https://www.benzinga.com/news/21/03/20136657/amc-could-be-getting-up-to-10-on-film-rental-fees-from-warnermedia-says-analyst,https://amp.benzinga.com/amp/content/20136657," ( AMC ), AT & T Inc . ( NYSE : T ) - AMC Could Be Getting Up To 10 % On Film - Rental Fees From WarnerMedia , Says Analyst",20210312T080000Z,,benzinga.com,English,United States,2021-03-12 08:00:00+00:00,GME
https://www.gamesindustry.biz:443/articles/2021-03-12-gamestops-meme-stock-rallies-dont-fix-its-decline-opinion,/amp/2021-03-12-gamestops-meme-stock-rallies-dont-fix-its-decline-opinion,GameStop meme stock rallies dont fix its decline | Opinion,20210312T113000Z,,gamesindustry.biz,English,United Kingdom,2021-03-12 11:30:00+00:00,GME
https://www.gamesindustry.biz/articles/2021-03-12-gamestops-meme-stock-rallies-dont-fix-its-decline-opinion,/amp/2021-03-12-gamestops-meme-stock-rallies-dont-fix-its-decline-opinion,GameStop meme stock rallies dont fix its decline | Opinion,20210312T134500Z,,gamesindustry.biz,English,United Kingdom,2021-03-12 13:45:00+00:00,GME
https://www.benzinga.com/news/21/03/20145174/why-gamestops-stock-is-trading-higher-today,https://amp.benzinga.com/amp/content/20145174,Gamestop Corporation ( NYSE : GME ) - Why GameStop Stock Is Trading Higher Today,20210312T173000Z,,benzinga.com,English,United States,2021-03-12 17:30:00+00:00,GME
https://www.theguardian.com/business/2021/mar/13/could-the-gamestop-frenzy-be-replicated-on-australias-stock-market,https://amp.theguardian.com/business/2021/mar/13/could-the-gamestop-frenzy-be-replicated-on-australias-stock-market,Could the GameStop frenzy be replicated on Australia stock market ? | GameStop,20210312T193000Z,https://i.guim.co.uk/img/media/666a90f62879eaff009c2edf959938b108af996b/0_94_3500_2100/master/3500.jpg?&quality=85&auto=format&fit=crop&overlay-align=bottom%2Cleft&overlay-width=100p&overlay-base64=L2ltZy9zdGF0aWMvb3ZlcmxheXMvdGctZGVmYXVsdC5wbmc&enable=upscale&s=69eeed09c6290eb27a0dfda1aff377d7,theguardian.com,English,United Kingdom,2021-03-12 19:30:00+00:00,GME
https://www.marketwatch.com/articles/its-not-just-gamestop-why-these-retro-stocks-are-suddenly-hot-51615595982,,It Not Just GameStop . Why These Retro Stocks Are Suddenly Hot . ,20210313T010000Z,https://images.barrons.com/im-310934/social,marketwatch.com,English,United States,2021-03-13 01:00:00+00:00,GME
https://brownpoliticalreview.org/2021/03/squeezing-short-sellers-for-fun-and-profit/,,Squeezing Short - Sellers for Fun and Profit - Brown Political Review,20210313T031500Z,https://brownpoliticalreview.org/wp-content/uploads/2021/03/Malamud_Zhang-1024x663.png,brownpoliticalreview.org,English,United States,2021-03-13 03:15:00+00:00,GME
https://www.fool.com/investing/2021/03/14/5-ultra-popular-stocks-cost-you-most-of-your-money/?source=iedfolrf0000001,https://www.fool.com/amp/investing/2021/03/14/5-ultra-popular-stocks-cost-you-most-of-your-money/,5 Ultra - Popular Stocks That Could Cost You Most ( or All ) of Your Money,20210314T104500Z,https://g.foolcdn.com/editorial/images/617591/burn-money-dividend-investment-loss-cash-getty.jpg,fool.com,English,United States,2021-03-14 10:45:00+00:00,GME
https://finance.yahoo.com/news/reddit-stocks-8-popular-r-181354332.html,https://finance.yahoo.com/amphtml/news/reddit-stocks-8-popular-r-181354332.html,Reddit Stocks Update : 8 Popular r / WSB Stocks That Are Up Today,20210314T123000Z,https://s.yimg.com/uu/api/res/1.2/t5jZEOHT0JA_z_PedsjfSA--~B/aD00MDA7dz03Mjg7YXBwaWQ9eXRhY2h5b24-/https://media.zenfs.com/en/investorplace_417/88dd158bd240814fe57eae232d0e3875,finance.yahoo.com,English,United States,2021-03-14 12:30:00+00:00,GME
https://www.fool.com/investing/2021/03/14/5-ultra-popular-stocks-cost-you-most-of-your-money/,https://www.fool.com/amp/investing/2021/03/14/5-ultra-popular-stocks-cost-you-most-of-your-money/,5 Ultra - Popular Stocks That Could Cost You Most ( or All ) of Your Money,20210314T131500Z,https://g.foolcdn.com/editorial/images/617591/burn-money-dividend-investment-loss-cash-getty.jpg,fool.com,English,United States,2021-03-14 13:15:00+00:00,GME
https://finance.yahoo.com/news/slumping-naked-brands-nearing-point-205204745.html,https://finance.yahoo.com/amphtml/news/slumping-naked-brands-nearing-point-205204745.html,Slumping Naked Brands Is Nearing the Point of No Return,20210314T171500Z,https://s.yimg.com/uu/api/res/1.2/iOwZ9UNQNbKklarYXm4LDQ--~B/aD00MDA7dz03Mjg7YXBwaWQ9eXRhY2h5b24-/https://media.zenfs.com/en/investorplace_417/43dbde3e5f6978c0f3cdbc9680d4faf2,finance.yahoo.com,English,United States,2021-03-14 17:15:00+00:00,GME
https://realmoney.thestreet.com/jim-cramer/jim-cramer-go-ahead-try-and-bet-against-me-15594786,,"Jim Cramer : Go Ahead , Try and Bet Against Me",20210315T010000Z,http://s.thestreet.com/files/tsc/v2008/photos/contrib/uploads/1c691663-cb4d-11e9-848d-afde1d193501.jpg,realmoney.thestreet.com,English,United States,2021-03-15 01:00:00+00:00,GME
https://www.benzinga.com/markets/cryptocurrency/21/03/20158912/exclusive-dogecoin-creator-says-what-sets-meme-crypto-apart-from-thousands-of-failed-coins,https://amp.benzinga.com/amp/content/20158912,"Gamestop Corp . ( GME ), HONDA MOTOR CO LT ( HNDAF ), Tesla Motors ( TSLA ) - Exclusive : Dogecoin Creator Says What Sets Meme Crypto Apart From  Thousands Of Failed Coin Is Being A Meme",20210315T050000Z,,benzinga.com,English,United States,2021-03-15 05:00:00+00:00,GME
https://www.newsweek.com/wallstreetsbets-members-adopt-gorillas-dian-fossey-charity-raises-thousands-1576248,https://www.newsweek.com/wallstreetsbets-members-adopt-gorillas-dian-fossey-charity-raises-thousands-1576248?amp=1,"WallStreetBets Users Adopt Gorillas , Raise Over $200 , 000 for Charity in a Weekend",20210315T171500Z,https://d.newsweek.com/en/full/1756392/mountain-gorillas.jpg,newsweek.com,English,United States,2021-03-15 17:15:00+00:00,GME
https://www.msn.com/en-us/news/technology/wallstreetbets-users-adopt-gorillas-raise-over-200-000-for-charity-in-a-weekend/ar-BB1eBUXx,,"WallStreetBets Users Adopt Gorillas , Raise Over $200 , 000 for Charity in a Weekend",20210315T174500Z,,msn.com,English,United States,2021-03-15 17:45:00+00:00,GME
https://www.msn.com/en-us/news/technology/wallstreetbets-users-adopt-gorillas-raise-over-dollar200000-for-charity-in-a-weekend/ar-BB1eBUXx,,"WallStreetBets Users Adopt Gorillas , Raise Over $200 , 000 for Charity in a Weekend",20210315T180000Z,,msn.com,English,United States,2021-03-15 18:00:00+00:00,GME
https://www.fool.com/investing/2021/03/16/forget-amc-and-gamestop-2-popular-robinhood-stocks/?source=iedfolrf0000001,https://www.fool.com/amp/investing/2021/03/16/forget-amc-and-gamestop-2-popular-robinhood-stocks/,Forget AMC and Gamestop : These 2 Popular Robinhood Stocks Are Better Buys,20210316T113000Z,https://g.foolcdn.com/editorial/images/617555/gettyimages-1291715271.jpg,fool.com,English,United States,2021-03-16 11:30:00+00:00,GME
https://www.fool.com/investing/2021/03/16/forget-amc-and-gamestop-2-popular-robinhood-stocks/,https://www.fool.com/amp/investing/2021/03/16/forget-amc-and-gamestop-2-popular-robinhood-stocks/,Forget AMC and Gamestop : These 2 Popular Robinhood Stocks Are Better Buys,20210316T130000Z,https://g.foolcdn.com/editorial/images/617555/gettyimages-1291715271.jpg,fool.com,English,United States,2021-03-16 13:00:00+00:00,GME
https://www.marketwatch.com/articles/gamestop-stock-tumbles-but-analyst-still-sees-squeeze-potential-51615905053,,"GameStop Stock Tumbles , but Analyst Still Sees Squeeze Potential",20210316T150000Z,https://images.barrons.com/im-312148/social,marketwatch.com,English,United States,2021-03-16 15:00:00+00:00,GME
https://www.cnn.com/2021/03/16/investing/wallstreetbets-gorillas-reddit/,https://amp.cnn.com/cnn/2021/03/16/investing/wallstreetbets-gorillas-reddit/index.html,"First Gamestop , now gorillas . Redditors are pouring money into saving apes",20210316T174500Z,https://cdn.cnn.com/cnnnext/dam/assets/210316124815-wallstreetbets-gorilla-conservation-gamestop-super-tease.jpg,cnn.com,English,United States,2021-03-16 17:45:00+00:00,GME
https://www.newsweek.com/gorilla-charities-thank-reddit-wallstreetbets-users-raising-333000-1576574,https://www.newsweek.com/gorilla-charities-thank-reddit-wallstreetbets-users-raising-333000-1576574?amp=1,"Ape Charities Thank WallStreetBets Users for Raising Over $333 , 000 in Days",20210316T180000Z,https://d.newsweek.com/en/full/1757466/juvenile-gorilla.jpg,newsweek.com,English,United States,2021-03-16 18:00:00+00:00,GME
https://www.benzinga.com/trading-ideas/long-ideas/21/03/20197578/lizhis-stock-rips-30-after-citron-compares-company-to-clubhouse-and-roblox,https://amp.benzinga.com/amp/content/20197578,Gamestop Corp . ( GME ) - Lizhi Stock Rips 30 % After Citron Compares Company To Clubhouse And Roblox,20210316T181500Z,,benzinga.com,English,United States,2021-03-16 18:15:00+00:00,GME
https://www.kitv.com/story/43506605/first-gamestop-now-gorillas-redditors-are-pouring-money-into-saving-apes,,"First Gamestop , now gorillas . Redditors are pouring money into saving apes",20210316T184500Z,https://KITV.images.worldnow.com/images/17633324_G.jpg,kitv.com,English,United States,2021-03-16 18:45:00+00:00,GME
https://www.790business.com/news/first-gamestop-now-gorillas-redditors-are-pouring-money-into-saving-apes/,,"First Gamestop , now gorillas . Redditors are pouring money into saving apes",20210316T191500Z,,790business.com,English,United States,2021-03-16 19:15:00+00:00,GME
https://www.kmjnow.com/news/first-gamestop-now-gorillas-redditors-are-pouring-money-into-saving-apes/,,"First Gamestop , now gorillas . Redditors are pouring money into saving apes",20210316T193000Z,,kmjnow.com,English,United States,2021-03-16 19:30:00+00:00,GME
https://www.fool.com/investing/2021/03/16/why-express-stock-was-sliding-today/?source=iedfolrf0000001,https://www.fool.com/amp/investing/2021/03/16/why-express-stock-was-sliding-today/,Why Express Stock Was Sliding Today | The Motley Fool,20210316T203000Z,https://g.foolcdn.com/editorial/images/618276/slide-3-source-express.jpg,fool.com,English,United States,2021-03-16 20:30:00+00:00,GME
https://www.erienewsnow.com/story/43506605/first-gamestop-now-gorillas-redditors-are-pouring-money-into-saving-apes,,"First Gamestop , now gorillas . Redditors are pouring money into saving apes",20210316T203000Z,https://WICU.images.worldnow.com/images/19875658_G.jpg,erienewsnow.com,English,United States,2021-03-16 20:30:00+00:00,GME
http://www.msn.com/en-us/news/us/first-gamestop-now-gorillas-redditors-are-pouring-money-into-saving-apes/ar-BB1eEiQj,,"First GameStop , now gorillas . Redditors are pouring money into saving apes",20210316T204500Z,,msn.com,English,United States,2021-03-16 20:45:00+00:00,GME
https://www.newser.com/story/303764/redditors-who-bought-gamestop-pick-next-investment.html,https://amp.newser.com/story/303764/redditors-who-bought-gamestop-pick-next-investment.html,Redditors Who Bought GameStop Pick Next Investment,20210316T210000Z,https://img2-azrcdn.newser.com/image/1348509-12-20210316145616.jpeg,newser.com,English,United States,2021-03-16 21:00:00+00:00,GME
https://www.wraltechwire.com/2021/03/16/wallstreetbets-going-ape-over-gorillas-and-thats-not-monkey-business/,,WallStreetBets going ape over gorillas – and that not monkey business,20210316T210000Z,https://www.wraltechwire.com/wp-content/uploads/2021/03/wallstreetbets-gorillas-e1615917301175-1024x576.png,wraltechwire.com,English,United States,2021-03-16 21:00:00+00:00,GME
https://ktvz.com/money/2021/03/16/first-gamestop-now-gorillas-redditors-are-pouring-money-into-saving-apes/,https://ktvz.com/amp/first-gamestop-now-gorillas-redditors-are-pouring-money-into-saving-apes,"First Gamestop , now gorillas . Redditors are pouring money into saving apes",20210316T211500Z,https://ktvz.b-cdn.net/2021/01/ktvz-biz-tech-860x484.png,ktvz.com,English,United States,2021-03-16 21:15:00+00:00,GME
https://www.wfnc640am.com/news/first-gamestop-now-gorillas-redditors-are-pouring-money-into-saving-apes/,,"First Gamestop , now gorillas . Redditors are pouring money into saving apes",20210316T211500Z,,wfnc640am.com,English,United States,2021-03-16 21:15:00+00:00,GME
https://kvia.com/news/business-technology/2021/03/16/first-gamestop-now-gorillas-redditors-are-pouring-money-into-saving-apes/,https://kvia.com/amp/first-gamestop-now-gorillas-redditors-are-pouring-money-into-saving-apes,"First GameStop , now gorillas . Redditors are pouring money into saving apes",20210316T230000Z,https://kvia.b-cdn.net/2019/10/featured-biz-tech-860x484.jpeg,kvia.com,English,United States,2021-03-16 23:00:00+00:00,GME
https://www.thestreet.com/investing/stock-market-today-with-jim-cramer-amd-stimulus-checks-markets-reddit-gamestop,https://www.thestreet.com/.amp/investing/stock-market-today-with-jim-cramer-amd-stimulus-checks-markets-reddit-gamestop,Stock Market Today With Jim Cramer : Buy AMD,20210317T003000Z,,thestreet.com,English,United States,2021-03-17 00:30:00+00:00,GME
https://www.wmac-am.com/news/first-gamestop-now-gorillas-redditors-are-pouring-money-into-saving-apes/,,"First GameStop , now gorillas . Redditors are pouring money into saving apes",20210317T013000Z,,wmac-am.com,English,United States,2021-03-17 01:30:00+00:00,GME
http://www.tribtown.com/2021/03/17/has_gamestop_changed_rules_for_successful_investing-2/,,Has GameStop changed rules for successful investing ? ,20210317T074500Z,https://d1bdhkmqqz901h.cloudfront.net/1200x630/smart/http://www.tribtown.com/wp-content/files/sites/10/2016/07/iStock_75266777_MEDIUM-2.jpg,tribtown.com,English,United States,2021-03-17 07:45:00+00:00,GME
https://www.benzinga.com/news/21/03/20207854/gamestop-short-selling-nets-bill-gross-10m-who-says-current-volatility-perfect-opportunity-for-optio,https://amp.benzinga.com/amp/content/20207854,"Gamestop Corporation ( NYSE : GME ), ( AMC ) - Gamestop Short - Selling Nets Bill Gross $10M , Who Says Current Volatility  Perfect Opportunity For Options Sellers  ",20210317T101500Z,,benzinga.com,English,United States,2021-03-17 10:15:00+00:00,GME
https://www.marketwatch.com/story/bond-king-bill-gross-says-he-made-10-million-shorting-gamestop-11615988973,https://www.marketwatch.com/amp/story/bond-king-bill-gross-says-he-made-10-million-shorting-gamestop-11615988973,Bond king Bill Gross says he made $10 million shorting GameStop,20210317T141500Z,,marketwatch.com,English,United States,2021-03-17 14:15:00+00:00,GME
https://www.investors.com/etfs-and-funds/sectors/gamestop-stock-sp500-get-rich-fast-trick-running-out-gme/,,GameStop Stock Get - Rich - Fast Trick Is Running Out | Investor Business Daily,20210317T144500Z,https://www.investors.com/wp-content/uploads/2021/02/Stock-gamestop-11-adobe.jpg,investors.com,English,United States,2021-03-17 14:45:00+00:00,GME
https://www.cnet.com/personal-finance/robinhood-backlash-what-you-should-know-about-the-gamestop-stock-controversy/,https://www.cnet.com/google-amp/news/robinhood-backlash-what-you-should-know-about-the-gamestop-stock-controversy/,Robinhood backlash : What you should know about the GameStop stock controversy,20210317T233000Z,https://cnet2.cbsistatic.com/img/VS0q9YB57yK77uIkoUU2ryvG-Us=/1200x630/2021/01/28/0d1b6c62-402a-440f-a371-a072957a8098/robinhood-stock-trading-stocks-2.jpg,cnet.com,English,Japan,2021-03-17 23:30:00+00:00,GME
https://www.bbc.co.uk/news/technology-56438230,https://www.bbc.co.uk/news/amp/technology-56438230,GameStop : Reddit users investing in gorilla conservation,20210318T001500Z,https://ichef.bbci.co.uk/news/1024/branded_news/D5D5/production/_117614745_still.jpg,bbc.co.uk,English,United Kingdom,2021-03-18 00:15:00+00:00,GME
https://www.msn.com/en-xl/news/other/gamestop-reddit-users-invest-in-saving-gorillas/ar-BB1eHqGg,,GameStop Reddit users invest in saving gorillas,20210318T003000Z,,msn.com,English,United States,2021-03-18 00:30:00+00:00,GME
https://www.bbc.com/news/technology-56438230,https://www.bbc.com/news/amp/technology-56438230,GameStop : Reddit users investing in gorilla conservation,20210318T013000Z,https://ichef.bbci.co.uk/news/1024/branded_news/D5D5/production/_117614745_still.jpg,bbc.com,English,United Kingdom,2021-03-18 01:30:00+00:00,GME
https://www.benzinga.com/news/21/03/20227008/amc-shares-spike-on-complete-reopening-optimisim-what-you-need-to-know,https://amp.benzinga.com/amp/content/20227008," ( AMC ), AT & T Inc . ( NYSE : T ) - AMC Shares Spike On Complete Reopening Optimism : What You Need To Know",20210318T023000Z,,benzinga.com,English,United States,2021-03-18 02:30:00+00:00,GME
https://www.fool.com/investing/2021/03/18/7-reasons-to-avoid-reddit-stocks-like-the-plague/?source=iedfolrf0000001,https://www.fool.com/amp/investing/2021/03/18/7-reasons-to-avoid-reddit-stocks-like-the-plague/,7 Reasons to Avoid the Reddit Stocks Like the Plague,20210318T104500Z,https://g.foolcdn.com/editorial/images/618206/businessman-holding-hands-up-stop-avoid-getty.jpg,fool.com,English,United States,2021-03-18 10:45:00+00:00,GME
https://www.fool.com/investing/2021/03/18/7-reasons-to-avoid-reddit-stocks-like-the-plague/,https://www.fool.com/amp/investing/2021/03/18/7-reasons-to-avoid-reddit-stocks-like-the-plague/,7 Reasons to Avoid the Reddit Stocks Like the Plague,20210318T121500Z,https://g.foolcdn.com/editorial/images/618206/businessman-holding-hands-up-stop-avoid-getty.jpg,fool.com,English,United States,2021-03-18 12:15:00+00:00,GME
https://www.businessinsider.com/stocks-to-buy-8-sectors-retail-traders-stimulus-hits-markets-2021-3,,Stocks to Buy : 8 sectors hot with retail traders as  stimmy  hits markets,20210318T171500Z,https://i.insider.com/605352bdfe6a340019acf4a9?&format=jpeg,businessinsider.com,English,United States,2021-03-18 17:15:00+00:00,GME
https://www.newsweek.com/reddit-wallstreetbets-members-adopt-gorillas-charity-raise-money-update-1577148,https://www.newsweek.com/reddit-wallstreetbets-members-adopt-gorillas-charity-raise-money-update-1577148?amp=1,"WallStreetBets Users Adopt 3 , 500 Gorillas , Raise $377 , 000 for Charity",20210318T174500Z,https://d.newsweek.com/en/full/1758677/mountain-gorilla.jpg,newsweek.com,English,United States,2021-03-18 17:45:00+00:00,GME
https://www.sdpnoticias.com/negocios/grupo-reddit-wall-street-gamestop-dona-ganancias-fundacion-de-gorilas.html,https://www.sdpnoticias.com/amp/negocios/grupo-reddit-wall-street-gamestop-dona-ganancias-fundacion-de-gorilas.html,"Grupo de Reddit que enfrentó a Wall Street , dona sus ganancias a fundación de gorilas",20210318T180000Z,https://www.sdpnoticias.com/files/image_1200_674/uploads/2020/07/09/gorila.jpeg,sdpnoticias.com,Spanish,Mexico,2021-03-18 18:00:00+00:00,GME
https://www.etftrends.com/etf-strategist-channel/etf-of-the-week-spdr-sp-retail-etf-xrt/,https://www.etftrends.com/etf-strategist-channel/etf-of-the-week-spdr-sp-retail-etf-xrt/amp/,ETF of the Week : SPDR S & P Retail ETF ( XRT ) ,20210318T214500Z,https://www.etftrends.com/wp-content/uploads/2021/03/ETF-of-the-Week-SPDR-SP-Retail-ETF-XRT.jpg,etftrends.com,English,China,2021-03-18 21:45:00+00:00,GME
https://investorplace.com/2021/03/gme-stock-gamestop-long-past-being-short-squeeze/,https://investorplace.com/2021/03/gme-stock-gamestop-long-past-being-short-squeeze/amp/,GME Stock Is Long Past Being a Short Squeeze – So What Left ? ,20210319T064500Z,https://investorplace.com/wp-content/uploads/2019/08/gme-stock-2.jpg,investorplace.com,English,United States,2021-03-19 06:45:00+00:00,GME
https://www.benzinga.com/news/21/03/20248680/how-gamestop-bull-roaring-kitty-isnt-all-that-different-from-warren-buffett,https://amp.benzinga.com/amp/content/20248680,"Gamestop Corporation ( NYSE : GME ), Berkshire Hathaway Inc . ( NYSE : BRK - A ) - How GameStop Bull Roaring Kitty Isnt All That Different From Warren Buffett",20210319T073000Z,,benzinga.com,English,United States,2021-03-19 07:30:00+00:00,GME
https://www.fool.com/investing/2021/03/19/why-is-everyone-still-talking-about-gamestop-stock/?source=iedfolrf0000001,https://www.fool.com/amp/investing/2021/03/19/why-is-everyone-still-talking-about-gamestop-stock/,Why Is Everyone ( Still ) Talking About GameStop Stock ? ,20210319T111500Z,https://g.foolcdn.com/editorial/images/617123/gettyimages-1285816899.jpg,fool.com,English,United States,2021-03-19 11:15:00+00:00,GME
https://www.fool.com/investing/2021/03/19/why-is-everyone-still-talking-about-gamestop-stock/,https://www.fool.com/amp/investing/2021/03/19/why-is-everyone-still-talking-about-gamestop-stock/,Why Is Everyone ( Still ) Talking About GameStop Stock ? ,20210319T114500Z,https://g.foolcdn.com/editorial/images/617123/gettyimages-1285816899.jpg,fool.com,English,United States,2021-03-19 11:45:00+00:00,GME
https://www.kxly.com/i/should-you-invest-in-meme-stocks-in-2021/,,Should You Invest in Meme Stocks in 2021 ? ,20210319T124500Z,https://wpcdn.us-east-1.vip.tn-cloud.net/www.kxly.com/content/uploads/2021/03/605492e4d0b5f.image_.jpg,kxly.com,English,United States,2021-03-19 12:45:00+00:00,GME
http://www.proactiveinvestors.co.uk/companies/news/944326/ftse-100-holds-losses-lamborghini-posts-record-profits-as-chinese-customers-pay-more-for-customised-models-944326.html,https://www.proactiveinvestors.co.uk/companies/amp/news/944326,FTSE 100 holds losses ; Lamborghini posts record profits as Chinese customers pay more for customised models,20210319T133000Z,https://www.proactiveinvestors.co.uk/thumbs/upload/News/Image/2021_03/1200z630_1616158554_2021-03-19-12-55-54_7b5089f9574a8e4c82b911a278e5ae25.jpg,proactiveinvestors.co.uk,English,United Kingdom,2021-03-19 13:30:00+00:00,GME
https://www.stltoday.com/business/investment/personal-finance/should-you-invest-in-meme-stocks-in-2021/article_fcb1ef6b-6cef-5cb4-8518-179a0b8e5912.html,https://www.stltoday.com/business/investment/personal-finance/should-you-invest-in-meme-stocks-in-2021/article_fcb1ef6b-6cef-5cb4-8518-179a0b8e5912.amp.html,Should You Invest in Meme Stocks in 2021 ? ,20210319T140000Z,https://bloximages.newyork1.vip.townnews.com/stltoday.com/content/tncms/assets/v3/editorial/5/7f/57f69b2b-407f-51a6-be62-9d21156abfdf/605495ec018b4.image.jpg?crop=700%2C394%2C0%2C36,stltoday.com,English,United States,2021-03-19 14:00:00+00:00,GME
https://www.fool.com/investing/2021/03/19/should-you-invest-in-meme-stocks-in-2021/?source=iedfolrf0000001,https://www.fool.com/amp/investing/2021/03/19/should-you-invest-in-meme-stocks-in-2021/,Should You Invest in Meme Stocks in 2021 ? ,20210319T144500Z,https://g.foolcdn.com/editorial/images/618480/dollar-sign-made-out-of-dollar-bills.jpg,fool.com,English,United States,2021-03-19 14:45:00+00:00,GME
https://goodmenproject.com/featured-content/when-we-speculate-we-see-what-we-want/,,"When We Speculate , We See What We Want - The Good Men Project",20210319T144500Z,https://goodmenproject.com/wp-content/uploads/2021/03/discussion-1.jpg,goodmenproject.com,English,United States,2021-03-19 14:45:00+00:00,GME
https://www.benzinga.com/analyst-ratings/analyst-color/21/03/20254527/gamestop-is-losing-its-stimmy-support-analyst-says,https://amp.benzinga.com/amp/content/20254527,"Gamestop Corporation ( NYSE : GME ) - GameStop Is Losing Its  Stimmy  Support , Analyst Says",20210319T144500Z,,benzinga.com,English,United States,2021-03-19 14:45:00+00:00,GME
https://www.news8000.com/i/should-you-invest-in-meme-stocks-in-2021/,,Should You Invest in Meme Stocks in 2021 ? ,20210319T153000Z,https://wpcdn.us-east-1.vip.tn-cloud.net/www.news8000.com/content/uploads/2021/03/605492e4d0b5f.image_.jpg,news8000.com,English,United States,2021-03-19 15:30:00+00:00,GME
http://www.proactiveinvestors.co.uk/companies/news/944326/ftse-100-drops-another-few-points-taylor-wimpey-countryside-properties-receive-cma-order-on-leasehold-contracts-944326.html,https://www.proactiveinvestors.co.uk/companies/amp/news/944326,"FTSE 100 drops another few points ; Taylor Wimpey PLC , Countryside Properties PLC receive CMA order on leasehold contracts",20210319T173000Z,https://www.proactiveinvestors.co.uk/thumbs/upload/News/Image/2021_03/1200z630_1616169119_2021-03-19-15-51-59_f753cc7b024029b0d5be7aff9cf9fbcd.jpg,proactiveinvestors.co.uk,English,United Kingdom,2021-03-19 17:30:00+00:00,GME
https://magicvalley.com/business/investment/personal-finance/should-you-invest-in-meme-stocks-in-2021/article_07423816-cd37-507b-ac15-60ecaa668124.html,https://magicvalley.com/business/investment/personal-finance/should-you-invest-in-meme-stocks-in-2021/article_07423816-cd37-507b-ac15-60ecaa668124.amp.html,Should You Invest in Meme Stocks in 2021 ? ,20210319T173000Z,https://bloximages.chicago2.vip.townnews.com/magicvalley.com/content/tncms/assets/v3/editorial/3/d8/3d837444-262e-52f4-8d85-fe4315f84134/605495dee278f.image.jpg?crop=700%2C394%2C0%2C36,magicvalley.com,English,United States,2021-03-19 17:30:00+00:00,GME
http://www.proactiveinvestors.co.uk/companies/news/944326/ftse-100--closes-in-the-red-as-fed-action-on-banks-hits-equities-944326.html,https://www.proactiveinvestors.co.uk/companies/amp/news/944326,"FTSE 100 drops another few points ; Taylor Wimpey PLC , Countryside Properties PLC receive CMA order on leasehold contracts",20210319T210000Z,https://www.proactiveinvestors.co.uk/thumbs/upload/News/Image/2021_03/1200z630_1616174463_shutterstock_1075632725.jpg,proactiveinvestors.co.uk,English,United Kingdom,2021-03-19 21:00:00+00:00,GME
https://www.zmescience.com/science/after-gamestop-redditors-are-pouring-money-into-saving-gorillas/,https://www.zmescience.com/science/after-gamestop-redditors-are-pouring-money-into-saving-gorillas/amp/,"After GameStop , redditors are pouring money into saving gorillas",20210320T153000Z,https://cdn.zmescience.com/wp-content/uploads/2021/03/4447316380_0f53243c36_k.jpg,zmescience.com,English,United States,2021-03-20 15:30:00+00:00,GME
https://www.forbes.com/sites/frankvangansbeke/2021/03/20/sustainability-and-the-downfall-of--danone-ceo-faber-22/,https://www.forbes.com/sites/frankvangansbeke/2021/03/20/sustainability-and-the-downfall-of--danone-ceo-faber-22/amp/,Sustainability And The Downfall Of Danone CEO Faber ( 2 / 2 ) ,20210321T001500Z,https://thumbor.forbes.com/thumbor/fit-in/1200x0/filters%3Aformat%28jpg%29/https%3A%2F%2Fspecials-images.forbesimg.com%2Fimageserve%2F605674ae21cb405b106daf95%2F0x0.jpg,forbes.com,English,United States,2021-03-21 00:15:00+00:00,GME
https://investorplace.com/2021/03/gme-stock-game-over-again/,https://investorplace.com/2021/03/gme-stock-game-over-again/amp/,GME Stock : It Going to be Game Over Again for GameStop,20210321T063000Z,https://investorplace.com/wp-content/uploads/2021/02/gme1600.jpg,investorplace.com,English,United States,2021-03-21 06:30:00+00:00,GME
https://www.fool.com/investing/2021/03/21/forget-gamestop-sundial-growth-stocks-triple-money/,https://www.fool.com/amp/investing/2021/03/21/forget-gamestop-sundial-growth-stocks-triple-money/,Forget GameStop and Sundial : These Growth Stocks Can Triple Your Money,20210321T104500Z,https://g.foolcdn.com/editorial/images/618367/folded-money-cash-invest-retire-social-security-treasury-getty.jpg,fool.com,English,United States,2021-03-21 10:45:00+00:00,GME
https://www.fool.com/investing/2021/03/21/forget-gamestop-sundial-growth-stocks-triple-money/?source=iedfolrf0000001,https://www.fool.com/amp/investing/2021/03/21/forget-gamestop-sundial-growth-stocks-triple-money/,Forget GameStop and Sundial : These Growth Stocks Can Triple Your Money,20210321T123000Z,https://g.foolcdn.com/editorial/images/618367/folded-money-cash-invest-retire-social-security-treasury-getty.jpg,fool.com,English,United States,2021-03-21 12:30:00+00:00,GME
https://www.benzinga.com/news/earnings/21/03/20267540/heres-how-to-watch-gamestops-earnings-report-this-tuesday,https://amp.benzinga.com/amp/content/20267540,"Gamestop Corporation ( NYSE : GME ), ( AMC ) - Here How To Watch GameStop Earnings Report This Tuesday",20210321T134500Z,,benzinga.com,English,United States,2021-03-21 13:45:00+00:00,GME
https://www.balloon-juice.com/2021/03/21/sunday-night-open-thread-well-something-good-came-out-of-gamestonks/,,"Balloon Juice | Sunday Night Open Thread : Well , * Something * Good Came Out of Gamestonks ... ",20210322T044500Z,https://www.balloon-juice.com/wp-content/uploads/2015/07/tunchiswatching.jpg,balloon-juice.com,English,United States,2021-03-22 04:45:00+00:00,GME
https://www.fool.com/investing/2021/03/22/amc-gamestop-and-sundial-3-of-worst-stocks-to-buy/?source=iedfolrf0000001,https://www.fool.com/amp/investing/2021/03/22/amc-gamestop-and-sundial-3-of-worst-stocks-to-buy/,"Why AMC , GameStop , and Sundial Are 3 of the Worst Stocks to Buy",20210322T114500Z,https://g.foolcdn.com/editorial/images/618638/cash-money-bills-on-fire-invest-loss-bankrupt-getty.jpg,fool.com,English,United States,2021-03-22 11:45:00+00:00,GME
https://www.fxstreet.com/news/gamestop-gme-stock-price-and-forecast-gme-results-on-tuesday-come-on-down-the-price-is-not-right-202103221200,https://www.fxstreet.com/amp/news/gamestop-gme-stock-price-and-forecast-gme-results-on-tuesday-come-on-down-the-price-is-not-right-202103221200,"Gamestop ( GME ) Stock Price and Forecast : GME results on Tuesday , come on down the price is not right",20210322T130000Z,https://editorial.fxstreet.com/images/Breaking/breaking-news_Large.jpg,fxstreet.com,English,China,2021-03-22 13:00:00+00:00,GME
https://www.fool.com/investing/2021/03/22/amc-gamestop-and-sundial-3-of-worst-stocks-to-buy/,https://www.fool.com/amp/investing/2021/03/22/amc-gamestop-and-sundial-3-of-worst-stocks-to-buy/,"Why AMC , GameStop , and Sundial Are 3 of the Worst Stocks to Buy",20210322T140000Z,https://g.foolcdn.com/editorial/images/618638/cash-money-bills-on-fire-invest-loss-bankrupt-getty.jpg,fool.com,English,United States,2021-03-22 14:00:00+00:00,GME
https://www.mauldineconomics.com/editorial/introducing-neverland...-where-well-crush-wall-street,https://www.mauldineconomics.com/editorial/amp/introducing-neverland...-where-well-crush-wall-street,Introducing Neverland ... where well crush Wall Street,20210322T171500Z,https://ggc-mauldin-images.s3.amazonaws.com/uploads/newsletters/RHR_20210322_feature_mauldin.png,mauldineconomics.com,English,United States,2021-03-22 17:15:00+00:00,GME
https://www.shacknews.com/article/123433/the-dian-fossey-gorilla-fund-issues-new-statement-following-wallstreetbets-donations,https://www.shacknews.com/article/123433/the-dian-fossey-gorilla-fund-issues-new-statement-following-wallstreetbets-donations?amphtml=1,The Dian Fossey Gorilla Fund issues new statement following WallStreetBets donations,20210322T203000Z,https://d1lss44hh2trtw.cloudfront.net/assets/article/2021/03/22/pexels-tobias-rehbein-3993393_feature.jpg,shacknews.com,English,United States,2021-03-22 20:30:00+00:00,GME
https://www.marketwatch.com/story/gamestop-earnings-countdown-but-whats-the-fun-in-fundamentals-say-reddit-traders-on-the-rocket-emoji-launchpad-11616444169,https://www.marketwatch.com/amp/story/gamestop-earnings-countdown-but-whats-the-fun-in-fundamentals-say-reddit-traders-on-the-rocket-emoji-launchpad-11616444169,"GameStop earnings countdown : But what the fun in fundamentals , say Reddit traders on the rocket emoji launchpad",20210322T204500Z,https://images.mktw.net/im-303901/social,marketwatch.com,English,United States,2021-03-22 20:45:00+00:00,GME
https://www.benzinga.com/m-a/21/03/20290763/microsoft-said-to-be-in-discussions-to-acquire-discord-for-over-10b,https://amp.benzinga.com/amp/content/20290763,"Microsoft Corporation ( NASDAQ : MSFT ), ( AMC ) - Microsoft Said To Be In Discussions To Acquire Discord For Over $10B",20210323T051500Z,,benzinga.com,English,United States,2021-03-23 05:15:00+00:00,GME
https://www.benzinga.com/news/21/03/20299973/gamestop-cco-resigns-ahead-of-q4-earnings-report,https://amp.benzinga.com/amp/content/20299973,"Gamestop Corporation ( NYSE : GME ), ( CHWY ) - GameStop CCO Resigns Ahead Of Q4 Earnings Report",20210323T150000Z,,benzinga.com,English,United States,2021-03-23 15:00:00+00:00,GME
https://news.yahoo.com/uk-robinhood-rival-freetrade-raises-50-m-142324152.html,https://news.yahoo.com/amphtml/uk-robinhood-rival-freetrade-raises-50-m-142324152.html,UK Robinhood rival Freetrade raises £50m,20210323T151500Z,https://s.yimg.com/os/creatr-uploaded-images/2021-03/1cf2b630-8bd7-11eb-bda7-59ed4ddc042f,news.yahoo.com,English,United States,2021-03-23 15:15:00+00:00,GME
https://www.benzinga.com/topic/ryan-cohen,,Ryan Cohen | Benzinga,20210323T160000Z,,benzinga.com,English,United States,2021-03-23 16:00:00+00:00,GME
https://www.investors.com/news/gme-stock-gamestop-earnings-q4-2020-reddit-short-squeeze-stocks/,,GME Stock Falls Ahead Of First Earnings Report Following Reddit Short Squeeze,20210323T163000Z,https://www.investors.com/wp-content/uploads/2021/02/Stock-Gamestop-34-adobe.jpg,investors.com,English,United States,2021-03-23 16:30:00+00:00,GME
https://www.marketwatch.com/story/reddit-crew-aims-to-form-super-pac-in-support-of-retail-traders-11616532432,https://www.marketwatch.com/amp/story/reddit-crew-aims-to-form-super-pac-in-support-of-retail-traders-11616532432,Reddit crew aims to form super PAC in support of retail traders,20210323T211500Z,https://images.mktw.net/im-292594/social,marketwatch.com,English,United States,2021-03-23 21:15:00+00:00,GME
https://www.foxbusiness.com/markets/gamestop-e-commerce-sales-surge-following-reddit-stock-trading-frenzy,https://www.foxbusiness.com/markets/gamestop-e-commerce-sales-surge-following-reddit-stock-trading-frenzy.amp,"GameStop plunges , but Reddit followers tout stock once again as e - commerce sales surge",20210323T233000Z,https://a57.foxnews.com/static.foxbusiness.com/foxbusiness.com/content/uploads/2021/01/0/0/GameStopsign2.jpg?ve=1&tl=1,foxbusiness.com,English,United States,2021-03-23 23:30:00+00:00,GME
https://www.shacknews.com/article/123470/welikethestockwtf-is-a-new-super-pac-made-to-support-retailers,https://www.shacknews.com/article/123470/welikethestockwtf-is-a-new-super-pac-made-to-support-retailers?amphtml=1,Welikethestock . wtf is a new Super PAC made to support retailers,20210324T011500Z,https://d1lss44hh2trtw.cloudfront.net/assets/article/2021/03/23/wallstreetbets_feature.jpg,shacknews.com,English,United States,2021-03-24 01:15:00+00:00,GME
https://www.msn.com/en-us/money/topstocks/what-did-the-stock-market-do-today-3-big-stories-to-catch-up-on/ar-BB1eTbTk,,What Did the Stock Market Do Today ? 3 Big Stories to Catch Up On . ,20210324T014500Z,,msn.com,English,United States,2021-03-24 01:45:00+00:00,GME
https://www.marketwatch.com/story/gamestops-earnings-whiffbut-retail-traders-faithful-even-as-roaring-kitty-points-to-2-million-paper-loss-11616552011,https://www.marketwatch.com/amp/story/gamestops-earnings-whiffbut-retail-traders-faithful-even-as-roaring-kitty-points-to-2-million-paper-loss-11616552011,GameStop earnings whiff but retail traders faithful even as  Roaring Kitty  points to $2 million paper loss,20210324T024500Z,https://images.mktw.net/im-315601/social,marketwatch.com,English,United States,2021-03-24 02:45:00+00:00,GME
https://www.benzinga.com/news/21/03/20311731/gamestop-discloses-it-could-capitalize-on-reddit-fueled-rally-with-a-stock-sale,https://amp.benzinga.com/amp/content/20311731,"Gamestop Corporation ( NYSE : GME ), ( AMC ) - GameStop Discloses It Could Capitalize On Reddit - Fueled Rally With A Stock Sale",20210324T030000Z,,benzinga.com,English,United States,2021-03-24 03:00:00+00:00,GME
https://www.fxstreet.com/news/gme-stock-earnings-mixed-gamestop-may-consider-capital-raise-stock-is-still-way-too-high-202103241230,https://www.fxstreet.com/amp/news/gme-stock-earnings-mixed-gamestop-may-consider-capital-raise-stock-is-still-way-too-high-202103241230,"GME Stock : Earnings mixed , Gamestop may consider capital raise , stock is still way too high",20210324T134500Z,https://editorial.fxstreet.com/images/Markets/Equities/stock-market-research-9338010_Large.jpg,fxstreet.com,English,China,2021-03-24 13:45:00+00:00,GME
https://www.fool.com/investing/2021/03/24/why-gamestop-shares-tanked-wednesday/?source=iedfolrf0000001,https://www.fool.com/amp/investing/2021/03/24/why-gamestop-shares-tanked-wednesday/,Why GameStop Shares Tanked Wednesday,20210324T160000Z,https://g.foolcdn.com/editorial/images/619171/stockdrop.jpg,fool.com,English,United States,2021-03-24 16:00:00+00:00,GME
https://www.metro.us/gamestop-tumbles-as-reddit/,https://www.metro.us/gamestop-tumbles-as-reddit/amp/,GameStop tumbles as Reddit darling mulls share sale,20210324T161500Z,https://www.metro.us/wp-content/uploads/Reuters_Direct_Media/USOnlineReportBusinessNews/tagreuters.com2021binary_LYNXMPEH2N0W4-BASEIMAGE.jpg,metro.us,English,United States,2021-03-24 16:15:00+00:00,GME
https://isp.netscape.com/pf/story/0002/20210324/KBN2BG1E7_6,,GameStop tumbles as Reddit darling mulls share sale - Netscape Money & Business,20210324T174500Z,,isp.netscape.com,English,United States,2021-03-24 17:45:00+00:00,GME
https://www.theglobeandmail.com/investing/investment-ideas/article-gamestop-tumbles-as-reddit-darling-mulls-share-sale/,,GameStop tumbles as Reddit darling mulls share sale,20210324T200000Z,https://www.theglobeandmail.com/resizer/gZxABog2jKCb8Ce1JTlFBBPFBU4=/1200x0/filters:quality(80)/cloudfront-us-east-1.images.arcpublishing.com/tgam/IB72C7D5ENI2TD3DLSY4VV76SA.JPG,theglobeandmail.com,English,Canada,2021-03-24 20:00:00+00:00,GME
https://www.channelnewsasia.com/news/business/gamestop-tumbles-as-reddit-darling-mulls-share-sale-14480360,,GameStop tumbles as Reddit darling mulls share sale,20210324T203000Z,,channelnewsasia.com,English,United States,2021-03-24 20:30:00+00:00,GME
https://www.reuters.com/article/us-gamestop-stocks/gamestop-tumbles-34-as-reddit-darling-mulls-share-sale-idUSKBN2BG1E7,https://mobile.reuters.com/article/amp/idUSKBN2BG1E7,GameStop tumbles as Reddit darling mulls share sale,20210324T213000Z,https://static.reuters.com/resources/r/?m=02&d=20210324&t=2&i=1556069349&r=LYNXMPEH2N0W4,reuters.com,English,United States,2021-03-24 21:30:00+00:00,GME
https://isp.netscape.com/pf/story/0002/20210324/KBN2BG1E7_7,,GameStop tumbles 34 % as Reddit darling mulls share sale - Netscape Money & Business,20210324T214500Z,,isp.netscape.com,English,United States,2021-03-24 21:45:00+00:00,GME
https://www.metro.us/gamestop-tumbles-34-as/,https://www.metro.us/gamestop-tumbles-34-as/amp/,GameStop tumbles 34 % as Reddit darling mulls share sale,20210324T224500Z,https://www.metro.us/wp-content/uploads/Reuters_Direct_Media/USOnlineReportBusinessNews/tagreuters.com2021binary_LYNXMPEH2N0W4-BASEIMAGE.jpg,metro.us,English,United States,2021-03-24 22:45:00+00:00,GME
https://www.oann.com/gamestop-tumbles-as-reddit-darling-mulls-share-sale/,,GameStop tumbles as Reddit darling mulls share sale,20210325T030000Z,https://dzm0ugdauank9.cloudfront.net/wp-content/uploads/2021/03/2021-03-24T170635Z_2_LYNXMPEH2N0W4_RTROPTP_0_GAMESTOP-ACTIVIST-STOCKS_1.jpg,oann.com,English,United States,2021-03-25 03:00:00+00:00,GME
https://brownpoliticalreview.org/2021/03/how-to-reform-the-broken-brokerage-industry/,,How to Reform the Broken Brokerage Industry - Brown Political Review,20210325T050000Z,https://brownpoliticalreview.org/wp-content/uploads/2021/03/30420732493_70283f38e6_b.jpg,brownpoliticalreview.org,English,United States,2021-03-25 05:00:00+00:00,GME
https://www.fool.com.au/2021/03/25/airtasker-asxart-share-price-insanity-is-this-the-asxs-gamestop/,https://www.fool.com.au/2021/03/25/airtasker-asxart-share-price-insanity-is-this-the-asxs-gamestop/amp/,Airtasker ( ASX : ART ) share price insanity : Is this the ASX GameStop ? ,20210325T053000Z,https://www.fool.com.au/wp-content/uploads/2021/03/rocket-3.jpg,fool.com.au,English,Australia,2021-03-25 05:30:00+00:00,GME
https://www.benzinga.com/news/21/03/20332056/buying-gamestop-stock-at-present-levels-is-taking-your-life-in-your-hands-says-cramer,https://amp.benzinga.com/amp/content/20332056,"Gamestop Corporation ( NYSE : GME ), ( AMC ) - Buying GameStop Stock At Present Levels Is  Taking Your Life In Your Hands , Says Cramer",20210325T081500Z,,benzinga.com,English,United States,2021-03-25 08:15:00+00:00,GME
https://www.marketwatch.com/story/how-individual-investors-poured-money-into-stocks-as-a-pandemic-crash-turned-into-a-bull-market-11616682298,https://www.marketwatch.com/amp/story/how-individual-investors-poured-money-into-stocks-as-a-pandemic-crash-turned-into-a-bull-market-11616682298,How individual investors poured money into stocks as a pandemic crash turned into a bull market,20210325T144500Z,https://images.mktw.net/im-316092/social,marketwatch.com,English,United States,2021-03-25 14:45:00+00:00,GME
https://www.benzinga.com/markets/penny-stocks/21/03/20351909/penny-stocks-are-now-the-main-focus-for-reddit-investors,https://amp.benzinga.com/amp/content/20351909," ( AABB ), BlackBerry ( NASDAQ : BB ) - Penny Stocks Are Now The Main Focus For Reddit Investors",20210326T011500Z,,benzinga.com,English,United States,2021-03-26 01:15:00+00:00,GME
https://investorplace.com/2021/03/7-red-hot-reddit-penny-stocks-generating-buzz-today-visl-eeenf-stock-gnus/,https://investorplace.com/2021/03/7-red-hot-reddit-penny-stocks-generating-buzz-today-visl-eeenf-stock-gnus/amp/,7 Red - Hot Reddit Penny Stocks Generating Buzz Today,20210326T020000Z,https://investorplace.com/wp-content/uploads/2019/07/penny-stocks-man-figurine.jpg,investorplace.com,English,United States,2021-03-26 02:00:00+00:00,GME
https://www.marketwatch.com/story/gamestops-53-surge-fueled-by-a-buy-sell-ratio-of-3-to-1-as-meme-stock-crowd-emboldened-11616723387,https://www.marketwatch.com/amp/story/gamestops-53-surge-fueled-by-a-buy-sell-ratio-of-3-to-1-as-meme-stock-crowd-emboldened-11616723387,"GameStop 53 % surge fueled by a buy / sell ratio of 3 - to - 1 , as  meme  stock crowd emboldened",20210326T021500Z,https://images.mktw.net/im-316945/social,marketwatch.com,English,United States,2021-03-26 02:15:00+00:00,GME
https://investorplace.com/2021/03/what-will-the-stock-market-do-today-3-big-stories-gme-stock-nio-stock-wework-ipo/,https://investorplace.com/2021/03/what-will-the-stock-market-do-today-3-big-stories-gme-stock-nio-stock-wework-ipo/amp/,What Will the Stock Market Do Today ? 3 Big Stories to Watch . ,20210326T161500Z,https://investorplace.com/wp-content/uploads/2019/07/wall-street-sign-american-flags.jpg,investorplace.com,English,United States,2021-03-26 16:15:00+00:00,GME
https://investorplace.com/2021/03/zom-stock-knowns-and-unknowns/,https://investorplace.com/2021/03/zom-stock-knowns-and-unknowns/amp/,"ZOM Stock and its Knowns , Known Unknowns , and Unknown Unknowns",20210326T201500Z,https://investorplace.com/wp-content/uploads/2021/01/veterinarian-zom-1600-1024x576.jpg,investorplace.com,English,United States,2021-03-26 20:15:00+00:00,GME
https://www.benzinga.com/markets/cryptocurrency/21/03/20370289/if-you-had-to-choose-one-asset-to-spend-your-stimulus-check-on-which-would-it-be,https://amp.benzinga.com/amp/content/20370289,"Gamestop Corp . ( GME ), Tesla Motors ( TSLA ) - If You Had To Choose One Asset To Spend Your Stimulus Check On , Which Would It Be ? ",20210327T130000Z,,benzinga.com,English,United States,2021-03-27 13:00:00+00:00,GME
https://www.crowdfundinsider.com/2021/03/173659-digital-asset-exchange-decoin-is-supporting-trading-gamestop-gme-stock-using-cryptocurrencies/,https://www.crowdfundinsider.com/2021/03/173659-digital-asset-exchange-decoin-is-supporting-trading-gamestop-gme-stock-using-cryptocurrencies/amp/,Digital Asset Exchange Decoin Is Supporting Trading GameStop ( GME ) Stock Using Cryptocurrencies,20210327T161500Z,https://www.crowdfundinsider.com/wp-content/uploads/2021/02/GameStop-power-to-the-players.png,crowdfundinsider.com,English,United Kingdom,2021-03-27 16:15:00+00:00,GME
https://www.fool.com/investing/2021/03/27/5-stocks-turned-200000-into-1-million-in-3-months/?source=iedfolrf0000001,https://www.fool.com/amp/investing/2021/03/27/5-stocks-turned-200000-into-1-million-in-3-months/,"5 High - Flying Stocks That Turned $200 , 000 Into More Than $1 Million in 3 Months",20210327T183000Z,https://g.foolcdn.com/editorial/images/619295/stack-of-one-hundred-dollar-bills-cash-money-stimulus-invest-retire-getty.jpg,fool.com,English,United States,2021-03-27 18:30:00+00:00,GME
https://www.fool.com/investing/2021/03/27/5-stocks-turned-200000-into-1-million-in-3-months/,https://www.fool.com/amp/investing/2021/03/27/5-stocks-turned-200000-into-1-million-in-3-months/,"5 High - Flying Stocks That Turned $200 , 000 Into More Than $1 Million in 3 Months",20210327T191500Z,https://g.foolcdn.com/editorial/images/619295/stack-of-one-hundred-dollar-bills-cash-money-stimulus-invest-retire-getty.jpg,fool.com,English,United States,2021-03-27 19:15:00+00:00,GME
https://www.fool.com/investing/2021/03/28/could-amc-gamestop-or-sundial-shares-fall-to-0/?source=iedfolrf0000001,https://www.fool.com/amp/investing/2021/03/28/could-amc-gamestop-or-sundial-shares-fall-to-0/,"Could AMC , GameStop , or Sundial Shares Fall to $0 ? ",20210328T110000Z,https://g.foolcdn.com/editorial/images/619312/burn-money-dividend-investment-loss-cash-getty.jpg,fool.com,English,United States,2021-03-28 11:00:00+00:00,GME
https://www.fool.com/investing/2021/03/28/could-amc-gamestop-or-sundial-shares-fall-to-0/,https://www.fool.com/amp/investing/2021/03/28/could-amc-gamestop-or-sundial-shares-fall-to-0/,"Could AMC , GameStop , or Sundial Shares Fall to $0 ? ",20210328T131500Z,https://g.foolcdn.com/editorial/images/619312/burn-money-dividend-investment-loss-cash-getty.jpg,fool.com,English,United States,2021-03-28 13:15:00+00:00,GME
https://www.etftrends.com/etf-building-blocks-channel/introducing-neverland-where-well-crush-wall-street/,https://www.etftrends.com/etf-building-blocks-channel/introducing-neverland-where-well-crush-wall-street/amp/,Introducing Neverland … where well crush Wall Street,20210328T134500Z,https://www.etftrends.com/wp-content/uploads/2021/03/Introducing-Neverland%E2%80%A6-where-we%E2%80%99ll-crush-Wall-Street.png,etftrends.com,English,China,2021-03-28 13:45:00+00:00,GME
https://www.fool.com/investing/2021/03/29/when-will-amc-entertainment-gamestop-be-profitable/,https://www.fool.com/amp/investing/2021/03/29/when-will-amc-entertainment-gamestop-be-profitable/,When Will AMC Entertainment and GameStop Be Profitable ? ,20210329T130000Z,https://g.foolcdn.com/editorial/images/619453/accountant-running-numbers-taxes-getty.jpg,fool.com,English,United States,2021-03-29 13:00:00+00:00,GME
https://investorplace.com/2021/03/naked-brand-stock-falls-bellow-1-as-fundamentals-pull-it-back-down-to-earth/,https://investorplace.com/2021/03/naked-brand-stock-falls-bellow-1-as-fundamentals-pull-it-back-down-to-earth/amp/,NAKD Stock Falls Bellow $1 as Fundamentals Pull It Back Down to Earth,20210329T134500Z,https://investorplace.com/wp-content/uploads/2019/11/nakd1600.jpg,investorplace.com,English,United States,2021-03-29 13:45:00+00:00,GME
https://www.fool.com/investing/2021/03/29/when-will-amc-entertainment-gamestop-be-profitable/?source=iedfolrf0000001,https://www.fool.com/amp/investing/2021/03/29/when-will-amc-entertainment-gamestop-be-profitable/,When Will AMC Entertainment and GameStop Be Profitable ? ,20210329T141500Z,https://g.foolcdn.com/editorial/images/619453/accountant-running-numbers-taxes-getty.jpg,fool.com,English,United States,2021-03-29 14:15:00+00:00,GME
https://www.benzinga.com/news/21/03/20395803/gamestop-retail-investors-take-archegos-fallout-as-opportunity-to-hit-back-at-wall-street,https://amp.benzinga.com/amp/content/20395803,"Gamestop Corporation ( NYSE : GME ), Baidu , Inc . ( NASDAQ : BIDU ) - GameStop Retail Investors Take Archegos Fallout As Opportunity To Hit Back At Wall Street",20210330T080000Z,,benzinga.com,English,United States,2021-03-30 08:00:00+00:00,GME
http://www.proactiveinvestors.co.uk/companies/news/945305/reddits-retail-trader-netizens-gloat-over-archegos-implosion-945305.html,https://www.proactiveinvestors.co.uk/companies/amp/news/945305,Reddit retail trader netizens gloat over Archegos Capital Management implosion,20210330T114500Z,https://www.proactiveinvestors.co.uk/thumbs/upload/News/Image/2021_03/1200z630_1617100369_2021-03-30-11-32-49_6800eee5403bbbe4221ab158011dc2b8.jpg,proactiveinvestors.co.uk,English,United Kingdom,2021-03-30 11:45:00+00:00,GME
http://www.proactiveinvestors.com/companies/news/945305/reddits-retail-trader-netizens-gloat-over-archegos-implosion-945305.html,https://www.proactiveinvestors.com/companies/amp/news/945305,Reddit retail trader netizens gloat over Archegos Capital Management implosion,20210330T114500Z,https://www.proactiveinvestors.com/thumbs/upload/News/Image/2021_03/1200z630_1617100369_2021-03-30-11-32-49_6800eee5403bbbe4221ab158011dc2b8.jpg,proactiveinvestors.com,English,United States,2021-03-30 11:45:00+00:00,GME
https://www.fxstreet.com/news/gme-stock-forecast-gamestop-corp-stuck-at-key-resistance-level-202103301035,https://www.fxstreet.com/amp/news/gme-stock-forecast-gamestop-corp-stuck-at-key-resistance-level-202103301035,GME Stock forecast : GameStop Corp stuck at key resistance level,20210330T120000Z,https://editorial.fxstreet.com/images/Markets/Equities/stock-market-research-9338010_Large.jpg,fxstreet.com,English,China,2021-03-30 12:00:00+00:00,GME
https://investorplace.com/2021/03/gme-stock-one-big-gamestop-catalyst-is-coming-on-april-5/,https://investorplace.com/2021/03/gme-stock-one-big-gamestop-catalyst-is-coming-on-april-5/amp/,GME Stock : One Big GameStop Catalyst Is Coming on April 5,20210330T161500Z,https://investorplace.com/wp-content/uploads/2021/02/gamestop-reddit-bubble.jpg,investorplace.com,English,United States,2021-03-30 16:15:00+00:00,GME
https://www.forbes.com/sites/jonathanponciano/2021/03/30/gamestop-executive-shakeup-here-are-the-amazon-veterans-tapped-to-lead-the-firms-digital-transformation/,https://www.forbes.com/sites/jonathanponciano/2021/03/30/gamestop-executive-shakeup-here-are-the-amazon-veterans-tapped-to-lead-the-firms-digital-transformation/amp/,GameStop Executive Shakeup : Here Are The Amazon Veterans Tapped To Lead The Firm Digital Transformation,20210330T174500Z,https://thumbor.forbes.com/thumbor/fit-in/1200x0/filters%3Aformat%28jpg%29/https%3A%2F%2Fspecials-images.forbesimg.com%2Fimageserve%2F60186cfa3f1bf1c418f144b1%2F0x0.jpg%3FcropX1%3D0%26cropX2%3D3444%26cropY1%3D256%26cropY2%3D2194,forbes.com,English,United States,2021-03-30 17:45:00+00:00,GME
https://www.benzinga.com/news/earnings/21/03/20416275/can-chewys-earnings-beat-fuel-gamestop-stock,https://amp.benzinga.com/amp/content/20416275," ( CHWY ), Gamestop Corporation ( NYSE : GME ) - Can Chewy Earnings Beat Fuel GameStop Stock ? ",20210331T044500Z,,benzinga.com,English,United States,2021-03-31 04:45:00+00:00,GME
https://www.benzinga.com/news/earnings/21/03/20416455/blackberry-suffers-fallout-of-global-chip-shortage-as-it-misses-q4-earnings,https://amp.benzinga.com/amp/content/20416455,"BlackBerry ( NASDAQ : BB ), ( AMC ) - BlackBerry Suffers Fallout Of Global Chip Shortage As It Misses On Q4 Earnings",20210331T054500Z,,benzinga.com,English,United States,2021-03-31 05:45:00+00:00,GME
https://www.fxstreet.com/news/gme-stock-forecast-gamestop-corp-has-a-good-day-in-a-bad-market-but-fails-to-hold-above-resistance-202103310930,https://www.fxstreet.com/amp/news/gme-stock-forecast-gamestop-corp-has-a-good-day-in-a-bad-market-but-fails-to-hold-above-resistance-202103310930,GME Stock Forecast : GameStop Corp has a good day in a bad market but fails to hold above resistance,20210331T101500Z,https://editorial.fxstreet.com/images/Markets/Equities/list-of-stock-market-indices-21508951_Large.jpg,fxstreet.com,English,China,2021-03-31 10:15:00+00:00,GME
https://finance.yahoo.com/news/chewys-earnings-beat-fuel-gamestop-041337584.html,https://finance.yahoo.com/amphtml/news/chewys-earnings-beat-fuel-gamestop-041337584.html,Can Chewy Earnings Beat Fuel GameStop Stock ? ,20210331T111500Z,https://s.yimg.com/uu/api/res/1.2/d5TjWOpC6TOyHKxNSliTnQ--~B/aD00MDA7dz02MDA7YXBwaWQ9eXRhY2h5b24-/https://media.zenfs.com/en/Benzinga/5cafa771cd1e35aea356ec1d3521d4f5,finance.yahoo.com,English,United States,2021-03-31 11:15:00+00:00,GME
https://www.fool.com/investing/2021/03/31/3-stocks-to-avoid-at-all-costs/?source=iedfolrf0000001,https://www.fool.com/amp/investing/2021/03/31/3-stocks-to-avoid-at-all-costs/,3 Bad Growth Stories to Avoid at All Costs,20210331T121500Z,https://g.foolcdn.com/editorial/images/619383/gettyimages-1215381883.jpg,fool.com,English,United States,2021-03-31 12:15:00+00:00,GME
https://www.fool.com/investing/2021/03/31/the-3-most-dangerous-reddit-stocks/?source=iedfolrf0000001,https://www.fool.com/amp/investing/2021/03/31/the-3-most-dangerous-reddit-stocks/,The 3 Most Dangerous Reddit Stocks | The Motley Fool,20210331T121500Z,https://g.foolcdn.com/editorial/images/619609/man-worried-about-sinking-stock-market-chart-getty.jpg,fool.com,English,United States,2021-03-31 12:15:00+00:00,GME
https://www.investors.com/market-trend/stock-market-today/dow-jones-stock-market-rally-biden-spending-plan-apple-stock-tesla-stock-lululemon-earnings/,,"Dow Jones Futures Fall Ahead Of Biden Plan ; Apple , Tesla Stock Set To Rally",20210331T123000Z,https://www.investors.com/wp-content/uploads/2021/01/Stock-biden-08-shutt.jpg,investors.com,English,United States,2021-03-31 12:30:00+00:00,GME
https://www.fool.com/investing/2021/03/31/the-3-most-dangerous-reddit-stocks/,https://www.fool.com/amp/investing/2021/03/31/the-3-most-dangerous-reddit-stocks/,The 3 Most Dangerous Reddit Stocks | The Motley Fool,20210331T124500Z,https://g.foolcdn.com/editorial/images/619609/man-worried-about-sinking-stock-market-chart-getty.jpg,fool.com,English,United States,2021-03-31 12:45:00+00:00,GME
https://www.fool.com/investing/2021/03/31/what-to-make-of-gamestops-latest-report/?source=iedfolrf0000001,https://www.fool.com/amp/investing/2021/03/31/what-to-make-of-gamestops-latest-report/,What to Make of GameStop Latest Report,20210331T193000Z,https://g.foolcdn.com/editorial/images/619856/cover_mf.jpg,fool.com,English,United States,2021-03-31 19:30:00+00:00,GME
https://www.wyff4.com/article/wyff-news-4-investigates-what-to-consider-before-putting-your-stimulus-check-in-the-stock-market-gamestop/35995350,https://www.wyff4.com/amp/article/wyff-news-4-investigates-what-to-consider-before-putting-your-stimulus-check-in-the-stock-market-gamestop/35995350,WYFF News 4 Investigates : What to consider before putting your stimulus check in the stock market,20210331T233000Z,"https://kubrick.htvapps.com/htv-prod-media.s3.amazonaws.com/images/stock-png-1617218562.png?crop=0.978xw:0.983xh;0.00321xw,0",wyff4.com,English,United States,2021-03-31 23:30:00+00:00,GME
